mechanism,seed,final_reserve,average_reserve,liquidity_crisis,time_to_crisis,steps_survived,total_withdrawal,average_reward,social_welfare,reward_inequality_gini,total_messages,total_rounds,wall_time_seconds,debate_override_rate,reward_per_department,reward_profit,reward_sustainability,reward_balanced,reward_risk_averse,composition,scale,reward_free_rider
independent,0,1.0976743872556263,36.600500703306615,True,14.0,15,137.0,13.416408902382788,67.08204451191394,0.7927004010870344,0,0,0.01353785399987828,0.0,"{'Growth Department': 36.0, 'Trading/Opportunity Team': 34.0, 'Compliance Department': -14.0, 'Operations Department': 1.0600910241688215, 'Risk Department': 10.021953487745112}",35.0,-14.0,1.0600910241688215,10.021953487745112,standard,standard,
independent,1,0.735273892305063,40.002073924466245,True,21.0,22,206.0,25.621175302843803,128.105876514219,0.5117917567050381,0,0,0.0006448929998441599,0.0,"{'Growth Department': 54.0, 'Trading/Opportunity Team': 51.0, 'Compliance Department': -8.0, 'Operations Department': 11.091171036372913, 'Risk Department': 20.014705477846107}",52.5,-8.0,11.091171036372913,20.014705477846107,standard,standard,
independent,2,0.0,46.52796104765699,True,24.0,25,245.0,37.39003303395859,186.95016516979294,0.31666192937691734,0,0,0.00063901500107022,0.0,"{'Growth Department': 62.0, 'Trading/Opportunity Team': 67.0, 'Compliance Department': 13.0, 'Operations Department': 22.950165169792932, 'Risk Department': 22.000000000000004}",64.5,13.0,22.950165169792932,22.000000000000004,standard,standard,
independent,3,3.380237681554563,43.535320900813275,True,24.0,25,241.0,35.02909780507126,175.1454890253563,0.35840465231428115,0,0,0.0006028429997968487,0.0,"{'Growth Department': 66.0, 'Trading/Opportunity Team': 61.0, 'Compliance Department': 8.0, 'Operations Department': 20.07788427172522, 'Risk Department': 20.067604753631095}",63.5,8.0,20.07788427172522,20.067604753631095,standard,standard,
independent,4,4.129588827017352,41.709043888534886,True,24.0,25,237.0,33.826792633206516,169.13396316603257,0.3853717504403232,0,0,0.000688825995894149,0.0,"{'Growth Department': 61.0, 'Trading/Opportunity Team': 65.0, 'Compliance Department': 7.0, 'Operations Department': 14.051371389492209, 'Risk Department': 22.082591776540355}",63.0,7.0,14.051371389492209,22.082591776540355,standard,standard,
independent,5,4.0166061409676175,46.99210511167708,True,15.0,16,159.0,22.558947748153365,112.79473874076683,0.3649803848164167,0,0,0.00039032899803714827,0.0,"{'Growth Department': 41.0, 'Trading/Opportunity Team': 41.0, 'Compliance Department': 5.0, 'Operations Department': 15.714406617947468, 'Risk Department': 10.080332122819351}",41.0,5.0,15.714406617947468,10.080332122819351,standard,standard,
independent,6,4.043284633243145,41.28344285354797,True,24.0,25,242.0,34.76142628831765,173.80713144158827,0.3964710373439953,0,0,0.0005173470053705387,0.0,"{'Growth Department': 66.0, 'Trading/Opportunity Team': 67.0, 'Compliance Department': 7.0, 'Operations Department': 13.726265748923385, 'Risk Department': 20.080865692664865}",66.5,7.0,13.726265748923385,20.080865692664865,standard,standard,
independent,7,0.0,42.85058558761021,True,18.0,19,179.0,22.01707737038554,110.0853868519277,0.5265534955806342,0,0,0.00039772799937054515,0.0,"{'Growth Department': 48.0, 'Trading/Opportunity Team': 45.0, 'Compliance Department': -7.0, 'Operations Department': 10.085386851927701, 'Risk Department': 13.999999999999996}",46.5,-7.0,10.085386851927701,13.999999999999996,standard,standard,
independent,8,0.059775138912479875,40.181394674181476,True,22.0,23,221.0,29.61686625002155,148.08433125010774,0.46167440622465233,0,0,0.0007737439955235459,0.0,"{'Growth Department': 57.0, 'Trading/Opportunity Team': 60.0, 'Compliance Department': -3.0, 'Operations Department': 12.08313574732949, 'Risk Department': 22.001195502778252}",58.5,-3.0,12.08313574732949,22.001195502778252,standard,standard,
independent,9,0.6615724463162564,41.49007713610823,True,23.0,24,229.0,31.217992077683174,156.08996038841588,0.4380122094596812,0,0,0.0007209070026874542,0.0,"{'Growth Department': 63.0, 'Trading/Opportunity Team': 60.0, 'Compliance Department': 0.0, 'Operations Department': 15.076728939489566, 'Risk Department': 18.013231448926323}",61.5,0.0,15.076728939489566,18.013231448926323,standard,standard,
independent,10,0.2553595081780653,40.44250412710081,True,23.0,24,230.0,31.214376795628688,156.07188397814343,0.4278367607464718,0,0,0.0005141259971424006,0.0,"{'Growth Department': 60.0, 'Trading/Opportunity Team': 62.0, 'Compliance Department': 3.0, 'Operations Department': 11.066776787979876, 'Risk Department': 20.005107190163564}",61.0,3.0,11.066776787979876,20.005107190163564,standard,standard,
independent,11,0.0,41.01507121726889,True,23.0,24,227.0,31.10507396843198,155.5253698421599,0.4590238373044115,0,0,0.0005372939995140769,0.0,"{'Growth Department': 62.0, 'Trading/Opportunity Team': 62.0, 'Compliance Department': -4.0, 'Operations Department': 15.5253698421599, 'Risk Department': 20.0}",62.0,-4.0,15.5253698421599,20.0,standard,standard,
independent,12,1.321544045796962,40.86226274734026,True,26.0,27,254.0,34.68419286333398,173.4209643166699,0.4650082932213677,0,0,0.0008924530047806911,0.0,"{'Growth Department': 70.0, 'Trading/Opportunity Team': 69.0, 'Compliance Department': -3.0, 'Operations Department': 13.394533435753976, 'Risk Department': 24.02643088091594}",69.5,-3.0,13.394533435753976,24.02643088091594,standard,standard,
independent,13,1.8665097445770567,40.43688111362326,True,23.0,24,233.0,33.14175142008229,165.70875710041145,0.391656433433025,0,0,0.0007850900001358241,0.0,"{'Growth Department': 62.0, 'Trading/Opportunity Team': 62.0, 'Compliance Department': 4.0, 'Operations Department': 15.747748013583498, 'Risk Department': 21.961009086827943}",62.0,4.0,15.747748013583498,21.961009086827943,standard,standard,
independent,14,0.0,45.35884006548338,True,19.0,20,193.0,25.07473869750782,125.37369348753909,0.43390282671545305,0,0,0.0007689029953326099,0.0,"{'Growth Department': 49.0, 'Trading/Opportunity Team': 47.0, 'Compliance Department': -3.0, 'Operations Department': 17.373693487539086, 'Risk Department': 14.999999999999996}",48.0,-3.0,17.373693487539086,14.999999999999996,standard,standard,
independent,15,0.16830714862322615,40.15892165227322,True,26.0,27,255.0,36.13698885934331,180.68494429671657,0.3947609969172099,0,0,0.00075970000034431,0.0,"{'Growth Department': 68.0, 'Trading/Opportunity Team': 67.0, 'Compliance Department': 4.0, 'Operations Department': 16.6815781537441, 'Risk Department': 25.003366142972464}",67.5,4.0,16.6815781537441,25.003366142972464,standard,standard,
independent,16,1.1031970094886834,41.85741563699512,True,22.0,23,221.0,33.29337465823211,166.46687329116054,0.33773072834288786,0,0,0.0007214549987111241,0.0,"{'Growth Department': 58.0, 'Trading/Opportunity Team': 62.0, 'Compliance Department': 13.0, 'Operations Department': 15.447554096032741, 'Risk Department': 18.019319195127807}",60.0,13.0,15.447554096032741,18.019319195127807,standard,standard,
independent,17,3.6045122711471453,39.37625026553337,True,17.0,18,174.0,21.83981918746524,109.19909593732619,0.48671829438719155,0,0,0.0005667099976562895,0.0,"{'Growth Department': 46.0, 'Trading/Opportunity Team': 45.0, 'Compliance Department': 0.0, 'Operations Department': 4.127005691903253, 'Risk Department': 14.072090245422944}",45.5,0.0,4.127005691903253,14.072090245422944,standard,standard,
independent,18,0.0,43.62355315624375,True,20.0,21,193.0,24.645917893427534,123.22958946713767,0.48615080576180103,0,0,0.0005799350037705153,0.0,"{'Growth Department': 52.0, 'Trading/Opportunity Team': 48.0, 'Compliance Department': -5.0, 'Operations Department': 12.229589467137675, 'Risk Department': 16.0}",50.0,-5.0,12.229589467137675,16.0,standard,standard,
independent,19,0.0,46.067298064873064,True,22.0,23,223.0,33.05664635521873,165.28323177609366,0.33086663844790765,0,0,0.0006693929972243495,0.0,"{'Growth Department': 55.0, 'Trading/Opportunity Team': 60.0, 'Compliance Department': 10.0, 'Operations Department': 18.283231776093672, 'Risk Department': 21.999999999999996}",57.5,10.0,18.283231776093672,21.999999999999996,standard,standard,
voting,0,2.9096896099212577,36.24670609239421,True,9.0,10,110.0,10.249970420220414,51.24985210110207,0.40435895572063335,50,10,0.0005310089982231148,1.0,"{'Growth Department': 17.0, 'Trading/Opportunity Team': 17.0, 'Compliance Department': -3.0, 'Operations Department': 5.191658308903646, 'Risk Department': 15.058193792198423}",17.0,-3.0,5.191658308903646,15.058193792198423,standard,standard,
voting,1,0.0,34.25805233189058,True,21.0,22,205.0,25.32820347740131,126.64101738700656,0.2446736912652689,110,22,0.000746548997994978,1.0,"{'Growth Department': 36.0, 'Trading/Opportunity Team': 36.0, 'Compliance Department': 11.0, 'Operations Department': 9.767843512914984, 'Risk Department': 33.87317387409158}",36.0,11.0,9.767843512914984,33.87317387409158,standard,standard,
voting,2,0.0,35.17863912769927,True,22.0,23,230.0,29.19284145039611,145.96420725198055,0.23764059788045716,115,23,0.0007453149955836125,1.0,"{'Growth Department': 41.0, 'Trading/Opportunity Team': 41.0, 'Compliance Department': 11.0, 'Operations Department': 14.282446298730964, 'Risk Department': 38.68176095324961}",41.0,11.0,14.282446298730964,38.68176095324961,standard,standard,
voting,3,3.837859794820334,35.29659411417006,True,24.0,25,230.0,32.0000028255813,160.0000141279065,0.17665919995844845,125,25,0.0008052560006035492,1.0,"{'Growth Department': 41.0, 'Trading/Opportunity Team': 41.0, 'Compliance Department': 26.0, 'Operations Department': 13.16815688852947, 'Risk Department': 38.83185723937702}",41.0,26.0,13.16815688852947,38.83185723937702,standard,standard,
voting,4,1.0845229705214052,37.16683626002199,True,30.0,31,270.0,36.60601725232968,183.0300862616484,0.1943925937906183,155,31,0.0010623490015859716,1.0,"{'Growth Department': 49.0, 'Trading/Opportunity Team': 49.0, 'Compliance Department': 19.0, 'Operations Department': 20.050766974693868, 'Risk Department': 45.97931928695453}",49.0,19.0,20.050766974693868,45.97931928695453,standard,standard,
voting,5,1.9586233546728238,35.45916553880838,True,14.0,15,155.0,17.077845150916744,85.38922575458372,0.31639610195369555,75,15,0.00045446799776982516,1.0,"{'Growth Department': 26.0, 'Trading/Opportunity Team': 26.0, 'Compliance Department': 1.0, 'Operations Department': 8.457954556013995, 'Risk Department': 23.931271198569725}",26.0,1.0,8.457954556013995,23.931271198569725,standard,standard,
voting,6,2.367398052861308,34.15274063342771,True,62.0,63,465.0,67.30366827246006,336.5183413623003,0.19461463669391516,315,63,0.0031767370019224472,1.0,"{'Growth Department': 88.0, 'Trading/Opportunity Team': 88.0, 'Compliance Department': 53.0, 'Operations Department': 23.63575656867128, 'Risk Department': 83.88258479362902}",88.0,53.0,23.63575656867128,83.88258479362902,standard,standard,
voting,7,2.451245447696671,36.17485651598059,True,18.0,19,170.0,18.474547338830966,92.37273669415484,0.3487419187954819,95,19,0.0008924829962779768,1.0,"{'Growth Department': 29.0, 'Trading/Opportunity Team': 29.0, 'Compliance Department': -1.0, 'Operations Department': 8.464386402226559, 'Risk Department': 26.90835029192828}",29.0,-1.0,8.464386402226559,26.90835029192828,standard,standard,
voting,8,0.0,33.003631556018206,True,38.0,39,325.0,45.59441513294288,227.9720756647144,0.1986144750313345,195,39,0.0015033620002213866,1.0,"{'Growth Department': 60.0, 'Trading/Opportunity Team': 60.0, 'Compliance Department': 35.0, 'Operations Department': 15.901807337561358, 'Risk Department': 57.07026832715303}",60.0,35.0,15.901807337561358,57.07026832715303,standard,standard,
voting,9,4.635678687043248,38.796388926838006,True,15.0,16,175.0,21.349245330660274,106.74622665330138,0.2484058260114958,80,16,0.0006668740024906583,1.0,"{'Growth Department': 30.0, 'Trading/Opportunity Team': 30.0, 'Compliance Department': 5.0, 'Operations Department': 13.709038486440814, 'Risk Department': 28.037188166860563}",30.0,5.0,13.709038486440814,28.037188166860563,standard,standard,
voting,10,4.036559334314967,34.9755364004612,True,20.0,21,200.0,21.653547957909975,108.26773978954988,0.38646987064980837,105,21,0.0008364759996766225,1.0,"{'Growth Department': 35.0, 'Trading/Opportunity Team': 35.0, 'Compliance Department': -5.0, 'Operations Department': 10.394451519963845, 'Risk Department': 32.87328826958604}",35.0,-5.0,10.394451519963845,32.87328826958604,standard,standard,
voting,11,2.9598527688443577,33.93236727082754,True,32.0,33,265.0,33.370797171634386,166.85398585817194,0.2524735090377188,165,33,0.000891966003109701,1.0,"{'Growth Department': 48.0, 'Trading/Opportunity Team': 48.0, 'Compliance Department': 13.0, 'Operations Department': 12.842235866821778, 'Risk Department': 45.01174999135014}",48.0,13.0,12.842235866821778,45.01174999135014,standard,standard,
voting,12,2.5085905933392496,37.410353573471355,True,16.0,17,190.0,25.99303748887213,129.96518744436065,0.15602136833167304,85,17,0.0007036719980533235,1.0,"{'Growth Department': 33.0, 'Trading/Opportunity Team': 33.0, 'Compliance Department': 18.0, 'Operations Department': 15.153317024310606, 'Risk Department': 30.811870420050035}",33.0,18.0,15.153317024310606,30.811870420050035,standard,standard,
voting,13,1.203233498950679,30.060898306241302,True,42.0,43,330.0,40.21259323361966,201.06296616809828,0.3123430259254098,215,43,0.0013443780044326559,1.0,"{'Growth Department': 61.0, 'Trading/Opportunity Team': 61.0, 'Compliance Department': 16.0, 'Operations Department': 4.999230931897321, 'Risk Department': 58.06373523620097}",61.0,16.0,4.999230931897321,58.06373523620097,standard,standard,
voting,14,4.833728353487015,48.41591835885856,True,14.0,15,170.0,25.87216501311918,129.3608250655959,0.0673267413878527,75,15,0.000732067994249519,1.0,"{'Growth Department': 29.0, 'Trading/Opportunity Team': 29.0, 'Compliance Department': 24.0, 'Operations Department': 20.613196481361715, 'Risk Department': 26.747628584234185}",29.0,24.0,20.613196481361715,26.747628584234185,standard,standard,
voting,15,0.0,34.806269017816916,True,20.0,21,210.0,25.00936433126764,125.0468216563382,0.2963336810634386,105,21,0.0007886070015956648,1.0,"{'Growth Department': 37.0, 'Trading/Opportunity Team': 37.0, 'Compliance Department': 2.0, 'Operations Department': 14.361037583234982, 'Risk Department': 34.68578407310322}",37.0,2.0,14.361037583234982,34.68578407310322,standard,standard,
voting,16,2.8914414525699534,33.38024599808665,True,27.0,28,240.0,29.07234476724191,145.36172383620953,0.28041879477106024,140,28,0.0008582730006310157,1.0,"{'Growth Department': 43.0, 'Trading/Opportunity Team': 43.0, 'Compliance Department': 8.0, 'Operations Department': 11.094601490016071, 'Risk Department': 40.267122346193474}",43.0,8.0,11.094601490016071,40.267122346193474,standard,standard,
voting,17,0.0,34.217706027395856,True,15.0,16,160.0,16.505344598975025,82.52672299487513,0.38897860161354264,80,16,0.0005617110000457615,1.0,"{'Growth Department': 27.0, 'Trading/Opportunity Team': 27.0, 'Compliance Department': -3.0, 'Operations Department': 6.74717673426321, 'Risk Department': 24.77954626061192}",27.0,-3.0,6.74717673426321,24.77954626061192,standard,standard,
voting,18,0.9966920589483408,35.640848931727206,True,23.0,24,205.0,26.113739753356064,130.56869876678033,0.22683241040122226,120,24,0.0016220199977396987,1.0,"{'Growth Department': 36.0, 'Trading/Opportunity Team': 36.0, 'Compliance Department': 16.0, 'Operations Department': 8.97848416972516, 'Risk Department': 33.590214597055166}",36.0,16.0,8.97848416972516,33.590214597055166,standard,standard,
voting,19,0.0,41.6773058635596,True,22.0,23,225.0,32.78161508951159,163.90807544755796,0.12724307606929966,115,23,0.0009392799984198064,1.0,"{'Growth Department': 40.0, 'Trading/Opportunity Team': 40.0, 'Compliance Department': 25.0, 'Operations Department': 21.429790359317337, 'Risk Department': 37.47828508824064}",40.0,25.0,21.429790359317337,37.47828508824064,standard,standard,
adaptive_voting,0,64.44087781724026,61.847384026896144,False,,100,630.0,124.12822094878038,620.6411047439019,0.010453712650055813,500,100,0.0028345500031718984,1.0,"{'Growth Department': 126.0, 'Trading/Opportunity Team': 126.0, 'Compliance Department': 126.0, 'Operations Department': 123.50221890731869, 'Risk Department': 119.13888583658326}",126.0,126.0,123.50221890731869,119.13888583658326,standard,standard,
adaptive_voting,1,59.640933385007955,63.42182584095147,False,,100,655.0,129.66816896051685,648.3408448025842,0.007850593627299141,500,100,0.0026492719989619218,1.0,"{'Growth Department': 131.0, 'Trading/Opportunity Team': 131.0, 'Compliance Department': 131.0, 'Operations Department': 130.4063408664809, 'Risk Department': 124.93450393610341}",131.0,131.0,130.4063408664809,124.93450393610341,standard,standard,
adaptive_voting,2,46.43137311971347,53.507809026826614,False,,100,680.0,129.79673949863556,648.9836974931778,0.03423461059697299,500,100,0.0028379799987305887,1.0,"{'Growth Department': 136.0, 'Trading/Opportunity Team': 136.0, 'Compliance Department': 136.0, 'Operations Department': 111.47204208816561, 'Risk Department': 129.51165540501222}",136.0,136.0,111.47204208816561,129.51165540501222,standard,standard,
adaptive_voting,3,47.34463040690768,64.16042510988649,False,,100,695.0,137.3533809339834,686.766904669917,0.008739641580101853,500,100,0.002793270999973174,1.0,"{'Growth Department': 139.0, 'Trading/Opportunity Team': 139.0, 'Compliance Department': 139.0, 'Operations Department': 137.5390508295619, 'Risk Department': 132.22785384035515}",139.0,139.0,137.5390508295619,132.22785384035515,standard,standard,
adaptive_voting,4,45.87939519691137,63.27241789292453,False,,100,695.0,137.4281085735848,687.1405428679241,0.008247411408448712,500,100,0.0025005739953485318,1.0,"{'Growth Department': 139.0, 'Trading/Opportunity Team': 139.0, 'Compliance Department': 139.0, 'Operations Department': 137.44891261698956, 'Risk Department': 132.69163025093454}",139.0,139.0,137.44891261698956,132.69163025093454,standard,standard,
adaptive_voting,5,51.74651444050992,62.978504709723765,False,,100,670.0,132.34826176123582,661.7413088061791,0.009029742939570795,500,100,0.0023785189987393096,1.0,"{'Growth Department': 134.0, 'Trading/Opportunity Team': 134.0, 'Compliance Department': 134.0, 'Operations Department': 132.4210023898954, 'Risk Department': 127.32030641628367}",134.0,134.0,132.4210023898954,127.32030641628367,standard,standard,
adaptive_voting,6,65.82019087557842,63.36200389709562,False,,100,685.0,135.54958335619102,677.7479167809552,0.008072828548222333,500,100,0.0028236939979251474,1.0,"{'Growth Department': 137.0, 'Trading/Opportunity Team': 137.0, 'Compliance Department': 137.0, 'Operations Department': 136.17419038962885, 'Risk Department': 130.57372639132626}",137.0,137.0,136.17419038962885,130.57372639132626,standard,standard,
adaptive_voting,7,47.61591045689018,61.45800143802005,False,,100,665.0,130.40043863711927,652.0021931855963,0.011980794843807985,500,100,0.0024723070018808357,1.0,"{'Growth Department': 133.0, 'Trading/Opportunity Team': 133.0, 'Compliance Department': 133.0, 'Operations Department': 126.53314765686638, 'Risk Department': 126.46904552872996}",133.0,133.0,126.53314765686638,126.46904552872996,standard,standard,
adaptive_voting,8,69.77341903161314,58.7505313784457,False,,100,700.0,136.2527271808558,681.263635904279,0.018230321523284944,500,100,0.0025031140030478127,1.0,"{'Growth Department': 140.0, 'Trading/Opportunity Team': 140.0, 'Compliance Department': 140.0, 'Operations Department': 127.68722628407828, 'Risk Department': 133.57640962020065}",140.0,140.0,127.68722628407828,133.57640962020065,standard,standard,
adaptive_voting,9,69.21848717513157,63.763413478657895,False,,100,675.0,133.7391219880258,668.695609940129,0.007525254405992499,500,100,0.002602505002869293,1.0,"{'Growth Department': 135.0, 'Trading/Opportunity Team': 135.0, 'Compliance Department': 135.0, 'Operations Department': 134.97148134268252, 'Risk Department': 128.72412859744645}",135.0,135.0,134.97148134268252,128.72412859744645,standard,standard,
adaptive_voting,10,69.21228268610464,63.40276330573924,False,,100,655.0,129.74509276109015,648.7254638054508,0.007510248821313325,500,100,0.0026246219931636006,1.0,"{'Growth Department': 131.0, 'Trading/Opportunity Team': 131.0, 'Compliance Department': 131.0, 'Operations Department': 130.631151735654, 'Risk Department': 125.09431206979689}",131.0,131.0,130.631151735654,125.09431206979689,standard,standard,
adaptive_voting,11,68.26123094784836,54.16015957069451,False,,100,690.0,132.55993910863782,662.799695543189,0.028453580690029946,500,100,0.0026067009966936894,1.0,"{'Growth Department': 138.0, 'Trading/Opportunity Team': 138.0, 'Compliance Department': 138.0, 'Operations Department': 118.05274291064723, 'Risk Department': 130.7469526325418}",138.0,138.0,118.05274291064723,130.7469526325418,standard,standard,
adaptive_voting,12,62.143231811319566,59.23449040928066,False,,100,675.0,132.23515485276758,661.1757742638379,0.012577862976763221,500,100,0.002694594004424289,1.0,"{'Growth Department': 135.0, 'Trading/Opportunity Team': 135.0, 'Compliance Department': 135.0, 'Operations Department': 128.03378000554738, 'Risk Department': 128.1419942582904}",135.0,135.0,128.03378000554738,128.1419942582904,standard,standard,
adaptive_voting,13,72.04378454852915,64.34807189973654,False,,100,685.0,135.50017297137006,677.5008648568503,0.008178302126656512,500,100,0.004064580003614537,1.0,"{'Growth Department': 137.0, 'Trading/Opportunity Team': 137.0, 'Compliance Department': 137.0, 'Operations Department': 135.85374662337682, 'Risk Department': 130.64711823347352}",137.0,137.0,135.85374662337682,130.64711823347352,standard,standard,
adaptive_voting,14,63.27794953349789,61.36371203150913,False,,100,675.0,132.98254430243838,664.9127215121919,0.010310236588440347,500,100,0.003076920998864807,1.0,"{'Growth Department': 135.0, 'Trading/Opportunity Team': 135.0, 'Compliance Department': 135.0, 'Operations Department': 131.96396169801972, 'Risk Department': 127.94875981417215}",135.0,135.0,131.96396169801972,127.94875981417215,standard,standard,
adaptive_voting,15,58.93585774447513,62.6181974298413,False,,100,695.0,136.78638205022955,683.9319102511478,0.010328341207800662,500,100,0.002808379998896271,1.0,"{'Growth Department': 139.0, 'Trading/Opportunity Team': 139.0, 'Compliance Department': 139.0, 'Operations Department': 134.5235258322373, 'Risk Department': 132.4083844189105}",139.0,139.0,134.5235258322373,132.4083844189105,standard,standard,
adaptive_voting,16,48.968298087235056,61.67243366561154,False,,100,685.0,134.84136122646194,674.2068061323097,0.010240316123503845,500,100,0.0034740210030577146,1.0,"{'Growth Department': 137.0, 'Trading/Opportunity Team': 137.0, 'Compliance Department': 137.0, 'Operations Department': 132.67383933315116, 'Risk Department': 130.53296679915852}",137.0,137.0,132.67383933315116,130.53296679915852,standard,standard,
adaptive_voting,17,64.42000392718866,62.96163477273612,False,,100,650.0,128.6328079652679,643.1640398263395,0.008478457882527124,500,100,0.0028660850002779625,1.0,"{'Growth Department': 130.0, 'Trading/Opportunity Team': 130.0, 'Compliance Department': 130.0, 'Operations Department': 129.96067771073785, 'Risk Department': 123.20336211560162}",130.0,130.0,129.96067771073785,123.20336211560162,standard,standard,
adaptive_voting,18,45.98389060177184,63.340388664850394,False,,100,640.0,125.97184552334689,629.8592276167344,0.010564298708864328,500,100,0.002604378001706209,1.0,"{'Growth Department': 128.0, 'Trading/Opportunity Team': 128.0, 'Compliance Department': 128.0, 'Operations Department': 124.35350779616324, 'Risk Department': 121.50571982057116}",128.0,128.0,124.35350779616324,121.50571982057116,standard,standard,
adaptive_voting,19,41.46276150162608,63.660178194839055,False,,100,665.0,131.12947970231912,655.6473985115956,0.009661407948083501,500,100,0.006646118003118318,1.0,"{'Growth Department': 133.0, 'Trading/Opportunity Team': 133.0, 'Compliance Department': 133.0, 'Operations Department': 130.1309894909917, 'Risk Department': 126.51640902060387}",133.0,133.0,130.1309894909917,126.51640902060387,standard,standard,
centralized_profit,0,2.67946208802344,35.40471607300207,True,20.0,21,173.0,20.331317670402107,101.65658835201054,0.5287827572379825,126,21,0.0005521310013136826,0.5714285714285714,"{'Growth Department': 43.0, 'Trading/Opportunity Team': 43.0, 'Compliance Department': -3.0, 'Operations Department': 0.6143722995432137, 'Risk Department': 18.04221605246733}",43.0,-3.0,0.6143722995432137,18.04221605246733,standard,standard,
centralized_profit,1,0.0,40.62232881553037,True,30.0,31,260.0,36.084798083188545,180.42399041594274,0.3936322232589166,186,31,0.0015893400050117634,0.45161290322580644,"{'Growth Department': 66.0, 'Trading/Opportunity Team': 67.0, 'Compliance Department': 4.0, 'Operations Department': 14.44825880831748, 'Risk Department': 28.975731607625235}",66.5,4.0,14.44825880831748,28.975731607625235,standard,standard,
centralized_profit,2,4.36799280113782,46.00519017927704,True,26.0,27,253.0,38.739322249801674,193.69661124900838,0.28702623044044484,162,27,0.0010521450021769851,0.25925925925925924,"{'Growth Department': 63.0, 'Trading/Opportunity Team': 66.0, 'Compliance Department': 16.0, 'Operations Department': 24.686631688736245, 'Risk Department': 24.009979560272143}",64.5,16.0,24.686631688736245,24.009979560272143,standard,standard,
centralized_profit,3,4.6812537321367795,42.225791637359784,True,34.0,35,302.0,45.494505570429126,227.47252785214562,0.31206968161281096,210,35,0.0012833930013584904,0.42857142857142855,"{'Growth Department': 78.0, 'Trading/Opportunity Team': 79.0, 'Compliance Department': 18.0, 'Operations Department': 22.531801643799056, 'Risk Department': 29.94072620834658}",78.5,18.0,22.531801643799056,29.94072620834658,standard,standard,
centralized_profit,4,0.0,40.9217727438087,True,31.0,32,277.0,38.71467342576815,193.57336712884074,0.37864253405971643,192,32,0.0008450890018139035,0.4375,"{'Growth Department': 68.0, 'Trading/Opportunity Team': 72.0, 'Compliance Department': 5.0, 'Operations Department': 18.76222435965984, 'Risk Department': 29.811142769180897}",70.0,5.0,18.76222435965984,29.811142769180897,standard,standard,
centralized_profit,5,4.917061732831513,43.39818158066858,True,18.0,19,170.0,21.817139960736096,109.08569980368048,0.4287645882804303,114,19,0.000485356998979114,0.3157894736842105,"{'Growth Department': 42.0, 'Trading/Opportunity Team': 42.0, 'Compliance Department': -2.0, 'Operations Department': 14.015912712699658, 'Risk Department': 13.069787090980817}",42.0,-2.0,14.015912712699658,13.069787090980817,standard,standard,
centralized_profit,6,0.030038631354407208,38.37698682080979,True,42.0,43,358.0,52.49832351418981,262.4916175709491,0.35562666301805274,258,43,0.0009454949977225624,0.5116279069767442,"{'Growth Department': 94.0, 'Trading/Opportunity Team': 95.0, 'Compliance Department': 17.0, 'Operations Department': 16.813727466290686, 'Risk Department': 39.677890104658374}",94.5,17.0,16.813727466290686,39.677890104658374,standard,standard,
centralized_profit,7,1.3586348737968894,42.18897089742885,True,22.0,23,195.0,24.60466332369594,123.02331661847971,0.4648847638362203,138,23,0.000482769995869603,0.43478260869565216,"{'Growth Department': 49.0, 'Trading/Opportunity Team': 49.0, 'Compliance Department': -3.0, 'Operations Department': 10.020836268673765, 'Risk Department': 18.002480349805953}",49.0,-3.0,10.020836268673765,18.002480349805953,standard,standard,
centralized_profit,8,4.877114043997773,39.08235395153434,True,29.0,30,264.0,36.99949552929593,184.99747764647964,0.4000464312142472,180,30,0.0006647659974987619,0.4,"{'Growth Department': 67.0, 'Trading/Opportunity Team': 70.0, 'Compliance Department': 4.0, 'Operations Department': 13.981048209720871, 'Risk Department': 30.016429436758767}",68.5,4.0,13.981048209720871,30.016429436758767,standard,standard,
centralized_profit,9,4.147230946617064,41.25062073575005,True,31.0,32,278.0,39.95759381606266,199.7879690803133,0.358811277556142,192,32,0.0007784949993947521,0.5,"{'Growth Department': 72.0, 'Trading/Opportunity Team': 72.0, 'Compliance Department': 9.0, 'Operations Department': 18.784558934864524, 'Risk Department': 28.003410145448786}",72.0,9.0,18.784558934864524,28.003410145448786,standard,standard,
centralized_profit,10,0.15088498284278362,38.50235782230046,True,36.0,37,313.0,44.39549266417689,221.97746332088445,0.369239309340359,222,37,0.000833751997561194,0.5135135135135135,"{'Growth Department': 80.0, 'Trading/Opportunity Team': 82.0, 'Compliance Department': 12.0, 'Operations Department': 15.09298688567939, 'Risk Department': 32.884476435205066}",81.0,12.0,15.09298688567939,32.884476435205066,standard,standard,
centralized_profit,11,0.0,40.814467533582295,True,29.0,30,259.0,37.752804540518724,188.76402270259362,0.35402994438932056,180,30,0.0009646539983805269,0.5,"{'Growth Department': 67.0, 'Trading/Opportunity Team': 68.0, 'Compliance Department': 9.0, 'Operations Department': 17.929708849740816, 'Risk Department': 26.834313852852794}",67.5,9.0,17.929708849740816,26.834313852852794,standard,standard,
centralized_profit,12,1.6951330572898158,39.91574345979454,True,48.0,49,416.0,63.94828141934433,319.7414070967217,0.3262115843157808,294,49,0.001308765000430867,0.4897959183673469,"{'Growth Department': 111.0, 'Trading/Opportunity Team': 111.0, 'Compliance Department': 22.0, 'Operations Department': 28.24162254905352, 'Risk Department': 47.49978454766813}",111.0,22.0,28.24162254905352,47.49978454766813,standard,standard,
centralized_profit,13,0.0,37.89572153078294,True,33.0,34,293.0,40.832790636549575,204.16395318274786,0.3931078039881951,204,34,0.0008572829974582419,0.4411764705882353,"{'Growth Department': 76.0, 'Trading/Opportunity Team': 76.0, 'Compliance Department': 6.0, 'Operations Department': 15.353891776953212, 'Risk Department': 30.81006140579464}",76.0,6.0,15.353891776953212,30.81006140579464,standard,standard,
centralized_profit,14,2.6219005735143526,45.61512364160288,True,21.0,22,202.0,26.53067749997995,132.65338749989976,0.4049387696994119,132,22,0.0010312349986634217,0.2727272727272727,"{'Growth Department': 49.0, 'Trading/Opportunity Team': 50.0, 'Compliance Department': -1.0, 'Operations Department': 16.70875117332816, 'Risk Department': 17.94463632657161}",49.5,-1.0,16.70875117332816,17.94463632657161,standard,standard,
centralized_profit,15,1.09098379738586,39.59347677380444,True,49.0,50,425.0,67.88166023969481,339.408301198474,0.2875990542093051,300,50,0.0012624660012079403,0.56,"{'Growth Department': 111.0, 'Trading/Opportunity Team': 114.0, 'Compliance Department': 35.0, 'Operations Department': 29.983116980664864, 'Risk Department': 49.425184217809125}",112.5,35.0,29.983116980664864,49.425184217809125,standard,standard,
centralized_profit,16,2.964938989338833,38.45467870312935,True,32.0,33,280.0,38.65837830633488,193.29189153167442,0.4129166625176063,198,33,0.0007993659964995459,0.3939393939393939,"{'Growth Department': 72.0, 'Trading/Opportunity Team': 75.0, 'Compliance Department': 3.0, 'Operations Department': 16.466393142564627, 'Risk Department': 26.82549838910978}",73.5,3.0,16.466393142564627,26.82549838910978,standard,standard,
centralized_profit,17,2.687794725050356,36.62199695178306,True,26.0,27,228.0,29.531854088865906,147.65927044432954,0.4347313570957404,162,27,0.000733074004529044,0.48148148148148145,"{'Growth Department': 57.0, 'Trading/Opportunity Team': 58.0, 'Compliance Department': 5.0, 'Operations Department': 3.759856214962082, 'Risk Department': 23.89941422936746}",57.5,5.0,3.759856214962082,23.89941422936746,standard,standard,
centralized_profit,18,2.0776714760825072,45.14945277397877,True,24.0,25,212.0,30.434502889769327,152.17251444884664,0.33289186057882036,150,25,0.0006885840048198588,0.4,"{'Growth Department': 52.0, 'Trading/Opportunity Team': 55.0, 'Compliance Department': 10.0, 'Operations Department': 15.35752134041504, 'Risk Department': 19.814993108431583}",53.5,10.0,15.35752134041504,19.814993108431583,standard,standard,
centralized_profit,19,0.004340532408731335,44.36339439324482,True,26.0,27,242.0,33.896756330718375,169.48378165359188,0.37615113443838,162,27,0.0008785789977991953,0.25925925925925924,"{'Growth Department': 59.0, 'Trading/Opportunity Team': 63.0, 'Compliance Department': 4.0, 'Operations Department': 17.621208155236758, 'Risk Department': 25.862573498355108}",61.0,4.0,17.621208155236758,25.862573498355108,standard,standard,
centralized_sustainability,0,63.85671269150474,65.27530444343299,False,,100,603.0,119.3089208566785,596.5446042833925,0.03712514425953337,600,100,0.0020435080004972406,0.99,"{'Growth Department': 125.0, 'Trading/Opportunity Team': 125.0, 'Compliance Department': 125.0, 'Operations Department': 123.45621979495291, 'Risk Department': 98.08838448843959}",125.0,125.0,123.45621979495291,98.08838448843959,standard,standard,
centralized_sustainability,1,59.88552114113858,68.07804347427805,False,,100,618.0,122.63350469041544,613.1675234520771,0.04153184939568746,600,100,0.0020566349994624034,0.97,"{'Growth Department': 129.0, 'Trading/Opportunity Team': 127.0, 'Compliance Department': 130.0, 'Operations Department': 128.0, 'Risk Department': 99.16752345207712}",128.0,130.0,128.0,99.16752345207712,standard,standard,
centralized_sustainability,2,66.10015374760624,65.84760305136282,False,,100,626.0,123.79748751324152,618.9874375662076,0.04500542242781549,600,100,0.002114746006554924,0.95,"{'Growth Department': 130.0, 'Trading/Opportunity Team': 131.0, 'Compliance Department': 132.0, 'Operations Department': 126.61935289536112, 'Risk Department': 99.36808467084654}",130.5,132.0,126.61935289536112,99.36808467084654,standard,standard,
centralized_sustainability,3,61.98487066308385,68.35438275506506,False,,100,648.0,128.5467205771986,642.733602885993,0.05136360934447879,600,100,0.0031023729970911518,0.96,"{'Growth Department': 137.0, 'Trading/Opportunity Team': 136.0, 'Compliance Department': 138.0, 'Operations Department': 133.0, 'Risk Department': 98.73360288599302}",136.5,138.0,133.0,98.73360288599302,standard,standard,
centralized_sustainability,4,63.34988263706231,67.85216912337603,False,,100,647.0,128.40692650171337,642.0346325085669,0.053536510731277076,600,100,0.0021440199998323806,0.95,"{'Growth Department': 137.0, 'Trading/Opportunity Team': 137.0, 'Compliance Department': 138.0, 'Operations Department': 133.0, 'Risk Department': 97.03463250856696}",137.0,138.0,133.0,97.03463250856696,standard,standard,
centralized_sustainability,5,69.40665778559293,67.61246463228015,False,,100,620.0,122.96071801098938,614.8035900549469,0.04316962783930371,600,100,0.0019761580042541027,0.99,"{'Growth Department': 129.0, 'Trading/Opportunity Team': 130.0, 'Compliance Department': 130.0, 'Operations Department': 127.95928555224336, 'Risk Department': 97.84430450270344}",129.5,130.0,127.95928555224336,97.84430450270344,standard,standard,
centralized_sustainability,6,68.76261571117489,68.64166553322235,False,,100,639.0,126.7926551495464,633.963275747732,0.04484389000022624,600,100,0.002155030997528229,0.97,"{'Growth Department': 134.0, 'Trading/Opportunity Team': 133.0, 'Compliance Department': 135.0, 'Operations Department': 131.0, 'Risk Department': 100.96327574773203}",133.5,135.0,131.0,100.96327574773203,standard,standard,
centralized_sustainability,7,60.23464789377202,66.54273424060655,False,,100,625.0,123.83942621256742,619.1971310628371,0.04702920218229405,600,100,0.0020198610000079498,0.97,"{'Growth Department': 131.0, 'Trading/Opportunity Team': 132.0, 'Compliance Department': 132.0, 'Operations Department': 125.19512979430102, 'Risk Department': 99.00200126853615}",131.5,132.0,125.19512979430102,99.00200126853615,standard,standard,
centralized_sustainability,8,69.81360594188192,68.06008005504117,False,,100,657.0,130.43089649855855,652.1544824927928,0.053172085658629166,600,100,0.0020512299961410463,0.95,"{'Growth Department': 138.0, 'Trading/Opportunity Team': 140.0, 'Compliance Department': 140.0, 'Operations Department': 135.0, 'Risk Department': 99.1544824927928}",139.0,140.0,135.0,99.1544824927928,standard,standard,
centralized_sustainability,9,72.12065324281383,68.53233942681518,False,,100,633.0,125.6039989757945,628.0199948789725,0.049654476531167724,600,100,0.00225355399743421,0.97,"{'Growth Department': 134.0, 'Trading/Opportunity Team': 130.0, 'Compliance Department': 135.0, 'Operations Department': 131.0, 'Risk Department': 98.01999487897248}",132.0,135.0,131.0,98.01999487897248,standard,standard,
centralized_sustainability,10,71.42526068627906,67.45152243458706,False,,100,620.0,122.98766270521716,614.9383135260858,0.04624344096220199,600,100,0.0022110050049377605,0.96,"{'Growth Department': 129.0, 'Trading/Opportunity Team': 130.0, 'Compliance Department': 132.0, 'Operations Department': 124.96878604452043, 'Risk Department': 98.96952748156534}",129.5,132.0,124.96878604452043,98.96952748156534,standard,standard,
centralized_sustainability,11,71.9492890966395,66.67786254406214,False,,100,642.0,127.21312896063128,636.0656448031564,0.045824647810518294,600,100,0.0025358839993714355,0.95,"{'Growth Department': 135.0, 'Trading/Opportunity Team': 135.0, 'Compliance Department': 135.0, 'Operations Department': 130.0, 'Risk Department': 101.0656448031564}",135.0,135.0,130.0,101.0656448031564,standard,standard,
centralized_sustainability,12,67.9464306692102,66.87941214676707,False,,100,629.0,124.65826355457645,623.2913177728823,0.04572230016252785,600,100,0.002193644999351818,0.98,"{'Growth Department': 132.0, 'Trading/Opportunity Team': 132.0, 'Compliance Department': 132.0, 'Operations Department': 129.82841734553776, 'Risk Department': 97.46290042734452}",132.0,132.0,129.82841734553776,97.46290042734452,standard,standard,
centralized_sustainability,13,70.04452662912257,68.1558364210287,False,,100,657.0,130.3405028945627,651.7025144728135,0.05192244570227249,600,100,0.0023144769947975874,0.94,"{'Growth Department': 139.0, 'Trading/Opportunity Team': 139.0, 'Compliance Department': 140.0, 'Operations Department': 133.0, 'Risk Department': 100.70251447281348}",139.0,140.0,133.0,100.70251447281348,standard,standard,
centralized_sustainability,14,69.06296936358326,67.22883602816613,False,,100,628.0,124.55048153481111,622.7524076740556,0.0452716942510456,600,100,0.0022992079975665547,0.99,"{'Growth Department': 132.0, 'Trading/Opportunity Team': 131.0, 'Compliance Department': 132.0, 'Operations Department': 129.98745683391684, 'Risk Department': 97.76495084013867}",131.5,132.0,129.98745683391684,97.76495084013867,standard,standard,
centralized_sustainability,15,67.96435697148041,68.57287400568549,False,,100,649.0,128.77903266314584,643.8951633157292,0.0529338800619378,600,100,0.0027004699950339273,0.95,"{'Growth Department': 137.0, 'Trading/Opportunity Team': 136.0, 'Compliance Department': 139.0, 'Operations Department': 134.0, 'Risk Department': 97.89516331572916}",136.5,139.0,134.0,97.89516331572916,standard,standard,
centralized_sustainability,16,63.41514734322783,67.74908647689344,False,,100,636.0,126.16580573921176,630.8290286960588,0.04967554696702372,600,100,0.0023599669948453084,0.96,"{'Growth Department': 134.0, 'Trading/Opportunity Team': 134.0, 'Compliance Department': 135.0, 'Operations Department': 130.0, 'Risk Department': 97.82902869605877}",134.0,135.0,130.0,97.82902869605877,standard,standard,
centralized_sustainability,17,69.08166127489886,66.59288115497526,False,,100,616.0,121.957952200037,609.789761000185,0.0488171384692091,600,100,0.0021116889984114096,0.96,"{'Growth Department': 130.0, 'Trading/Opportunity Team': 130.0, 'Compliance Department': 130.0, 'Operations Department': 124.0, 'Risk Department': 95.78976100018497}",130.0,130.0,124.0,95.78976100018497,standard,standard,
centralized_sustainability,18,69.75223582957138,66.0030798648183,False,,100,601.0,119.10185761200785,595.5092880600392,0.040235369788602246,600,100,0.002056003999314271,0.98,"{'Growth Department': 125.0, 'Trading/Opportunity Team': 125.0, 'Compliance Department': 126.0, 'Operations Department': 121.91991716418578, 'Risk Department': 97.58937089585345}",125.0,126.0,121.91991716418578,97.58937089585345,standard,standard,
centralized_sustainability,19,68.29570007598636,67.65297825904474,False,,100,611.0,121.17918986248318,605.895949312416,0.04172868390811857,600,100,0.0025391900053364225,1.0,"{'Growth Department': 127.0, 'Trading/Opportunity Team': 125.0, 'Compliance Department': 128.0, 'Operations Department': 128.0, 'Risk Department': 97.89594931241594}",126.0,128.0,128.0,97.89594931241594,standard,standard,
centralized_risk_averse,0,69.25136109510795,69.86318275670804,False,,100,554.0,109.78434146471622,548.9217073235811,0.013902378005373705,600,100,0.0022552939990418963,0.96,"{'Growth Department': 113.0, 'Trading/Opportunity Team': 113.0, 'Compliance Department': 106.0, 'Operations Department': 109.0, 'Risk Department': 107.92170732358113}",113.0,106.0,109.0,107.92170732358113,standard,standard,
centralized_risk_averse,1,68.79779859741478,73.48495888816888,False,,100,540.0,107.31201607077764,536.5600803538882,0.009691365776914119,600,100,0.0025593379978090525,0.96,"{'Growth Department': 110.0, 'Trading/Opportunity Team': 109.0, 'Compliance Department': 105.0, 'Operations Department': 106.0, 'Risk Department': 106.56008035388821}",109.5,105.0,106.0,106.56008035388821,standard,standard,
centralized_risk_averse,2,65.18454241299793,69.99151070463483,False,,100,570.0,112.84661062025165,564.2330531012583,0.016501115213675276,600,100,0.0023967840024852194,0.95,"{'Growth Department': 116.0, 'Trading/Opportunity Team': 117.0, 'Compliance Department': 108.0, 'Operations Department': 110.72381345853111, 'Risk Department': 112.5092396427271}",116.5,108.0,110.72381345853111,112.5092396427271,standard,standard,
centralized_risk_averse,3,68.20956708612036,76.38117617851512,False,,100,533.0,105.9657146395549,529.8285731977745,0.00994391580108971,600,100,0.00233078800374642,0.98,"{'Growth Department': 108.0, 'Trading/Opportunity Team': 108.0, 'Compliance Department': 103.0, 'Operations Department': 106.0, 'Risk Department': 104.82857319777453}",108.0,103.0,106.0,104.82857319777453,standard,standard,
centralized_risk_averse,4,68.47868655796213,75.64231409112337,False,,100,542.0,107.79373283273215,538.9686641636607,0.008905898096039344,600,100,0.002421327000774909,0.97,"{'Growth Department': 110.0, 'Trading/Opportunity Team': 110.0, 'Compliance Department': 106.0, 'Operations Department': 106.0, 'Risk Department': 106.96866416366076}",110.0,106.0,106.0,106.96866416366076,standard,standard,
centralized_risk_averse,5,69.96600603717833,73.85552306415559,False,,100,537.0,106.66718090649843,533.3359045324921,0.010248022194931927,600,100,0.002299269996001385,0.97,"{'Growth Department': 109.0, 'Trading/Opportunity Team': 109.0, 'Compliance Department': 104.0, 'Operations Department': 106.0, 'Risk Department': 105.33590453249218}",109.0,104.0,106.0,105.33590453249218,standard,standard,
centralized_risk_averse,6,76.3235090193286,73.20148826193088,False,,100,569.0,113.07672946367987,565.3836473183993,0.014857168295971945,600,100,0.0025830589947872795,0.95,"{'Growth Department': 117.0, 'Trading/Opportunity Team': 115.0, 'Compliance Department': 108.0, 'Operations Department': 112.0, 'Risk Department': 113.38364731839931}",116.0,108.0,112.0,113.38364731839931,standard,standard,
centralized_risk_averse,7,72.34534675322963,72.91983310114878,False,,100,543.0,107.86263506561681,539.3131753280841,0.008667931885629443,600,100,0.0023202869997476228,0.97,"{'Growth Department': 110.0, 'Trading/Opportunity Team': 110.0, 'Compliance Department': 106.0, 'Operations Department': 107.0, 'Risk Department': 106.31317532808409}",110.0,106.0,107.0,106.31317532808409,standard,standard,
centralized_risk_averse,8,79.07231872093473,75.18307026492211,False,,100,559.0,111.15797734053203,555.7898867026602,0.010075750088262937,600,100,0.0024589719978393987,0.96,"{'Growth Department': 113.0, 'Trading/Opportunity Team': 114.0, 'Compliance Department': 109.0, 'Operations Department': 109.0, 'Risk Department': 110.78988670266014}",113.5,109.0,109.0,110.78988670266014,standard,standard,
centralized_risk_averse,9,73.79076022748495,73.92672821997094,False,,100,561.0,111.46990559257715,557.3495279628858,0.010047554934635095,600,100,0.002663220999238547,0.95,"{'Growth Department': 115.0, 'Trading/Opportunity Team': 112.0, 'Compliance Department': 109.0, 'Operations Department': 110.0, 'Risk Department': 111.34952796288572}",113.5,109.0,110.0,111.34952796288572,standard,standard,
centralized_risk_averse,10,78.53580221252491,73.29370532828575,False,,100,544.0,108.0863585772128,540.431792886064,0.006762306990919775,600,100,0.0024830309994285926,0.98,"{'Growth Department': 109.0, 'Trading/Opportunity Team': 110.0, 'Compliance Department': 107.0, 'Operations Department': 108.0, 'Risk Department': 106.43179288606404}",109.5,107.0,108.0,106.43179288606404,standard,standard,
centralized_risk_averse,11,79.43145927470795,72.58360784254734,False,,100,567.0,112.52460410034091,562.6230205017046,0.014219112458047255,600,100,0.002330962997802999,0.94,"{'Growth Department': 116.0, 'Trading/Opportunity Team': 116.0, 'Compliance Department': 109.0, 'Operations Department': 110.0, 'Risk Department': 111.6230205017046}",116.0,109.0,110.0,111.6230205017046,standard,standard,
centralized_risk_averse,12,72.98372088302507,73.64526323622631,False,,100,543.0,107.84004776353746,539.2002388176873,0.007121304238050285,600,100,0.004162409997661598,0.99,"{'Growth Department': 109.0, 'Trading/Opportunity Team': 109.0, 'Compliance Department': 107.0, 'Operations Department': 109.0, 'Risk Department': 105.2002388176873}",109.0,107.0,109.0,105.2002388176873,standard,standard,
centralized_risk_averse,13,79.79526504164802,75.30505413564931,False,,100,556.0,110.4990578078579,552.4952890392894,0.00796386880990596,600,100,0.0023690599991823547,0.95,"{'Growth Department': 113.0, 'Trading/Opportunity Team': 112.0, 'Compliance Department': 109.0, 'Operations Department': 109.0, 'Risk Department': 109.49528903928943}",112.5,109.0,109.0,109.49528903928943,standard,standard,
centralized_risk_averse,14,69.04056826023697,73.18232586111661,False,,100,559.0,110.96696730148453,554.8348365074227,0.010933101164331304,600,100,0.002555036000558175,0.96,"{'Growth Department': 113.0, 'Trading/Opportunity Team': 114.0, 'Compliance Department': 108.0, 'Operations Department': 110.0, 'Risk Department': 109.83483650742262}",113.5,108.0,110.0,109.83483650742262,standard,standard,
centralized_risk_averse,15,75.05490545580935,74.94984778833566,False,,100,556.0,110.49931655753706,552.4965827876853,0.010135809296312104,600,100,0.0036609739981940947,0.96,"{'Growth Department': 113.0, 'Trading/Opportunity Team': 113.0, 'Compliance Department': 108.0, 'Operations Department': 109.0, 'Risk Department': 109.4965827876853}",113.0,108.0,109.0,109.4965827876853,standard,standard,
centralized_risk_averse,16,72.03051330081578,74.79672756102805,False,,100,541.0,107.51231170819517,537.5615585409759,0.00553495043746306,600,100,0.002732581000600476,0.98,"{'Growth Department': 108.0, 'Trading/Opportunity Team': 109.0, 'Compliance Department': 106.0, 'Operations Department': 108.0, 'Risk Department': 106.56155854097585}",108.5,106.0,108.0,106.56155854097585,standard,standard,
centralized_risk_averse,17,73.98764525612768,73.37647306450171,False,,100,529.0,105.00622146395945,525.0311073197972,0.00680933775983803,600,100,0.004808490994037129,1.0,"{'Growth Department': 106.0, 'Trading/Opportunity Team': 106.0, 'Compliance Department': 105.0, 'Operations Department': 106.0, 'Risk Department': 102.03110731979719}",106.0,105.0,106.0,102.03110731979719,standard,standard,
centralized_risk_averse,18,59.74511251362166,71.8620064055502,False,,100,544.0,107.89985675534862,539.4992837767431,0.0114926686202395,600,100,0.0024119450026773848,0.96,"{'Growth Department': 110.0, 'Trading/Opportunity Team': 111.0, 'Compliance Department': 105.0, 'Operations Department': 107.0, 'Risk Department': 106.49928377674318}",110.5,105.0,107.0,106.49928377674318,standard,standard,
centralized_risk_averse,19,75.27013514186618,72.59932222389247,False,,100,545.0,108.16041826184065,540.8020913092032,0.010501371144054339,600,100,0.004015329999674577,0.98,"{'Growth Department': 109.0, 'Trading/Opportunity Team': 111.0, 'Compliance Department': 105.0, 'Operations Department': 109.0, 'Risk Department': 106.80209130920322}",110.0,105.0,109.0,106.80209130920322,standard,standard,
structured_debate,0,2.390051609652657,37.61208144730025,True,16.0,17,149.0,15.588717485864342,77.94358742932171,0.7036074069708211,255,34,0.0008003170005395077,0.17647058823529413,"{'Growth Department': 39.0, 'Trading/Opportunity Team': 37.0, 'Compliance Department': -12.0, 'Operations Department': 1.89578639712866, 'Risk Department': 12.047801032193053}",38.0,-12.0,1.89578639712866,12.047801032193053,standard,standard,
structured_debate,1,0.20029494513419266,43.778694699732156,True,30.0,31,269.0,41.43562023201032,207.1781011600516,0.27816791012843967,465,62,0.001149455005361233,0.4838709677419355,"{'Growth Department': 69.0, 'Trading/Opportunity Team': 65.0, 'Compliance Department': 16.0, 'Operations Department': 30.253849720226597, 'Risk Department': 26.924251439825}",67.0,16.0,30.253849720226597,26.924251439825,standard,standard,
structured_debate,2,0.11431072861348746,49.13894092798155,True,34.0,35,301.0,47.06582261826325,235.32911309131623,0.26703435757381816,525,70,0.00124435900215758,0.5428571428571428,"{'Growth Department': 71.0, 'Trading/Opportunity Team': 77.0, 'Compliance Department': 18.0, 'Operations Department': 37.43150942320631, 'Risk Department': 31.89760366810993}",74.0,18.0,37.43150942320631,31.89760366810993,standard,standard,
structured_debate,3,4.067647470222825,44.493773500869594,True,44.0,45,376.0,57.22140602084473,286.10703010422367,0.31463854127187985,675,90,0.001526385996839963,0.5555555555555556,"{'Growth Department': 98.0, 'Trading/Opportunity Team': 91.0, 'Compliance Department': 11.0, 'Operations Department': 46.15777660328048, 'Risk Department': 39.94925350094323}",94.5,11.0,46.15777660328048,39.94925350094323,standard,standard,
structured_debate,4,3.574383527901764,42.99674179931379,True,37.0,38,316.0,46.71008843726739,233.55044218633694,0.31009696604166753,570,76,0.0014588310004910454,0.5526315789473685,"{'Growth Department': 74.0, 'Trading/Opportunity Team': 80.0, 'Compliance Department': 9.0, 'Operations Department': 35.608651035519294, 'Risk Department': 34.94179115081764}",77.0,9.0,35.608651035519294,34.94179115081764,standard,standard,
structured_debate,5,0.03575539895943791,43.07426623066687,True,21.0,22,188.0,22.835755293705652,114.17877646852826,0.4869880726652479,330,44,0.0007365769997704774,0.4090909090909091,"{'Growth Department': 45.0, 'Trading/Opportunity Team': 46.0, 'Compliance Department': -9.0, 'Operations Department': 16.18803219774005, 'Risk Department': 15.990744270788193}",45.5,-9.0,16.18803219774005,15.990744270788193,standard,standard,
structured_debate,6,2.994988575817647,47.047424434833935,True,43.0,44,377.0,61.84850099411435,309.24250497057176,0.2407165363508234,660,88,0.0015016219986137003,0.6136363636363636,"{'Growth Department': 93.0, 'Trading/Opportunity Team': 94.0, 'Compliance Department': 27.0, 'Operations Department': 54.341966692992486, 'Risk Department': 40.90053827757924}",93.5,27.0,54.341966692992486,40.90053827757924,standard,standard,
structured_debate,7,4.9681212446969845,49.147472244363996,True,18.0,19,175.0,25.34427417768672,126.7213708884336,0.3311221677595686,285,38,0.0006516170033137314,0.2631578947368421,"{'Growth Department': 46.0, 'Trading/Opportunity Team': 43.0, 'Compliance Department': 8.0, 'Operations Department': 15.62200846353965, 'Risk Department': 14.09936242489394}",44.5,8.0,15.62200846353965,14.09936242489394,standard,standard,
structured_debate,8,4.561866704079527,42.3231306825205,True,40.0,41,343.0,50.11278745364782,250.5639372682391,0.34706858104024024,615,82,0.0020245970008545555,0.5609756097560976,"{'Growth Department': 84.0, 'Trading/Opportunity Team': 89.0, 'Compliance Department': 6.0, 'Operations Department': 32.59282458114122, 'Risk Department': 38.971112687097886}",86.5,6.0,32.59282458114122,38.971112687097886,standard,standard,
structured_debate,9,1.824890988721469,48.37817186756846,True,34.0,35,303.0,49.97533167391488,249.8766583695744,0.23211936452673498,525,70,0.0012662090011872351,0.6285714285714286,"{'Growth Department': 77.0, 'Trading/Opportunity Team': 74.0, 'Compliance Department': 26.0, 'Operations Department': 41.8796862465986, 'Risk Department': 30.996972122975777}",75.5,26.0,41.8796862465986,30.996972122975777,standard,standard,
structured_debate,10,3.0535594997813966,45.15115004196018,True,39.0,40,343.0,53.64060269622117,268.20301348110587,0.27292520802442277,600,80,0.0013447949968394823,0.575,"{'Growth Department': 86.0, 'Trading/Opportunity Team': 85.0, 'Compliance Department': 19.0, 'Operations Department': 42.201421598875655, 'Risk Department': 36.00159188223023}",85.5,19.0,42.201421598875655,36.00159188223023,standard,standard,
structured_debate,11,3.227095000884052,46.927727896617775,True,32.0,33,275.0,40.00420980375586,200.0210490187793,0.3400626934565901,495,66,0.001110292003431823,0.6060606060606061,"{'Growth Department': 67.0, 'Trading/Opportunity Team': 67.0, 'Compliance Department': 1.0, 'Operations Department': 36.0702907121261, 'Risk Department': 28.950758306653196}",67.0,1.0,36.0702907121261,28.950758306653196,standard,standard,
structured_debate,12,1.5385116916129302,46.05119379650068,True,61.0,62,518.0,87.52209182664227,437.61045913321135,0.22973759257177004,930,124,0.002164698002161458,0.6935483870967742,"{'Growth Department': 129.0, 'Trading/Opportunity Team': 130.0, 'Compliance Department': 39.0, 'Operations Department': 79.94939254693865, 'Risk Department': 59.661066586272696}",129.5,39.0,79.94939254693865,59.661066586272696,standard,standard,
structured_debate,13,4.816698939488106,44.0184075869777,True,42.0,43,361.0,55.50771118287643,277.53855591438213,0.29718780152175006,645,86,0.0015316510034608655,0.5581395348837209,"{'Growth Department': 92.0, 'Trading/Opportunity Team': 90.0, 'Compliance Department': 14.0, 'Operations Department': 41.74123908867346, 'Risk Department': 39.797316825708656}",91.0,14.0,41.74123908867346,39.797316825708656,standard,standard,
structured_debate,14,1.798274008341906,43.90750347365789,True,26.0,27,234.0,31.927530481497058,159.6376524074853,0.37401812909115845,405,54,0.0010207820014329627,0.37037037037037035,"{'Growth Department': 59.0, 'Trading/Opportunity Team': 57.0, 'Compliance Department': 4.0, 'Operations Department': 17.731559785119206, 'Risk Department': 21.906092622366078}",58.0,4.0,17.731559785119206,21.906092622366078,standard,standard,
structured_debate,15,4.608347043553653,45.08130852428993,True,55.0,56,467.0,77.4227486034544,387.113743017272,0.23698981148906154,840,112,0.0020032959946547635,0.6785714285714286,"{'Growth Department': 117.0, 'Trading/Opportunity Team': 116.0, 'Compliance Department': 33.0, 'Operations Department': 66.46877547349254, 'Risk Department': 54.644967543779416}",116.5,33.0,66.46877547349254,54.644967543779416,standard,standard,
structured_debate,16,3.154484417499109,43.133657043568356,True,33.0,34,294.0,43.9008478840428,219.504239420214,0.33610958661370616,510,68,0.0011836220000986941,0.38235294117647056,"{'Growth Department': 75.0, 'Trading/Opportunity Team': 78.0, 'Compliance Department': 9.0, 'Operations Department': 28.556302071289767, 'Risk Department': 28.94793734892422}",76.5,9.0,28.556302071289767,28.94793734892422,standard,standard,
structured_debate,17,0.0,38.63906534290551,True,27.0,28,239.0,31.156588993978183,155.7829449698909,0.42660254223555183,420,56,0.002068544999929145,0.42857142857142855,"{'Growth Department': 60.0, 'Trading/Opportunity Team': 58.0, 'Compliance Department': -1.0, 'Operations Department': 13.856499097258638, 'Risk Department': 24.92644587263226}",59.0,-1.0,13.856499097258638,24.92644587263226,standard,standard,
structured_debate,18,0.0,45.711440905892,True,24.0,25,215.0,30.093271092766116,150.46635546383058,0.35748589268259395,375,50,0.0015161889969022013,0.32,"{'Growth Department': 55.0, 'Trading/Opportunity Team': 52.0, 'Compliance Department': 4.0, 'Operations Department': 19.526001495790005, 'Risk Department': 19.940353968040572}",53.5,4.0,19.526001495790005,19.940353968040572,standard,standard,
structured_debate,19,4.22268308873014,45.50179557596715,True,31.0,32,274.0,40.10561564699618,200.52807823498088,0.3102499282541711,480,64,0.0022516699973493814,0.4375,"{'Growth Department': 64.0, 'Trading/Opportunity Team': 69.0, 'Compliance Department': 9.0, 'Operations Department': 28.465445286625894, 'Risk Department': 30.062632948355}",66.5,9.0,28.465445286625894,30.062632948355,standard,standard,
independent,0,0.5621870156707391,39.749544134089255,True,10.0,11,118.0,15.804151373851024,79.02075686925512,0.31875032584661567,0,0,0.0008051319964579307,0.0,"{'Growth Department': 26.0, 'Trading/Opportunity Team': 23.0, 'Investment Department': 21.0, 'Operations Department': 3.0095131289417063, 'Risk Department': 6.011243740313415}",23.333333333333332,,3.0095131289417063,6.011243740313415,aggressive,standard,
independent,1,1.3919465642867017,42.761950861660466,True,14.0,15,166.0,25.128890679138017,125.64445339569008,0.2729573166907393,0,0,0.0008016310021048412,0.0,"{'Growth Department': 36.0, 'Trading/Opportunity Team': 34.0, 'Investment Department': 37.0, 'Operations Department': 5.616614464404355, 'Risk Department': 13.027838931285732}",35.666666666666664,,5.616614464404355,13.027838931285732,aggressive,standard,
independent,2,3.266366349002052,44.5837995885337,True,18.0,19,209.0,33.4123786420765,167.0618932103825,0.23433896882608743,0,0,0.0007388180019916035,0.0,"{'Growth Department': 45.0, 'Trading/Opportunity Team': 48.0, 'Investment Department': 45.0, 'Operations Department': 14.99656588340247, 'Risk Department': 14.065327326980036}",46.0,,14.99656588340247,14.065327326980036,aggressive,standard,
independent,3,0.0,40.004136016854694,True,18.0,19,204.0,31.80413399300007,159.02066996500037,0.28162039587593457,0,0,0.0007486249960493296,0.0,"{'Growth Department': 47.0, 'Trading/Opportunity Team': 44.0, 'Investment Department': 47.0, 'Operations Department': 8.020669965000351, 'Risk Department': 12.999999999999998}",46.0,,8.020669965000351,12.999999999999998,aggressive,standard,
independent,4,2.2897967521951017,40.56275786488635,True,16.0,17,183.0,27.966315214387276,139.83157607193638,0.2728500857119755,0,0,0.0008095829980447888,0.0,"{'Growth Department': 37.0, 'Trading/Opportunity Team': 41.0, 'Investment Department': 41.0, 'Operations Department': 6.785780136892463, 'Risk Department': 14.045795935043902}",39.666666666666664,,6.785780136892463,14.045795935043902,aggressive,standard,
independent,5,0.0,38.23458167183027,True,14.0,15,167.0,24.817531150827822,124.0876557541391,0.2798817915095494,0,0,0.00041359899478266016,0.0,"{'Growth Department': 37.0, 'Trading/Opportunity Team': 35.0, 'Investment Department': 36.0, 'Operations Department': 7.087655754139105, 'Risk Department': 9.0}",36.0,,7.087655754139105,9.0,aggressive,standard,
independent,6,4.45115749769522,40.55710325762954,True,17.0,18,195.0,30.34413271904821,151.72066359524106,0.27853212200895106,0,0,0.000424694997491315,0.0,"{'Growth Department': 44.0, 'Trading/Opportunity Team': 45.0, 'Investment Department': 42.0, 'Operations Department': 7.631640445287157, 'Risk Department': 13.089023149953901}",43.666666666666664,,7.631640445287157,13.089023149953901,aggressive,standard,
independent,7,2.116694919321745,45.08414115479435,True,13.0,14,157.0,23.865403441146114,119.32701720573057,0.2661201171233591,0,0,0.00041927200072677806,0.0,"{'Growth Department': 35.0, 'Trading/Opportunity Team': 32.0, 'Investment Department': 35.0, 'Operations Department': 8.284683307344139, 'Risk Department': 9.042333898386435}",34.0,,8.284683307344139,9.042333898386435,aggressive,standard,
independent,8,4.777130492714582,41.91128445884748,True,15.0,16,179.0,27.654716477247064,138.27358238623532,0.2416900651463864,0,0,0.0005083770010969602,0.0,"{'Growth Department': 37.0, 'Trading/Opportunity Team': 40.0, 'Investment Department': 37.0, 'Operations Department': 9.17803977638103, 'Risk Department': 15.095542609854295}",38.0,,9.17803977638103,15.095542609854295,aggressive,standard,
independent,9,1.5854353282091918,40.6798425484999,True,16.0,17,186.0,28.573285652865952,142.86642826432976,0.26401962539004364,0,0,0.00045365900587057695,0.0,"{'Growth Department': 42.0, 'Trading/Opportunity Team': 39.0, 'Investment Department': 41.0, 'Operations Department': 9.834719557765563, 'Risk Department': 11.031708706564181}",40.666666666666664,,9.834719557765563,11.031708706564181,aggressive,standard,
independent,10,1.2430646355893629,41.61597555456609,True,16.0,17,188.0,29.129105639934295,145.64552819967147,0.26292274421806744,0,0,0.0004186449950793758,0.0,"{'Growth Department': 40.0, 'Trading/Opportunity Team': 42.0, 'Investment Department': 42.0, 'Operations Department': 8.620666906959679, 'Risk Department': 13.024861292711787}",41.333333333333336,,8.620666906959679,13.024861292711787,aggressive,standard,
independent,11,4.922312256945698,39.43268714733007,True,15.0,16,178.0,27.32458545563078,136.6229272781539,0.257211855840184,0,0,0.00043539200123632327,0.0,"{'Growth Department': 39.0, 'Trading/Opportunity Team': 39.0, 'Investment Department': 38.0, 'Operations Department': 8.524481033014983, 'Risk Department': 12.098446245138913}",38.666666666666664,,8.524481033014983,12.098446245138913,aggressive,standard,
independent,12,0.0,40.32136258008635,True,17.0,18,196.0,30.29519802753119,151.47599013765594,0.2721171048455714,0,0,0.0005106009994051419,0.0,"{'Growth Department': 44.0, 'Trading/Opportunity Team': 43.0, 'Investment Department': 43.0, 'Operations Department': 6.475990137655934, 'Risk Department': 14.999999999999998}",43.333333333333336,,6.475990137655934,14.999999999999998,aggressive,standard,
independent,13,4.270247804897709,41.666431485557624,True,15.0,16,183.0,28.460873315887106,142.30436657943554,0.24026436813381427,0,0,0.0004599499952746555,0.0,"{'Growth Department': 40.0, 'Trading/Opportunity Team': 40.0, 'Investment Department': 38.0, 'Operations Department': 10.218961623337592, 'Risk Department': 14.085404956097953}",39.333333333333336,,10.218961623337592,14.085404956097953,aggressive,standard,
independent,14,2.132433690202731,48.103129531741324,True,14.0,15,171.0,27.026380242931253,135.13190121465627,0.21556849110220658,0,0,0.0004383949999464676,0.0,"{'Growth Department': 37.0, 'Trading/Opportunity Team': 35.0, 'Investment Department': 36.0, 'Operations Department': 17.0892525408522, 'Risk Department': 10.042648673804056}",36.0,,17.0892525408522,10.042648673804056,aggressive,standard,
independent,15,4.370094235370383,40.037019065272965,True,16.0,17,187.0,29.07918184355899,145.39590921779495,0.26767075902630566,0,0,0.0005115469975862652,0.0,"{'Growth Department': 39.0, 'Trading/Opportunity Team': 40.0, 'Investment Department': 44.0, 'Operations Department': 8.308507333087537, 'Risk Department': 14.087401884707408}",41.0,,8.308507333087537,14.087401884707408,aggressive,standard,
independent,16,4.870757533969538,40.8787341615265,True,14.0,15,168.0,25.539537687176143,127.69768843588072,0.2841148947640068,0,0,0.0004211190025671385,0.0,"{'Growth Department': 35.0, 'Trading/Opportunity Team': 39.0, 'Investment Department': 37.0, 'Operations Department': 7.600273285201321, 'Risk Department': 9.097415150679392}",37.0,,7.600273285201321,9.097415150679392,aggressive,standard,
independent,17,4.2621544844568025,40.436586594472175,True,12.0,13,142.0,20.392323682275048,101.96161841137524,0.29486392012213597,0,0,0.000410759006626904,0.0,"{'Growth Department': 31.0, 'Trading/Opportunity Team': 30.0, 'Investment Department': 28.0, 'Operations Department': 3.876375321686111, 'Risk Department': 9.085243089689133}",29.666666666666668,,3.876375321686111,9.085243089689133,aggressive,standard,
independent,18,1.2959927102625421,45.138680371655354,True,14.0,15,163.0,24.649635724243396,123.24817862121698,0.25874914312397995,0,0,0.00040756099770078436,0.0,"{'Growth Department': 36.0, 'Trading/Opportunity Team': 34.0, 'Investment Department': 35.0, 'Operations Department': 9.222258767011724, 'Risk Department': 9.02591985420525}",35.0,,9.222258767011724,9.02591985420525,aggressive,standard,
independent,19,2.118654688755223,44.045017997561374,True,17.0,18,197.0,31.06002218352276,155.3001109176138,0.232948066100292,0,0,0.0004942539962939918,0.0,"{'Growth Department': 41.0, 'Trading/Opportunity Team': 44.0, 'Investment Department': 42.0, 'Operations Department': 11.257737823838717, 'Risk Department': 17.042373093775108}",42.333333333333336,,11.257737823838717,17.042373093775108,aggressive,standard,
voting,0,0.0,42.45057734858814,True,7.0,8,110.0,15.163982356157884,75.81991178078943,0.08631071207638286,40,8,0.00041515700286254287,1.0,"{'Growth Department': 17.0, 'Trading/Opportunity Team': 17.0, 'Investment Department': 17.0, 'Operations Department': 9.819911780789427, 'Risk Department': 14.999999999999998}",17.0,,9.819911780789427,14.999999999999998,aggressive,standard,
voting,1,0.0,40.61597986339767,True,10.0,11,145.0,21.32284260766911,106.61421303834555,0.092939105274451,55,11,0.00047013600124046206,1.0,"{'Growth Department': 24.0, 'Trading/Opportunity Team': 24.0, 'Investment Department': 24.0, 'Operations Department': 12.61421303834556, 'Risk Department': 22.000000000000004}",24.0,,12.61421303834556,22.000000000000004,aggressive,standard,
voting,2,1.139864477639133,43.23710136502947,True,13.0,14,180.0,28.20474908831688,141.0237454415844,0.07352283837907869,70,14,0.0004911530049866997,1.0,"{'Growth Department': 31.0, 'Trading/Opportunity Team': 31.0, 'Investment Department': 31.0, 'Operations Department': 19.055089449130723, 'Risk Department': 28.96865599245367}",31.0,,19.055089449130723,28.96865599245367,aggressive,standard,
voting,3,2.791986728410844,42.248045909414394,True,11.0,12,160.0,24.497817434541552,122.48908717270777,0.07528095813931675,60,12,0.000413784000556916,1.0,"{'Growth Department': 27.0, 'Trading/Opportunity Team': 27.0, 'Investment Department': 27.0, 'Operations Department': 16.458173217362905, 'Risk Department': 25.03091395534485}",27.0,,16.458173217362905,25.03091395534485,aggressive,standard,
voting,4,0.5416905018520026,41.63220079841451,True,13.0,14,170.0,26.172212362879407,130.86106181439703,0.08022994042676838,70,14,0.0005109329940751195,1.0,"{'Growth Department': 29.0, 'Trading/Opportunity Team': 29.0, 'Investment Department': 29.0, 'Operations Department': 16.891500201721165, 'Risk Department': 26.969561612675864}",29.0,,16.891500201721165,26.969561612675864,aggressive,standard,
voting,5,0.0,38.801171999770716,True,9.0,10,140.0,20.365081754189777,101.82540877094888,0.09565071332195477,50,10,0.00028761800058418885,1.0,"{'Growth Department': 23.0, 'Trading/Opportunity Team': 23.0, 'Investment Department': 23.0, 'Operations Department': 11.825408770948886, 'Risk Department': 21.0}",23.0,,11.825408770948886,21.0,aggressive,standard,
voting,6,4.59395656990397,42.68254189787131,True,10.0,11,155.0,23.760150751661538,118.80075375830769,0.0689907124881346,55,11,0.00047707700286991894,1.0,"{'Growth Department': 26.0, 'Trading/Opportunity Team': 26.0, 'Investment Department': 26.0, 'Operations Department': 16.708874626909616, 'Risk Department': 24.091879131398077}",26.0,,16.708874626909616,24.091879131398077,aggressive,standard,
voting,7,0.0,40.59556162494721,True,10.0,11,155.0,23.414322222905895,117.07161111452947,0.08151174326148922,55,11,0.000741705996915698,1.0,"{'Growth Department': 26.0, 'Trading/Opportunity Team': 26.0, 'Investment Department': 26.0, 'Operations Department': 15.071611114529471, 'Risk Department': 24.000000000000004}",26.0,,15.071611114529471,24.000000000000004,aggressive,standard,
voting,8,0.0,39.636721290401546,True,10.0,11,155.0,23.366709109628754,116.83354554814377,0.0833079533435388,55,11,0.0006188900006236508,1.0,"{'Growth Department': 26.0, 'Trading/Opportunity Team': 26.0, 'Investment Department': 26.0, 'Operations Department': 14.833545548143778, 'Risk Department': 23.999999999999996}",26.0,,14.833545548143778,23.999999999999996,aggressive,standard,
voting,9,0.0,40.16167818449633,True,10.0,11,155.0,23.343839042844245,116.71919521422123,0.0841733342197168,55,11,0.0005364379976526834,1.0,"{'Growth Department': 26.0, 'Trading/Opportunity Team': 26.0, 'Investment Department': 26.0, 'Operations Department': 14.719195214221227, 'Risk Department': 24.000000000000004}",26.0,,14.719195214221227,24.000000000000004,aggressive,standard,
voting,10,0.0,42.64681968856151,True,12.0,13,170.0,26.305929251279668,131.52964625639834,0.07566524943780291,65,13,0.0007810600000084378,1.0,"{'Growth Department': 29.0, 'Trading/Opportunity Team': 29.0, 'Investment Department': 29.0, 'Operations Department': 17.58979501246069, 'Risk Department': 26.93985124393766}",29.0,,17.58979501246069,26.93985124393766,aggressive,standard,
voting,11,3.9985139011761923,39.98168592542392,True,9.0,10,145.0,21.745026100772222,108.72513050386111,0.07589674686872402,50,10,0.0006463519966928288,1.0,"{'Growth Department': 24.0, 'Trading/Opportunity Team': 24.0, 'Investment Department': 24.0, 'Operations Department': 14.645160225837586, 'Risk Department': 22.079970278023527}",24.0,,14.645160225837586,22.079970278023527,aggressive,standard,
voting,12,0.0,41.050209682643576,True,10.0,11,155.0,23.417578953982918,117.08789476991458,0.08138914960248282,55,11,0.0006030529984855093,1.0,"{'Growth Department': 26.0, 'Trading/Opportunity Team': 26.0, 'Investment Department': 26.0, 'Operations Department': 15.087894769914588, 'Risk Department': 24.000000000000004}",26.0,,15.087894769914588,24.000000000000004,aggressive,standard,
voting,13,3.903935310919586,37.371678915419444,True,11.0,12,150.0,21.873520996510734,109.36760498255367,0.1070981590982841,60,12,0.00044883499504067004,1.0,"{'Growth Department': 25.0, 'Trading/Opportunity Team': 25.0, 'Investment Department': 25.0, 'Operations Department': 11.349722120896772, 'Risk Department': 23.017882861656908}",25.0,,11.349722120896772,23.017882861656908,aggressive,standard,
voting,14,0.0,40.08741625978563,True,12.0,13,170.0,26.118609178691866,130.59304589345933,0.08189470345727727,65,13,0.0005161720036994666,1.0,"{'Growth Department': 29.0, 'Trading/Opportunity Team': 29.0, 'Investment Department': 29.0, 'Operations Department': 16.669757188972024, 'Risk Department': 26.9232887044873}",29.0,,16.669757188972024,26.9232887044873,aggressive,standard,
voting,15,4.705875403628012,39.26637731128244,True,12.0,13,160.0,24.226814903093153,121.13407451546577,0.08497365473383063,65,13,0.000481685005070176,1.0,"{'Growth Department': 27.0, 'Trading/Opportunity Team': 27.0, 'Investment Department': 27.0, 'Operations Department': 15.132912923585964, 'Risk Department': 25.001161591879807}",27.0,,15.132912923585964,25.001161591879807,aggressive,standard,
voting,16,1.5475687999786256,39.13945707506608,True,9.0,10,140.0,20.506082766853947,102.53041383426974,0.08961291717631817,50,10,0.0003587120008887723,1.0,"{'Growth Department': 23.0, 'Trading/Opportunity Team': 23.0, 'Investment Department': 23.0, 'Operations Department': 12.499462458270159, 'Risk Department': 21.030951375999575}",23.0,,12.499462458270159,21.030951375999575,aggressive,standard,
voting,17,0.0,39.857160047920566,True,9.0,10,130.0,18.468059976295145,92.34029988147572,0.10070240262008241,50,10,0.0003886519989464432,1.0,"{'Growth Department': 21.0, 'Trading/Opportunity Team': 21.0, 'Investment Department': 21.0, 'Operations Department': 10.41247497671553, 'Risk Department': 18.92782490476019}",21.0,,10.41247497671553,18.92782490476019,aggressive,standard,
voting,18,3.6439597222325233,44.720482330752695,True,10.0,11,150.0,22.761572176974767,113.80786088487383,0.07190068336453877,55,11,0.0004088000059709884,1.0,"{'Growth Department': 25.0, 'Trading/Opportunity Team': 25.0, 'Investment Department': 25.0, 'Operations Department': 15.734981690429176, 'Risk Department': 23.072879194444653}",25.0,,15.734981690429176,23.072879194444653,aggressive,standard,
voting,19,2.581507160962322,42.10307029693661,True,12.0,13,170.0,26.332700452117404,131.66350226058702,0.07492766795762532,65,13,0.0005008209991501644,1.0,"{'Growth Department': 29.0, 'Trading/Opportunity Team': 29.0, 'Investment Department': 29.0, 'Operations Department': 17.673399790614653, 'Risk Department': 26.990102469972364}",29.0,,17.673399790614653,26.990102469972364,aggressive,standard,
adaptive_voting,0,3.6572876359383724,27.977445432208174,True,21.0,22,165.0,20.981877145552147,104.90938572776074,0.25954322739711594,110,22,0.0008095619996311143,1.0,"{'Growth Department': 28.0, 'Trading/Opportunity Team': 28.0, 'Investment Department': 28.0, 'Operations Department': -4.980687117840612, 'Risk Department': 25.890072845601345}",28.0,,-4.980687117840612,25.890072845601345,aggressive,standard,
adaptive_voting,1,4.796915970434865,35.82835541993455,True,16.0,17,170.0,24.65112371230995,123.25561856154975,0.13432829453026257,85,17,0.0005987050026305951,1.0,"{'Growth Department': 29.0, 'Trading/Opportunity Team': 29.0, 'Investment Department': 29.0, 'Operations Department': 9.352588856836352, 'Risk Department': 26.9030297047134}",29.0,,9.352588856836352,26.9030297047134,aggressive,standard,
adaptive_voting,2,1.0479424506919948,39.59432227830905,True,31.0,32,275.0,43.661918428071104,218.30959214035553,0.11086651651398363,160,32,0.0010747969936346635,1.0,"{'Growth Department': 50.0, 'Trading/Opportunity Team': 50.0, 'Investment Department': 50.0, 'Operations Department': 21.182347854169958, 'Risk Department': 47.127244286185565}",50.0,,21.182347854169958,47.127244286185565,aggressive,standard,
adaptive_voting,3,2.049269304392336,34.69857278449679,True,42.0,43,345.0,54.29568783975418,271.4784391987709,0.13817079187094078,215,43,0.0019268030009698123,1.0,"{'Growth Department': 64.0, 'Trading/Opportunity Team': 64.0, 'Investment Department': 64.0, 'Operations Department': 18.745583501276112, 'Risk Department': 60.73285569749479}",64.0,,18.745583501276112,60.73285569749479,aggressive,standard,
adaptive_voting,4,3.0572100080167015,34.86841186844295,True,34.0,35,285.0,44.03257789649752,220.1628894824876,0.13933864011869215,175,35,0.001424487003532704,1.0,"{'Growth Department': 52.0, 'Trading/Opportunity Team': 52.0, 'Investment Department': 52.0, 'Operations Department': 15.144116454783163, 'Risk Department': 49.01877302770444}",52.0,,15.144116454783163,49.01877302770444,aggressive,standard,
adaptive_voting,5,1.9586233546728238,35.45916553880838,True,14.0,15,155.0,22.077845150916744,110.38922575458372,0.13462480395324122,75,15,0.00043063200428150594,1.0,"{'Growth Department': 26.0, 'Trading/Opportunity Team': 26.0, 'Investment Department': 26.0, 'Operations Department': 8.457954556013995, 'Risk Department': 23.931271198569725}",26.0,,8.457954556013995,23.931271198569725,aggressive,standard,
adaptive_voting,6,3.706999112314028,36.15117166982733,True,67.0,68,510.0,83.88218965640964,419.4109482820482,0.12069677708616808,340,68,0.0019573059980757535,1.0,"{'Growth Department': 97.0, 'Trading/Opportunity Team': 97.0, 'Investment Department': 97.0, 'Operations Department': 36.035177387210055, 'Risk Department': 92.37577089483811}",97.0,,36.035177387210055,92.37577089483811,aggressive,standard,
adaptive_voting,7,0.0,31.79336037787526,True,23.0,24,195.0,27.38300942418767,136.91504712093834,0.18704729637584377,120,24,0.0007215139994514175,1.0,"{'Growth Department': 34.0, 'Trading/Opportunity Team': 34.0, 'Investment Department': 34.0, 'Operations Department': 3.060979386204691, 'Risk Department': 31.854067734733658}",34.0,,3.060979386204691,31.854067734733658,aggressive,standard,
adaptive_voting,8,4.298187011412178,36.73617693110606,True,63.0,64,505.0,83.84483645706378,419.2241822853189,0.11131964612906824,320,64,0.0017257920044357888,1.0,"{'Growth Department': 96.0, 'Trading/Opportunity Team': 96.0, 'Investment Department': 96.0, 'Operations Department': 40.106098662806914, 'Risk Department': 91.11808362251199}",96.0,,40.106098662806914,91.11808362251199,aggressive,standard,
adaptive_voting,9,3.7178017065780047,32.87287401768264,True,32.0,33,270.0,40.62624177945425,203.13120889727122,0.16012506570994614,165,33,0.001000796000880655,1.0,"{'Growth Department': 49.0, 'Trading/Opportunity Team': 49.0, 'Investment Department': 49.0, 'Operations Department': 9.55279567168795, 'Risk Department': 46.57841322558325}",49.0,,9.55279567168795,46.57841322558325,aggressive,standard,
adaptive_voting,10,2.8578284339002353,33.60646266257736,True,45.0,46,360.0,56.17616202045618,280.8808101022809,0.14958669088909726,230,46,0.001232058995810803,1.0,"{'Growth Department': 67.0, 'Trading/Opportunity Team': 67.0, 'Investment Department': 67.0, 'Operations Department': 16.079112604096206, 'Risk Department': 63.80169749818474}",67.0,,16.079112604096206,63.80169749818474,aggressive,standard,
adaptive_voting,11,3.365126652325401,32.6042342831708,True,36.0,37,285.0,42.98138794273531,214.90693971367654,0.1620338768456456,185,37,0.0010462999998708256,1.0,"{'Growth Department': 52.0, 'Trading/Opportunity Team': 52.0, 'Investment Department': 52.0, 'Operations Department': 10.037548779222377, 'Risk Department': 48.86939093445414}",52.0,,10.037548779222377,48.86939093445414,aggressive,standard,
adaptive_voting,12,3.9467604849002527,34.86997513733744,True,62.0,63,490.0,79.52977799135135,397.64888995675676,0.13088427338479375,315,63,0.0018054719985229895,0.9841269841269841,"{'Growth Department': 93.0, 'Trading/Opportunity Team': 93.0, 'Investment Department': 93.0, 'Operations Department': 30.23614498259338, 'Risk Department': 88.4127449741634}",93.0,,30.23614498259338,88.4127449741634,aggressive,standard,
adaptive_voting,13,0.4144507209366495,32.32514394421136,True,55.0,56,420.0,65.33331647520262,326.66658237601314,0.16274207828193693,280,56,0.002508601995941717,1.0,"{'Growth Department': 79.0, 'Trading/Opportunity Team': 79.0, 'Investment Department': 79.0, 'Operations Department': 14.42742132116211, 'Risk Department': 75.23916105485104}",79.0,,14.42742132116211,75.23916105485104,aggressive,standard,
adaptive_voting,14,3.4113499001204985,44.433338530484306,True,15.0,16,175.0,27.291601994568573,136.45800997284286,0.07266642830621386,80,16,0.0006021570006851107,1.0,"{'Growth Department': 30.0, 'Trading/Opportunity Team': 30.0, 'Investment Department': 30.0, 'Operations Department': 18.75219953090667, 'Risk Department': 27.70581044193619}",30.0,,18.75219953090667,27.70581044193619,aggressive,standard,
adaptive_voting,15,4.618619020562537,34.44283915463299,True,23.0,24,225.0,34.35346808759277,171.76734043796387,0.12605384101671807,120,24,0.0008512929998687468,1.0,"{'Growth Department': 40.0, 'Trading/Opportunity Team': 40.0, 'Investment Department': 40.0, 'Operations Department': 14.102827003457161, 'Risk Department': 37.6645134345067}",40.0,,14.102827003457161,37.6645134345067,aggressive,standard,
adaptive_voting,16,2.976496797332743,32.64252125184787,True,54.0,55,415.0,64.9038755224876,324.51937761243795,0.15658959347233684,275,55,0.001561144003062509,1.0,"{'Growth Department': 78.0, 'Trading/Opportunity Team': 78.0, 'Investment Department': 78.0, 'Operations Department': 16.43972885199365, 'Risk Department': 74.07964876044429}",78.0,,16.43972885199365,74.07964876044429,aggressive,standard,
adaptive_voting,17,4.7408275828992,31.2613803361342,True,19.0,20,170.0,23.059493560058385,115.29746780029193,0.19875786672997098,100,20,0.0007019650001893751,1.0,"{'Growth Department': 29.0, 'Trading/Opportunity Team': 29.0, 'Investment Department': 29.0, 'Operations Department': 1.4118353513242257, 'Risk Department': 26.885632448967698}",29.0,,1.4118353513242257,26.885632448967698,aggressive,standard,
adaptive_voting,18,3.928785211263053,37.200928073323695,True,18.0,19,175.0,25.173135946995217,125.86567973497608,0.14657097572083302,95,19,0.0006540770045830868,1.0,"{'Growth Department': 30.0, 'Trading/Opportunity Team': 30.0, 'Investment Department': 30.0, 'Operations Department': 8.013681543720647, 'Risk Department': 27.851998191255436}",30.0,,8.013681543720647,27.851998191255436,aggressive,standard,
adaptive_voting,19,3.7209667575474086,43.08523446647656,True,22.0,23,215.0,33.69497149384006,168.4748574692003,0.09682010053191518,115,23,0.000803511000412982,1.0,"{'Growth Department': 38.0, 'Trading/Opportunity Team': 38.0, 'Investment Department': 38.0, 'Operations Department': 18.745760937629555, 'Risk Department': 35.72909653157075}",38.0,,18.745760937629555,35.72909653157075,aggressive,standard,
centralized_profit,0,1.5448548032435507,38.709814441771506,True,11.0,12,122.0,16.307600852771277,81.53800426385638,0.3087255003651732,72,12,0.0004358649966889061,0.25,"{'Growth Department': 25.0, 'Trading/Opportunity Team': 25.0, 'Investment Department': 22.0, 'Operations Department': 2.5298428233018537, 'Risk Department': 7.008161440554538}",24.0,,2.5298428233018537,7.008161440554538,aggressive,standard,
centralized_profit,1,2.809234748396012,44.529420862237345,True,15.0,16,167.0,25.258038052347036,126.29019026173518,0.2643694451361007,96,16,0.0004653759970096871,0.125,"{'Growth Department': 35.0, 'Trading/Opportunity Team': 36.0, 'Investment Department': 36.0, 'Operations Department': 5.241640924196027, 'Risk Department': 14.04854933753916}",35.666666666666664,,5.241640924196027,14.04854933753916,aggressive,standard,
centralized_profit,2,1.080640275612593,43.30410966883737,True,19.0,20,214.0,33.974743368153455,169.87371684076726,0.24317871191523482,120,20,0.0006636530015384778,0.1,"{'Growth Department': 46.0, 'Trading/Opportunity Team': 50.0, 'Investment Department': 45.0, 'Operations Department': 13.852104035254989, 'Risk Department': 15.021612805512254}",47.0,,13.852104035254989,15.021612805512254,aggressive,standard,
centralized_profit,3,1.344846494472371,44.250296987337606,True,20.0,21,219.0,35.27679164019515,176.38395820097574,0.243054439458024,126,21,0.0008952320058597252,0.19047619047619047,"{'Growth Department': 49.0, 'Trading/Opportunity Team': 50.0, 'Investment Department': 49.0, 'Operations Department': 13.438781574210047, 'Risk Department': 14.945176626765692}",49.333333333333336,,13.438781574210047,14.945176626765692,aggressive,standard,
centralized_profit,4,4.655314341488749,40.81955301719774,True,16.0,17,181.0,27.628163495815972,138.14081747907986,0.27164012213226396,102,17,0.0008941799969761632,0.058823529411764705,"{'Growth Department': 36.0, 'Trading/Opportunity Team': 41.0, 'Investment Department': 40.0, 'Operations Department': 7.047711192250083, 'Risk Department': 14.093106286829775}",39.0,,7.047711192250083,14.093106286829775,aggressive,standard,
centralized_profit,5,0.0,39.291139653094596,True,14.0,15,167.0,25.0077115874554,125.038557937277,0.2652714026565871,90,15,0.0006924240005901083,0.06666666666666667,"{'Growth Department': 36.0, 'Trading/Opportunity Team': 36.0, 'Investment Department': 36.0, 'Operations Department': 8.038557937277012, 'Risk Department': 9.0}",36.0,,8.038557937277012,9.0,aggressive,standard,
centralized_profit,6,4.236634861973105,40.89213791531706,True,17.0,18,196.0,30.615642114565834,153.07821057282916,0.27418222661195824,108,18,0.0007742750021861866,0.05555555555555555,"{'Growth Department': 44.0, 'Trading/Opportunity Team': 45.0, 'Investment Department': 43.0, 'Operations Department': 7.993477875589678, 'Risk Department': 13.08473269723946}",44.0,,7.993477875589678,13.08473269723946,aggressive,standard,
centralized_profit,7,0.0,41.29657729390419,True,15.0,16,167.0,25.011743787892982,125.05871893946491,0.27149666281855306,96,16,0.0005984159943182021,0.125,"{'Growth Department': 36.0, 'Trading/Opportunity Team': 36.0, 'Investment Department': 36.0, 'Operations Department': 6.058718939464903, 'Risk Department': 10.999999999999996}",36.0,,6.058718939464903,10.999999999999996,aggressive,standard,
centralized_profit,8,4.777130492714582,41.91128445884748,True,15.0,16,179.0,27.654716477247064,138.27358238623532,0.2416900651463864,96,16,0.0007937760019558482,0.0,"{'Growth Department': 37.0, 'Trading/Opportunity Team': 40.0, 'Investment Department': 37.0, 'Operations Department': 9.17803977638103, 'Risk Department': 15.095542609854295}",38.0,,9.17803977638103,15.095542609854295,aggressive,standard,
centralized_profit,9,4.912529883479621,44.50342664036623,True,16.0,17,187.0,29.366264276996667,146.83132138498334,0.23719851376683695,102,17,0.0006800409973948263,0.11764705882352941,"{'Growth Department': 41.0, 'Trading/Opportunity Team': 41.0, 'Investment Department': 40.0, 'Operations Department': 13.73307078731376, 'Risk Department': 11.098250597669594}",40.666666666666664,,13.73307078731376,11.098250597669594,aggressive,standard,
centralized_profit,10,0.0,40.5213104492052,True,17.0,18,194.0,29.987077425288778,149.93538712644389,0.26979414982755934,108,18,0.0005311049972078763,0.05555555555555555,"{'Growth Department': 41.0, 'Trading/Opportunity Team': 44.0, 'Investment Department': 43.0, 'Operations Department': 7.9353871264438816, 'Risk Department': 13.999999999999996}",42.666666666666664,,7.9353871264438816,13.999999999999996,aggressive,standard,
centralized_profit,11,2.3477120911690648,39.16936810035931,True,15.0,16,180.0,27.663729797949287,138.31864898974644,0.26145326583990175,96,16,0.0004979080040357076,0.0625,"{'Growth Department': 39.0, 'Trading/Opportunity Team': 40.0, 'Investment Department': 39.0, 'Operations Department': 8.271694747923046, 'Risk Department': 12.04695424182338}",39.333333333333336,,8.271694747923046,12.04695424182338,aggressive,standard,
centralized_profit,12,2.5690974194108254,41.33135861246782,True,17.0,18,196.0,30.516058538869697,152.5802926943485,0.26701461808585486,108,18,0.0005792459996882826,0.05555555555555555,"{'Growth Department': 44.0, 'Trading/Opportunity Team': 44.0, 'Investment Department': 42.0, 'Operations Department': 7.566785852627913, 'Risk Department': 15.01350684172059}",43.333333333333336,,7.566785852627913,15.01350684172059,aggressive,standard,
centralized_profit,13,3.8647519101679606,41.53795875473201,True,17.0,18,196.0,30.73024910739905,153.65124553699525,0.24141276762264194,108,18,0.0005884759957552887,0.16666666666666666,"{'Growth Department': 43.0, 'Trading/Opportunity Team': 44.0, 'Investment Department': 40.0, 'Operations Department': 11.615323378624415, 'Risk Department': 15.035922158370818}",42.333333333333336,,11.615323378624415,15.035922158370818,aggressive,standard,
centralized_profit,14,4.5597497577142025,50.0239466244945,True,15.0,16,174.0,27.656939829089048,138.28469914544524,0.2045399792697804,96,16,0.0005173929966986179,0.1875,"{'Growth Department': 36.0, 'Trading/Opportunity Team': 38.0, 'Investment Department': 34.0, 'Operations Department': 19.281272032233552, 'Risk Department': 11.003427113211712}",36.0,,19.281272032233552,11.003427113211712,aggressive,standard,
centralized_profit,15,1.8963188543651572,37.90571115207304,True,19.0,20,207.0,32.1836153488852,160.918076744426,0.27374008990047616,120,20,0.0006880120054120198,0.15,"{'Growth Department': 43.0, 'Trading/Opportunity Team': 47.0, 'Investment Department': 47.0, 'Operations Department': 6.957601268996752, 'Risk Department': 16.96047547542925}",45.666666666666664,,6.957601268996752,16.96047547542925,aggressive,standard,
centralized_profit,16,2.3098043103247345,39.148578247907935,True,15.0,16,175.0,26.48764874880511,132.43824374402556,0.2813982002909439,96,16,0.0006217039990588091,0.125,"{'Growth Department': 37.0, 'Trading/Opportunity Team': 40.0, 'Investment Department': 38.0, 'Operations Department': 7.3920476578190835, 'Risk Department': 10.046196086206493}",38.333333333333336,,7.3920476578190835,10.046196086206493,aggressive,standard,
centralized_profit,17,4.3698997248263005,41.56693323017919,True,12.0,13,143.0,20.745088738406825,103.72544369203412,0.2878233457627918,78,13,0.00038051999581512064,0.07692307692307693,"{'Growth Department': 31.0, 'Trading/Opportunity Team': 31.0, 'Investment Department': 28.0, 'Operations Department': 4.638045697537585, 'Risk Department': 9.087397994496527}",30.0,,4.638045697537585,9.087397994496527,aggressive,standard,
centralized_profit,18,1.8219574040607327,44.1201098439437,True,16.0,17,173.0,26.20654071115651,131.03270355578255,0.26845243593334284,102,17,0.00046726299478905275,0.17647058823529413,"{'Growth Department': 37.0, 'Trading/Opportunity Team': 39.0, 'Investment Department': 36.0, 'Operations Department': 8.027175303013857, 'Risk Department': 11.005528252768695}",37.333333333333336,,8.027175303013857,11.005528252768695,aggressive,standard,
centralized_profit,19,0.0,44.37151298517024,True,18.0,19,203.0,31.99881020102515,159.99405100512575,0.24238587822554702,114,19,0.0006118759993114509,0.05263157894736842,"{'Growth Department': 41.0, 'Trading/Opportunity Team': 47.0, 'Investment Department': 43.0, 'Operations Department': 11.055202585523308, 'Risk Department': 17.93884841960245}",43.666666666666664,,11.055202585523308,17.93884841960245,aggressive,standard,
centralized_sustainability,0,4.2007425546698745,42.670116420810444,True,11.0,12,118.0,15.747932907203225,78.73966453601612,0.3224649336502516,72,12,0.0004380410027806647,0.25,"{'Growth Department': 24.0, 'Trading/Opportunity Team': 23.0, 'Investment Department': 24.0, 'Operations Department': 0.7833837133601005, 'Risk Department': 6.956280822656032}",23.666666666666668,,0.7833837133601005,6.956280822656032,aggressive,standard,
centralized_sustainability,1,1.3919465642867017,42.761950861660466,True,14.0,15,166.0,25.128890679138017,125.64445339569008,0.2729573166907393,90,15,0.000431597996794153,0.0,"{'Growth Department': 36.0, 'Trading/Opportunity Team': 34.0, 'Investment Department': 37.0, 'Operations Department': 5.616614464404355, 'Risk Department': 13.027838931285732}",35.666666666666664,,5.616614464404355,13.027838931285732,aggressive,standard,
centralized_sustainability,2,1.7651560027900484,45.8237603140975,True,21.0,22,227.0,36.58797147107076,182.93985735535378,0.23173895123146515,132,22,0.0006584990042028949,0.13636363636363635,"{'Growth Department': 47.0, 'Trading/Opportunity Team': 51.0, 'Investment Department': 52.0, 'Operations Department': 16.074415939737342, 'Risk Department': 16.865441415616438}",50.0,,16.074415939737342,16.865441415616438,aggressive,standard,
centralized_sustainability,3,3.591227116646829,40.63927593856126,True,18.0,19,201.0,31.363310803615754,156.81655401807876,0.2791509281438708,114,19,0.00047522500244667754,0.10526315789473684,"{'Growth Department': 46.0, 'Trading/Opportunity Team': 42.0, 'Investment Department': 47.0, 'Operations Department': 8.744729475745837, 'Risk Department': 13.071824542332937}",45.0,,8.744729475745837,13.071824542332937,aggressive,standard,
centralized_sustainability,4,0.2119301510347551,40.65977466355501,True,16.0,17,185.0,28.36579517491104,141.8289758745552,0.27454555390715374,102,17,0.00047226499737007543,0.058823529411764705,"{'Growth Department': 38.0, 'Trading/Opportunity Team': 41.0, 'Investment Department': 42.0, 'Operations Department': 6.824737271534508, 'Risk Department': 14.004238603020696}",40.333333333333336,,6.824737271534508,14.004238603020696,aggressive,standard,
centralized_sustainability,5,0.0,38.47761396928702,True,14.0,15,166.0,24.661276964370035,123.30638482185017,0.2737481290306908,90,15,0.0004185350044281222,0.06666666666666667,"{'Growth Department': 36.0, 'Trading/Opportunity Team': 35.0, 'Investment Department': 36.0, 'Operations Department': 7.30638482185018, 'Risk Department': 8.999999999999998}",35.666666666666664,,7.30638482185018,8.999999999999998,aggressive,standard,
centralized_sustainability,6,0.0,38.890830558997436,True,19.0,20,211.0,32.8927339241639,164.4636696208195,0.28222005516201154,120,20,0.00045477599633159116,0.1,"{'Growth Department': 47.0, 'Trading/Opportunity Team': 48.0, 'Investment Department': 48.0, 'Operations Department': 6.49896559784418, 'Risk Department': 14.964704022975333}",47.666666666666664,,6.49896559784418,14.964704022975333,aggressive,standard,
centralized_sustainability,7,4.898003079293117,45.60000622946198,True,13.0,14,155.0,23.56319400633016,117.8159700316508,0.2562166062139474,84,14,0.00045603999751619995,0.07142857142857142,"{'Growth Department': 34.0, 'Trading/Opportunity Team': 32.0, 'Investment Department': 34.0, 'Operations Department': 8.718009970064944, 'Risk Department': 9.097960061585859}",33.333333333333336,,8.718009970064944,9.097960061585859,aggressive,standard,
centralized_sustainability,8,3.287942340322683,43.69772825042635,True,16.0,17,187.0,29.301114114586017,146.50557057293008,0.23459702054751652,102,17,0.000484966003568843,0.11764705882352941,"{'Growth Department': 38.0, 'Trading/Opportunity Team': 41.0, 'Investment Department': 41.0, 'Operations Department': 10.5700035520117, 'Risk Department': 15.935567020918366}",40.0,,10.5700035520117,15.935567020918366,aggressive,standard,
centralized_sustainability,9,1.540808991680354,41.06155911227506,True,16.0,17,187.0,28.85097732652997,144.25488663264986,0.2620945331446139,102,17,0.0004568130025290884,0.058823529411764705,"{'Growth Department': 42.0, 'Trading/Opportunity Team': 39.0, 'Investment Department': 42.0, 'Operations Department': 10.224070452816239, 'Risk Department': 11.030816179833609}",41.0,,10.224070452816239,11.030816179833609,aggressive,standard,
centralized_sustainability,10,0.0,40.322638676555975,True,17.0,18,194.0,29.944164322396546,149.72082161198273,0.2713272761466238,108,18,0.0004520510046859272,0.05555555555555555,"{'Growth Department': 41.0, 'Trading/Opportunity Team': 43.0, 'Investment Department': 44.0, 'Operations Department': 7.720821611982718, 'Risk Department': 13.999999999999998}",42.666666666666664,,7.720821611982718,13.999999999999998,aggressive,standard,
centralized_sustainability,11,0.0,37.64981690105257,True,16.0,17,186.0,28.402625893037214,142.01312946518607,0.2701579953497902,102,17,0.00045903600403107703,0.058823529411764705,"{'Growth Department': 40.0, 'Trading/Opportunity Team': 41.0, 'Investment Department': 41.0, 'Operations Department': 7.071914610651728, 'Risk Department': 12.941214854534334}",40.666666666666664,,7.071914610651728,12.941214854534334,aggressive,standard,
centralized_sustainability,12,1.072719252244962,40.7991777477429,True,18.0,19,202.0,31.419368297881146,157.09684148940573,0.26691248636797765,114,19,0.0005822970051667653,0.15789473684210525,"{'Growth Department': 45.0, 'Trading/Opportunity Team': 44.0, 'Investment Department': 45.0, 'Operations Department': 7.07538710436083, 'Risk Department': 16.021454385044898}",44.666666666666664,,7.07538710436083,16.021454385044898,aggressive,standard,
centralized_sustainability,13,4.567238175648548,43.14069531127213,True,18.0,19,204.0,32.52789792061955,162.63948960309776,0.22039540839672433,114,19,0.0005348160048015416,0.21052631578947367,"{'Growth Department': 44.0, 'Trading/Opportunity Team': 43.0, 'Investment Department': 45.0, 'Operations Department': 13.74801856562843, 'Risk Department': 16.891471037469337}",44.0,,13.74801856562843,16.891471037469337,aggressive,standard,
centralized_sustainability,14,0.0,44.693624483663086,True,16.0,17,181.0,28.261577912404295,141.30788956202147,0.22296887755019873,102,17,0.0004991290043108165,0.17647058823529413,"{'Growth Department': 38.0, 'Trading/Opportunity Team': 36.0, 'Investment Department': 40.0, 'Operations Department': 15.38393293562136, 'Risk Department': 11.923956626400104}",38.0,,15.38393293562136,11.923956626400104,aggressive,standard,
centralized_sustainability,15,3.1599306164931527,38.916274873727794,True,17.0,18,193.0,29.912704672493,149.563523362465,0.27529747781599295,108,18,0.002045626002654899,0.1111111111111111,"{'Growth Department': 41.0, 'Trading/Opportunity Team': 42.0, 'Investment Department': 45.0, 'Operations Department': 7.50032475013513, 'Risk Department': 14.063198612329861}",42.666666666666664,,7.50032475013513,14.063198612329861,aggressive,standard,
centralized_sustainability,16,4.786034985877812,40.83330787661558,True,15.0,16,175.0,26.763581683093765,133.81790841546882,0.2674078676854846,96,16,0.00046974499855423346,0.25,"{'Growth Department': 37.0, 'Trading/Opportunity Team': 39.0, 'Investment Department': 39.0, 'Operations Department': 8.722187715751254, 'Risk Department': 10.095720699717557}",38.333333333333336,,8.722187715751254,10.095720699717557,aggressive,standard,
centralized_sustainability,17,4.193472642430752,39.12337912783101,True,14.0,15,154.0,22.301506701245074,111.50753350622537,0.29763680040157825,90,15,0.0004517050037975423,0.2,"{'Growth Department': 33.0, 'Trading/Opportunity Team': 32.0, 'Investment Department': 33.0, 'Operations Department': 2.520602760112906, 'Risk Department': 10.986930746112458}",32.666666666666664,,2.520602760112906,10.986930746112458,aggressive,standard,
centralized_sustainability,18,1.201084343301023,45.056640991463965,True,15.0,16,167.0,25.212700271768572,126.06350135884286,0.26930946139128215,96,16,0.0004577689978759736,0.125,"{'Growth Department': 37.0, 'Trading/Opportunity Team': 34.0, 'Investment Department': 37.0, 'Operations Department': 8.061264511034288, 'Risk Department': 10.002236847808566}",36.0,,8.061264511034288,10.002236847808566,aggressive,standard,
centralized_sustainability,19,0.0,45.01839649259405,True,19.0,20,210.0,33.406177470494434,167.03088735247218,0.23444983194914712,120,20,0.0005544239975279197,0.15,"{'Growth Department': 42.0, 'Trading/Opportunity Team': 46.0, 'Investment Department': 48.0, 'Operations Department': 13.068203972267717, 'Risk Department': 17.962683380204467}",45.333333333333336,,13.068203972267717,17.962683380204467,aggressive,standard,
centralized_risk_averse,0,69.1426986354569,69.30409258368117,False,,100,560.0,110.94393222294184,554.7196611147092,0.010496051594455302,600,100,0.002375817006395664,0.96,"{'Growth Department': 113.0, 'Trading/Opportunity Team': 113.0, 'Investment Department': 112.0, 'Operations Department': 108.99523768821504, 'Risk Department': 107.72442342649407}",112.66666666666667,,108.99523768821504,107.72442342649407,aggressive,standard,
centralized_risk_averse,1,68.34778848183343,73.04185488460395,False,,100,545.0,108.28395969075302,541.4197984537651,0.008555432645283112,600,100,0.0020188089984003454,0.96,"{'Growth Department': 110.0, 'Trading/Opportunity Team': 109.0, 'Investment Department': 110.0, 'Operations Department': 106.0, 'Risk Department': 106.41979845376508}",109.66666666666667,,106.0,106.41979845376508,aggressive,standard,
centralized_risk_averse,2,63.12188749812448,68.85340661619063,False,,100,579.0,114.31051695685042,571.5525847842521,0.014104457970737094,600,100,0.0021687359985662624,0.95,"{'Growth Department': 116.0, 'Trading/Opportunity Team': 117.0, 'Investment Department': 117.0, 'Operations Department': 109.29381669035891, 'Risk Department': 112.25876809389318}",116.66666666666667,,109.29381669035891,112.25876809389318,aggressive,standard,
centralized_risk_averse,3,68.20664465621245,76.16130366093853,False,,100,536.0,106.54634983335522,532.7317491667761,0.006409606095224518,600,100,0.002035401004832238,0.98,"{'Growth Department': 108.0, 'Trading/Opportunity Team': 108.0, 'Investment Department': 106.0, 'Operations Department': 106.0, 'Risk Department': 104.73174916677618}",107.33333333333333,,106.0,104.73174916677618,aggressive,standard,
centralized_risk_averse,4,67.65176227436619,75.3686874071834,False,,100,546.0,108.57035510815001,542.85177554075,0.008214562399207282,600,100,0.0020119859982514754,0.97,"{'Growth Department': 110.0, 'Trading/Opportunity Team': 110.0, 'Investment Department': 110.0, 'Operations Department': 106.0, 'Risk Department': 106.85177554075003}",110.0,,106.0,106.85177554075003,aggressive,standard,
centralized_risk_averse,5,68.19452818121525,73.51603418119247,False,,100,541.0,107.43790059628228,537.1895029814114,0.007870514717878052,600,100,0.0019956649994128384,0.97,"{'Growth Department': 109.0, 'Trading/Opportunity Team': 109.0, 'Investment Department': 108.0, 'Operations Department': 105.94890068658455, 'Risk Department': 105.2406022948268}",108.66666666666667,,105.94890068658455,105.2406022948268,aggressive,standard,
centralized_risk_averse,6,76.27403034240734,72.43952175647328,False,,100,576.0,114.43455741129549,572.1727870564774,0.008268280639047632,600,100,0.002035858000454027,0.95,"{'Growth Department': 117.0, 'Trading/Opportunity Team': 115.0, 'Investment Department': 115.0, 'Operations Department': 112.0, 'Risk Department': 113.17278705647746}",115.66666666666667,,112.0,113.17278705647746,aggressive,standard,
centralized_risk_averse,7,72.12633767041764,72.5924272384824,False,,100,547.0,108.63634365316537,543.1817182658268,0.007832784580677554,600,100,0.001964917995792348,0.97,"{'Growth Department': 110.0, 'Trading/Opportunity Team': 110.0, 'Investment Department': 110.0, 'Operations Department': 107.0, 'Risk Department': 106.18171826582682}",110.0,,107.0,106.18171826582682,aggressive,standard,
centralized_risk_averse,8,79.07229794875505,74.95135189809483,False,,100,562.0,111.7395817020641,558.6979085103205,0.008807687519347063,600,100,0.002135799004463479,0.96,"{'Growth Department': 113.0, 'Trading/Opportunity Team': 114.0, 'Investment Department': 112.0, 'Operations Department': 109.0, 'Risk Department': 110.69790851032057}",113.0,,109.0,110.69790851032057,aggressive,standard,
centralized_risk_averse,9,73.74759634734652,73.39454233084159,False,,100,567.0,112.63138483568189,563.1569241784094,0.00983248201505198,600,100,0.0022135690014692955,0.95,"{'Growth Department': 115.0, 'Trading/Opportunity Team': 112.0, 'Investment Department': 115.0, 'Operations Department': 110.0, 'Risk Department': 111.15692417840943}",114.0,,110.0,111.15692417840943,aggressive,standard,
centralized_risk_averse,10,78.47511727810135,73.02188764066213,False,,100,547.0,108.66870356787422,543.3435178393711,0.006856041539460378,600,100,0.002100413003063295,0.98,"{'Growth Department': 109.0, 'Trading/Opportunity Team': 110.0, 'Investment Department': 110.0, 'Operations Department': 108.0, 'Risk Department': 106.34351783937103}",109.66666666666667,,108.0,106.34351783937103,aggressive,standard,
centralized_risk_averse,11,79.36579255656886,71.99478022781082,False,,100,574.0,113.87689962462373,569.3844981231186,0.011672605721898854,600,100,0.002103544997225981,0.94,"{'Growth Department': 116.0, 'Trading/Opportunity Team': 116.0, 'Investment Department': 116.0, 'Operations Department': 110.0, 'Risk Department': 111.38449812311869}",116.0,,110.0,111.38449812311869,aggressive,standard,
centralized_risk_averse,12,72.81418092003646,73.47125824910944,False,,100,545.0,108.22706279487716,541.1353139743858,0.005713448634102036,600,100,0.003593809000449255,0.99,"{'Growth Department': 109.0, 'Trading/Opportunity Team': 109.0, 'Investment Department': 109.0, 'Operations Department': 109.0, 'Risk Department': 105.13531397438581}",109.0,,109.0,105.13531397438581,aggressive,standard,
centralized_risk_averse,13,79.74542164496098,75.00438118986779,False,,100,560.0,111.2743557442258,556.371778721129,0.008360036740612031,600,100,0.0021990609966451302,0.95,"{'Growth Department': 113.0, 'Trading/Opportunity Team': 112.0, 'Investment Department': 113.0, 'Operations Department': 109.0, 'Risk Department': 109.37177872112903}",112.66666666666667,,109.0,109.37177872112903,aggressive,standard,
centralized_risk_averse,14,67.85166307520286,72.86980974322972,False,,100,564.0,111.93734829153125,559.6867414576562,0.008309303203722251,600,100,0.002107928004988935,0.96,"{'Growth Department': 113.0, 'Trading/Opportunity Team': 114.0, 'Investment Department': 113.0, 'Operations Department': 110.0, 'Risk Department': 109.68674145765621}",113.33333333333333,,110.0,109.68674145765621,aggressive,standard,
centralized_risk_averse,15,75.04752679623802,74.5103676261222,False,,100,561.0,111.46798777548402,557.3399388774201,0.008368365738199657,600,100,0.002411592999123968,0.96,"{'Growth Department': 113.0, 'Trading/Opportunity Team': 113.0, 'Investment Department': 113.0, 'Operations Department': 109.0, 'Risk Department': 109.33993887742002}",113.0,,109.0,109.33993887742002,aggressive,standard,
centralized_risk_averse,16,70.93000146323728,74.53169895561292,False,,100,545.0,108.2882283007618,541.441141503809,0.005997118704231141,600,100,0.0022017800001776777,0.98,"{'Growth Department': 108.0, 'Trading/Opportunity Team': 109.0, 'Investment Department': 110.0, 'Operations Department': 108.0, 'Risk Department': 106.44114150380908}",109.0,,108.0,106.44114150380908,aggressive,standard,
centralized_risk_averse,17,73.98764399285756,73.28940323812093,False,,100,530.0,105.19965571232217,525.9982785616108,0.00608628826593467,600,100,0.0021048589987913147,1.0,"{'Growth Department': 106.0, 'Trading/Opportunity Team': 106.0, 'Investment Department': 106.0, 'Operations Department': 106.0, 'Risk Department': 101.99827856161086}",106.0,,106.0,101.99827856161086,aggressive,standard,
centralized_risk_averse,18,56.46101447813952,71.54650016663503,False,,100,550.0,109.06924322824179,545.346216141209,0.009760821528565522,600,100,0.0021216710010776296,0.96,"{'Growth Department': 110.0, 'Trading/Opportunity Team': 111.0, 'Investment Department': 111.0, 'Operations Department': 107.0, 'Risk Department': 106.34621614120894}",110.66666666666667,,107.0,106.34621614120894,aggressive,standard,
centralized_risk_averse,19,75.24745335255136,72.16867767185472,False,,100,550.0,109.12961935292347,545.6480967646173,0.007113600526275831,600,100,0.0021700150027754717,0.98,"{'Growth Department': 109.0, 'Trading/Opportunity Team': 111.0, 'Investment Department': 110.0, 'Operations Department': 109.0, 'Risk Department': 106.64809676461734}",110.0,,109.0,106.64809676461734,aggressive,standard,
structured_debate,0,2.868632633309894,27.03833051770701,True,33.0,34,224.0,28.841762599079193,144.20881299539596,0.37870146222624734,510,68,0.0010602190013742074,0.8529411764705882,"{'Growth Department': 46.0, 'Trading/Opportunity Team': 44.0, 'Investment Department': 40.0, 'Operations Department': -14.739033863565727, 'Risk Department': 28.94784685896169}",43.333333333333336,,-14.739033863565727,28.94784685896169,aggressive,standard,
structured_debate,1,1.9846502988516814,35.945622323716734,True,34.0,35,268.0,40.773957514413176,203.8697875720659,0.24180484904490135,525,70,0.0011179909997736104,0.8285714285714286,"{'Growth Department': 56.0, 'Trading/Opportunity Team': 52.0, 'Investment Department': 57.0, 'Operations Department': 7.888454406235345, 'Risk Department': 30.98133316583055}",55.0,,7.888454406235345,30.98133316583055,aggressive,standard,
structured_debate,2,2.687447226853367,42.62756990705482,True,36.0,37,301.0,49.05480430705856,245.2740215352928,0.17169229950597326,555,74,0.0014703849956276827,0.8108108108108109,"{'Growth Department': 60.0, 'Trading/Opportunity Team': 65.0, 'Investment Department': 61.0, 'Operations Department': 26.446826548527163, 'Risk Department': 32.82719498676564}",62.0,,26.446826548527163,32.82719498676564,aggressive,standard,
structured_debate,3,4.063529389164643,35.42604457637385,True,52.0,53,394.0,62.366940426601516,311.83470213300757,0.22065393476792572,795,106,0.0018778090015985072,0.8679245283018868,"{'Growth Department': 85.0, 'Trading/Opportunity Team': 82.0, 'Investment Department': 81.0, 'Operations Department': 16.146412809911997, 'Risk Department': 47.68828932309553}",82.66666666666667,,16.146412809911997,47.68828932309553,aggressive,standard,
structured_debate,4,3.0690350436628275,38.525058985723305,True,30.0,31,262.0,41.19010198214063,205.95050991070315,0.22752427796457209,465,62,0.0011101300042355433,0.7096774193548387,"{'Growth Department': 53.0, 'Trading/Opportunity Team': 57.0, 'Investment Department': 56.0, 'Operations Department': 12.902637429626353, 'Risk Department': 27.0478724810768}",55.333333333333336,,12.902637429626353,27.0478724810768,aggressive,standard,
structured_debate,5,4.08824020676945,43.968448080431614,True,17.0,18,167.0,25.58084456719771,127.90422283598855,0.19393890517405854,270,36,0.0006089730013627559,0.7222222222222222,"{'Growth Department': 32.0, 'Trading/Opportunity Team': 34.0, 'Investment Department': 34.0, 'Operations Department': 15.822458031853152, 'Risk Department': 12.081764804135393}",33.333333333333336,,15.822458031853152,12.081764804135393,aggressive,standard,
structured_debate,6,3.046726869211195,37.92743390189441,True,42.0,43,348.0,56.26799531576336,281.3399765788168,0.2066069385135064,645,86,0.0013662069977726787,0.8372093023255814,"{'Growth Department': 74.0, 'Trading/Opportunity Team': 75.0, 'Investment Department': 74.0, 'Operations Department': 20.34304531515586, 'Risk Department': 37.99693126366096}",74.33333333333333,,20.34304531515586,37.99693126366096,aggressive,standard,
structured_debate,7,4.8416162216839975,41.880416368835895,True,21.0,22,183.0,27.204339296923212,136.02169648461606,0.21773287856939874,330,44,0.0006471619999501854,0.8181818181818182,"{'Growth Department': 37.0, 'Trading/Opportunity Team': 35.0, 'Investment Department': 37.0, 'Operations Department': 9.937314706662619, 'Risk Department': 17.084381777953432}",36.333333333333336,,9.937314706662619,17.084381777953432,aggressive,standard,
structured_debate,8,1.36805675935795,32.399188098570576,True,53.0,54,400.0,61.382911821442704,306.9145591072135,0.2692963169289788,810,108,0.0016191240065381862,0.8518518518518519,"{'Growth Department': 84.0, 'Trading/Opportunity Team': 88.0, 'Investment Department': 83.0, 'Operations Department': 1.4580399441514658, 'Risk Department': 50.456519163062055}",85.0,,1.4580399441514658,50.456519163062055,aggressive,standard,
structured_debate,9,4.721266848879672,38.60046206294992,True,36.0,37,292.0,46.21139166283081,231.05695831415406,0.1989150054949375,555,74,0.0010972559975925833,0.8918918918918919,"{'Growth Department': 61.0, 'Trading/Opportunity Team': 59.0, 'Investment Department': 61.0, 'Operations Department': 18.041301354087178, 'Risk Department': 32.01565696006687}",60.333333333333336,,18.041301354087178,32.01565696006687,aggressive,standard,
structured_debate,10,4.0739640826563495,37.44827924327129,True,37.0,38,311.0,49.482161745665834,247.41080872832916,0.22347579734106268,570,76,0.0011953139983233996,0.8157894736842105,"{'Growth Department': 65.0, 'Trading/Opportunity Team': 67.0, 'Investment Department': 67.0, 'Operations Department': 14.363371893269564, 'Risk Department': 34.047436835059585}",66.33333333333333,,14.363371893269564,34.047436835059585,aggressive,standard,
structured_debate,11,4.05002633263215,40.55008692046587,True,30.0,31,255.0,40.56475885065041,202.82379425325206,0.19002986973560015,465,62,0.0009938640068867244,0.8709677419354839,"{'Growth Department': 53.0, 'Trading/Opportunity Team': 53.0, 'Investment Department': 52.0, 'Operations Department': 17.819757743683873, 'Risk Department': 27.004036509568184}",52.666666666666664,,17.819757743683873,27.004036509568184,aggressive,standard,
structured_debate,12,4.729309396673761,39.02255065087631,True,38.0,39,332.0,54.0842496562923,270.4212482814615,0.2089353217227398,585,78,0.0013346650011953898,0.7692307692307693,"{'Growth Department': 72.0, 'Trading/Opportunity Team': 72.0, 'Investment Department': 71.0, 'Operations Department': 19.327375442658465, 'Risk Department': 36.093872838802994}",71.66666666666667,,19.327375442658465,36.093872838802994,aggressive,standard,
structured_debate,13,3.6353457942980967,35.13679677384517,True,42.0,43,335.0,52.613552737392375,263.0677636869619,0.22617437600462792,645,86,0.0014371970028150827,0.8372093023255814,"{'Growth Department': 71.0, 'Trading/Opportunity Team': 69.0, 'Investment Department': 71.0, 'Operations Department': 12.184268065959198, 'Risk Department': 39.8834956210027}",70.33333333333333,,12.184268065959198,39.8834956210027,aggressive,standard,
structured_debate,14,3.760825817113787,34.96619104861011,True,39.0,40,293.0,43.74590125734146,218.7295062867073,0.2512072984566226,600,80,0.002013366000028327,0.85,"{'Growth Department': 58.0, 'Trading/Opportunity Team': 60.0, 'Investment Department': 61.0, 'Operations Department': 4.904372795706196, 'Risk Department': 34.825133491001125}",59.666666666666664,,4.904372795706196,34.825133491001125,aggressive,standard,
structured_debate,15,3.063901057751396,32.672411362622704,True,57.0,58,426.0,66.45327176745643,332.26635883728216,0.24671380461301223,870,116,0.0025324840025859885,0.8793103448275862,"{'Growth Department': 89.0, 'Trading/Opportunity Team': 91.0, 'Investment Department': 91.0, 'Operations Department': 6.796897328572217, 'Risk Department': 54.469461508709934}",90.33333333333333,,6.796897328572217,54.469461508709934,aggressive,standard,
structured_debate,16,2.7026163280955675,29.954605712891784,True,65.0,66,446.0,66.48723068437114,332.4361534218557,0.3004072237423962,990,132,0.00215238900273107,0.8636363636363636,"{'Growth Department': 92.0, 'Trading/Opportunity Team': 98.0, 'Investment Department': 93.0, 'Operations Department': -10.10170822450797, 'Risk Department': 59.53786164636362}",94.33333333333333,,-10.10170822450797,59.53786164636362,aggressive,standard,
structured_debate,17,3.8760814783367135,33.173812611802056,True,30.0,31,239.0,34.904313978803536,174.5215698940177,0.29791531674760086,465,62,0.001046010002028197,0.8064516129032258,"{'Growth Department': 52.0, 'Trading/Opportunity Team': 50.0, 'Investment Department': 47.0, 'Operations Department': -1.5031918296797624, 'Risk Department': 27.024761723697463}",49.666666666666664,,-1.5031918296797624,27.024761723697463,aggressive,standard,
structured_debate,18,4.477540820535099,42.860076185131845,True,23.0,24,206.0,31.790666534671153,158.95333267335576,0.2219088684372849,360,48,0.0009020380020956509,0.7083333333333334,"{'Growth Department': 43.0, 'Trading/Opportunity Team': 41.0, 'Investment Department': 44.0, 'Operations Department': 11.863781856945053, 'Risk Department': 19.089550816410704}",42.666666666666664,,11.863781856945053,19.089550816410704,aggressive,standard,
structured_debate,19,3.620968124188968,43.25157255211457,True,27.0,28,243.0,38.78736863345675,193.93684316728374,0.18191227945654215,420,56,0.0012133659984101541,0.75,"{'Growth Department': 47.0, 'Trading/Opportunity Team': 51.0, 'Investment Department': 51.0, 'Operations Department': 19.864423804799962, 'Risk Department': 25.07241936248378}",49.666666666666664,,19.864423804799962,25.07241936248378,aggressive,standard,
independent,0,3.595148693476073,34.154190648582535,True,28.0,29,222.0,18.184603908814882,90.9230195440744,0.8844216673440479,0,0,0.0006396399985533208,0.0,"{'Growth Department': 76.0, 'Compliance Department': -6.0, 'ESG Department': -7.0, 'Operations Department': -1.1127018187399615, 'Risk Department': 29.035721362814375}",76.0,-6.5,-1.1127018187399615,29.035721362814375,conservative,standard,
independent,1,0.0,42.99229623167037,True,37.0,38,302.0,37.71535523426217,188.57677617131085,0.45581441423853086,0,0,0.0008362020016647875,0.0,"{'Growth Department': 102.0, 'Compliance Department': 9.0, 'ESG Department': 8.0, 'Operations Department': 33.68674424751933, 'Risk Department': 35.89003192379153}",102.0,8.5,33.68674424751933,35.89003192379153,conservative,standard,
independent,2,0.4319675819584905,47.13898673975547,True,40.0,41,330.0,47.62603589463964,238.1301794731982,0.31190199810020686,0,0,0.0008770410058787093,0.0,"{'Growth Department': 108.0, 'Compliance Department': 22.0, 'ESG Department': 27.0, 'Operations Department': 40.44698250906961, 'Risk Department': 40.683196964128605}",108.0,24.5,40.44698250906961,40.683196964128605,conservative,standard,
independent,3,1.9932622481764692,43.377250400621094,True,52.0,53,428.0,67.17810457189572,335.89052285947855,0.2587913391507753,0,0,0.0010909160046139732,0.0,"{'Growth Department': 150.0, 'Compliance Department': 46.0, 'ESG Department': 43.0, 'Operations Department': 49.31389554714635, 'Risk Department': 47.57662731233219}",150.0,44.5,49.31389554714635,47.57662731233219,conservative,standard,
independent,4,2.5439625490297697,43.258118545120915,True,44.0,45,360.0,50.434883004494644,252.17441502247323,0.3247411726524895,0,0,0.0019392379981582053,0.0,"{'Growth Department': 118.0, 'Compliance Department': 25.0, 'ESG Department': 26.0, 'Operations Department': 38.44587690408948, 'Risk Department': 44.72853811838374}",118.0,25.5,38.44587690408948,44.72853811838374,conservative,standard,
independent,5,0.7610705961009314,41.42581790067811,True,25.0,26,207.0,21.540494831199094,107.70247415599547,0.5533557935100061,0,0,0.0007201260013971478,0.0,"{'Growth Department': 67.0, 'Compliance Department': 3.0, 'ESG Department': 1.0, 'Operations Department': 16.708004032040982, 'Risk Department': 19.994470123954503}",67.0,2.0,16.708004032040982,19.994470123954503,conservative,standard,
independent,6,2.0298325372040136,45.48414429679235,True,55.0,56,444.0,64.93781184667421,324.68905923337104,0.33750792054864204,0,0,0.001135694001277443,0.0,"{'Growth Department': 152.0, 'Compliance Department': 28.0, 'ESG Department': 31.0, 'Operations Department': 56.96282301687483, 'Risk Department': 56.726236216496204}",152.0,29.5,56.96282301687483,56.726236216496204,conservative,standard,
independent,7,2.7700194298714518,41.87096281723575,True,26.0,27,212.0,18.027657588756796,90.13828794378398,0.8299862981608925,0,0,0.0005109199992148206,0.0,"{'Growth Department': 70.0, 'Compliance Department': -6.0, 'ESG Department': -9.0, 'Operations Department': 12.104428111229318, 'Risk Department': 23.03385983255466}",70.0,-7.5,12.104428111229318,23.03385983255466,conservative,standard,
independent,8,3.9705422451575796,43.53269957926949,True,70.0,71,565.0,89.40725193116009,447.03625965580045,0.281593897173072,0,0,0.0013752140002907254,0.0,"{'Growth Department': 192.0, 'Compliance Department': 45.0, 'ESG Department': 57.0, 'Operations Department': 77.70670633537546, 'Risk Department': 75.32955332042503}",192.0,51.0,77.70670633537546,75.32955332042503,conservative,standard,
independent,9,4.881518045065658,45.766447012041866,True,38.0,39,320.0,44.228930409000306,221.14465204500152,0.3782310073424659,0,0,0.0008034009952098131,0.0,"{'Growth Department': 108.0, 'Compliance Department': 18.0, 'ESG Department': 16.0, 'Operations Department': 43.10941127845018, 'Risk Department': 36.035240766551354}",108.0,17.0,43.10941127845018,36.035240766551354,conservative,standard,
independent,10,4.506397951678476,44.155049942849224,True,48.0,49,392.0,59.04879877095742,295.2439938547871,0.2953471379701547,0,0,0.0028023790000588633,0.0,"{'Growth Department': 134.0, 'Compliance Department': 31.0, 'ESG Department': 36.0, 'Operations Department': 46.24532238506376, 'Risk Department': 47.998671469723334}",134.0,33.5,46.24532238506376,47.998671469723334,conservative,standard,
independent,11,3.833420851440284,43.58154500211501,True,36.0,37,297.0,33.05339832037971,165.26699160189855,0.5515656092222373,0,0,0.0014867330028209835,0.0,"{'Growth Department': 96.0, 'Compliance Department': 3.0, 'ESG Department': -2.0, 'Operations Department': 33.37801933382968, 'Risk Department': 34.888972268068855}",96.0,0.5,33.37801933382968,34.888972268068855,conservative,standard,
independent,12,0.0,46.08887253938562,True,64.0,65,530.0,88.32372362800791,441.61861814003953,0.25184851389498153,0,0,0.0034999709969270043,0.0,"{'Growth Department': 183.0, 'Compliance Department': 57.0, 'ESG Department': 56.0, 'Operations Department': 81.05248171731078, 'Risk Department': 64.56613642272873}",183.0,56.5,81.05248171731078,64.56613642272873,conservative,standard,
independent,13,2.8822219984697064,44.33043319563578,True,50.0,51,418.0,62.15800237970245,310.79001189851226,0.31552317289842835,0,0,0.002129069995135069,0.0,"{'Growth Department': 142.0, 'Compliance Department': 29.0, 'ESG Department': 34.0, 'Operations Department': 53.15362664839725, 'Risk Department': 52.63638525011507}",142.0,31.5,53.15362664839725,52.63638525011507,conservative,standard,
independent,14,2.8058535991543856,40.04309255078726,True,41.0,42,326.0,42.025641619223734,210.12820809611867,0.3871341249149861,0,0,0.0016299329945468344,0.0,"{'Growth Department': 112.0, 'Compliance Department': 21.0, 'ESG Department': 19.0, 'Operations Department': 20.379354096503086, 'Risk Department': 37.74885399961559}",112.0,20.0,20.379354096503086,37.74885399961559,conservative,standard,
independent,15,0.6428588378498716,45.86543267337163,True,58.0,59,483.0,75.5544981565417,377.7724907827085,0.2999450847725976,0,0,0.002370068999880459,0.0,"{'Growth Department': 164.0, 'Compliance Department': 39.0, 'ESG Department': 40.0, 'Operations Department': 73.27750443143711, 'Risk Department': 61.494986351271336}",164.0,39.5,73.27750443143711,61.494986351271336,conservative,standard,
independent,16,1.9545519507835927,43.62628429403817,True,55.0,56,449.0,65.51275177950039,327.56375889750194,0.3322061615506252,0,0,0.0016692319986759685,0.0,"{'Growth Department': 152.0, 'Compliance Department': 32.0, 'ESG Department': 30.0, 'Operations Department': 60.046747516084004, 'Risk Department': 53.51701138141795}",152.0,31.0,60.046747516084004,53.51701138141795,conservative,standard,
independent,17,1.6133944761452073,38.16977617907607,True,42.0,43,331.0,45.07631831563212,225.38159157816062,0.3896687575957225,0,0,0.0010454930015839636,0.0,"{'Growth Department': 119.0, 'Compliance Department': 23.0, 'ESG Department': 26.0, 'Operations Department': 17.607059880046535, 'Risk Department': 39.7745316981141}",119.0,24.5,17.607059880046535,39.7745316981141,conservative,standard,
independent,18,0.9119398281972932,44.17798647399037,True,28.0,29,230.0,26.079825522512067,130.39912761256033,0.4720091938816541,0,0,0.03740162599569885,0.0,"{'Growth Department': 74.0, 'Compliance Department': 8.0, 'ESG Department': 5.0, 'Operations Department': 19.52515984437147, 'Risk Department': 23.873967768188855}",74.0,6.5,19.52515984437147,23.873967768188855,conservative,standard,
independent,19,2.516720258541966,45.31853902775384,True,49.0,50,387.0,57.90811889763247,289.54059448816236,0.31287574173604293,0,0,0.0011211800010642037,0.0,"{'Growth Department': 134.0, 'Compliance Department': 30.0, 'ESG Department': 32.0, 'Operations Department': 43.06502383021586, 'Risk Department': 50.47557065794648}",134.0,31.0,43.06502383021586,50.47557065794648,conservative,standard,
voting,0,56.97130766808784,60.86560236841934,False,,100,645.0,127.18756424752819,635.937821237641,0.010108112128457946,500,100,0.0035692320016096346,1.0,"{'Growth Department': 129.0, 'Compliance Department': 129.0, 'ESG Department': 129.0, 'Operations Department': 126.9459694847753, 'Risk Department': 121.99185175286563}",129.0,129.0,126.9459694847753,121.99185175286563,conservative,standard,
voting,1,62.824402561059486,64.70681498760176,False,,100,645.0,127.83939794319772,639.1969897159886,0.007262875610962993,500,100,0.002949417001218535,1.0,"{'Growth Department': 129.0, 'Compliance Department': 129.0, 'ESG Department': 129.0, 'Operations Department': 129.0, 'Risk Department': 123.19698971598854}",129.0,129.0,129.0,123.19698971598854,conservative,standard,
voting,2,47.735360696415825,58.202168008141555,False,,100,675.0,131.12092052882912,655.6046026441455,0.019544698150052043,500,100,0.003368279998539947,1.0,"{'Growth Department': 135.0, 'Compliance Department': 135.0, 'ESG Department': 135.0, 'Operations Department': 122.3614121946932, 'Risk Department': 128.24319044945233}",135.0,135.0,122.3614121946932,128.24319044945233,conservative,standard,
voting,3,61.308873224542566,63.20535165632272,False,,100,685.0,135.50112829372324,677.5056414686162,0.008358938769545254,500,100,0.0031278120004571974,1.0,"{'Growth Department': 137.0, 'Compliance Department': 137.0, 'ESG Department': 137.0, 'Operations Department': 136.16935336987646, 'Risk Department': 130.33628809873977}",137.0,137.0,136.16935336987646,130.33628809873977,conservative,standard,
voting,4,33.72042728345472,61.77808653620269,False,,100,705.0,138.2708947641166,691.354473820583,0.012010233942738147,500,100,0.0033584909979254007,0.99,"{'Growth Department': 141.0, 'Compliance Department': 141.0, 'ESG Department': 141.0, 'Operations Department': 133.8872037595575, 'Risk Department': 134.4672700610256}",141.0,141.0,133.8872037595575,134.4672700610256,conservative,standard,
voting,5,56.013689617894215,62.808473617396594,False,,100,660.0,129.77991408989755,648.8995704494878,0.010948473498174493,500,100,0.0027744609978981316,0.99,"{'Growth Department': 132.0, 'Compliance Department': 132.0, 'ESG Department': 132.0, 'Operations Department': 127.56029027408354, 'Risk Department': 125.33928017540433}",132.0,132.0,127.56029027408354,125.33928017540433,conservative,standard,
voting,6,64.48115673485358,64.35259426914149,False,,100,675.0,133.53215710745081,667.6607855372541,0.008164304743316286,500,100,0.0031540250056423247,1.0,"{'Growth Department': 135.0, 'Compliance Department': 135.0, 'ESG Department': 135.0, 'Operations Department': 133.94903637022844, 'Risk Department': 128.71174916702566}",135.0,135.0,133.94903637022844,128.71174916702566,conservative,standard,
voting,7,33.63428588085189,60.12923007965316,False,,100,675.0,131.59844989877203,657.9922494938602,0.016751575586389223,500,100,0.0027814729983219877,1.0,"{'Growth Department': 135.0, 'Compliance Department': 135.0, 'ESG Department': 135.0, 'Operations Department': 124.45173324950305, 'Risk Department': 128.54051624435718}",135.0,135.0,124.45173324950305,128.54051624435718,conservative,standard,
voting,8,66.3593761478549,65.49673238419045,False,,100,685.0,135.7680900203434,678.840450101717,0.007258907329237729,500,100,0.0027568410005187616,1.0,"{'Growth Department': 137.0, 'Compliance Department': 137.0, 'ESG Department': 137.0, 'Operations Department': 137.0, 'Risk Department': 130.840450101717}",137.0,137.0,137.0,130.840450101717,conservative,standard,
voting,9,68.5284444730454,57.26536990050482,False,,100,685.0,133.02422439569446,665.1211219784723,0.020102817907651095,500,100,0.0028867869987152517,1.0,"{'Growth Department': 137.0, 'Compliance Department': 137.0, 'ESG Department': 137.0, 'Operations Department': 123.45185601736327, 'Risk Department': 130.66926596110903}",137.0,137.0,123.45185601736327,130.66926596110903,conservative,standard,
voting,10,68.2203464609815,64.64436670327069,False,,100,645.0,127.80338164771743,639.0169082385871,0.007376089977936396,500,100,0.0027536980051081628,0.99,"{'Growth Department': 129.0, 'Compliance Department': 129.0, 'ESG Department': 129.0, 'Operations Department': 128.81743200865048, 'Risk Department': 123.19947622993664}",129.0,129.0,128.81743200865048,123.19947622993664,conservative,standard,
voting,11,72.98132204790035,58.78040983130561,False,,100,680.0,133.01815085609365,665.0907542804682,0.013792622773475215,500,100,0.002657561002706643,1.0,"{'Growth Department': 136.0, 'Compliance Department': 136.0, 'ESG Department': 136.0, 'Operations Department': 127.97588100974048, 'Risk Department': 129.11487327072768}",136.0,136.0,127.97588100974048,129.11487327072768,conservative,standard,
voting,12,65.78323352374008,63.75056026508879,False,,100,655.0,129.58624445054215,647.9312222527108,0.008486993160681067,500,100,0.0029139929974917322,1.0,"{'Growth Department': 131.0, 'Compliance Department': 131.0, 'ESG Department': 131.0, 'Operations Department': 130.60991413504752, 'Risk Department': 124.32130811766321}",131.0,131.0,130.60991413504752,124.32130811766321,conservative,standard,
voting,13,68.45950467276823,63.871713576129004,False,,100,685.0,135.18308226997155,675.9154113498578,0.009056824050952627,500,100,0.0028788959971279837,0.99,"{'Growth Department': 137.0, 'Compliance Department': 137.0, 'ESG Department': 137.0, 'Operations Department': 134.13494008452318, 'Risk Department': 130.78047126533465}",137.0,137.0,134.13494008452318,130.78047126533465,conservative,standard,
voting,14,62.689848301060366,63.244908071253036,False,,100,665.0,131.47000282276855,657.3500141138428,0.008855061790204743,500,100,0.0029200290009612218,1.0,"{'Growth Department': 133.0, 'Compliance Department': 133.0, 'ESG Department': 133.0, 'Operations Department': 132.25221570961097, 'Risk Department': 126.09779840423184}",133.0,133.0,132.25221570961097,126.09779840423184,conservative,standard,
voting,15,68.93115985940774,63.57010736189405,False,,100,685.0,135.53002292436497,677.6501146218249,0.008209982334475896,500,100,0.002853368001524359,1.0,"{'Growth Department': 137.0, 'Compliance Department': 137.0, 'ESG Department': 137.0, 'Operations Department': 136.20896791865172, 'Risk Department': 130.44114670317313}",137.0,137.0,136.20896791865172,130.44114670317313,conservative,standard,
voting,16,51.45896307070675,63.955910416236065,False,,100,670.0,132.46670930968736,662.3335465484369,0.00846093481029353,500,100,0.00276182599918684,1.0,"{'Growth Department': 134.0, 'Compliance Department': 134.0, 'ESG Department': 134.0, 'Operations Department': 132.676995496916, 'Risk Department': 127.65655105152084}",134.0,134.0,132.676995496916,127.65655105152084,conservative,standard,
voting,17,61.83262073872167,61.59672329515528,False,,100,655.0,129.36164427137913,646.8082213568956,0.00951521903942929,500,100,0.0026926869977614842,0.99,"{'Growth Department': 131.0, 'Compliance Department': 131.0, 'ESG Department': 131.0, 'Operations Department': 130.00274747057767, 'Risk Department': 123.80547388631797}",131.0,131.0,130.00274747057767,123.80547388631797,conservative,standard,
voting,18,40.26301465780182,59.25488862534302,False,,100,665.0,130.3771189946539,651.8855949732695,0.012393359449681719,500,100,0.0026808569964487106,1.0,"{'Growth Department': 133.0, 'Compliance Department': 133.0, 'ESG Department': 133.0, 'Operations Department': 126.96882119297265, 'Risk Department': 125.91677378029686}",133.0,133.0,126.96882119297265,125.91677378029686,conservative,standard,
voting,19,69.23613372800091,64.94487348593375,False,,100,635.0,125.7733947180383,628.8669735901915,0.007802001589996266,500,100,0.0033505359970149584,1.0,"{'Growth Department': 127.0, 'Compliance Department': 127.0, 'ESG Department': 127.0, 'Operations Department': 127.0, 'Risk Department': 120.8669735901915}",127.0,127.0,127.0,120.8669735901915,conservative,standard,
adaptive_voting,0,63.586467543424035,64.5669086702215,False,,100,610.0,120.51992240700338,602.5996120350169,0.008883376363199602,500,100,0.004635559998860117,1.0,"{'Growth Department': 122.0, 'Compliance Department': 122.0, 'ESG Department': 122.0, 'Operations Department': 120.58202194509636, 'Risk Department': 116.01759008992049}",122.0,122.0,120.58202194509636,116.01759008992049,conservative,standard,
adaptive_voting,1,64.18125929268086,67.54233348827377,False,,100,620.0,122.98393871804464,614.9196935902232,0.006609391714375512,500,100,0.0030889990011928603,1.0,"{'Growth Department': 124.0, 'Compliance Department': 124.0, 'ESG Department': 124.0, 'Operations Department': 124.0, 'Risk Department': 118.91969359022318}",124.0,124.0,124.0,118.91969359022318,conservative,standard,
adaptive_voting,2,65.02350346994837,66.72863649873483,False,,100,625.0,123.72386523169561,618.6193261584781,0.007978923862362564,500,100,0.002772312000161037,1.0,"{'Growth Department': 125.0, 'Compliance Department': 125.0, 'ESG Department': 125.0, 'Operations Department': 124.57844357496761, 'Risk Department': 119.04088258351052}",125.0,125.0,124.57844357496761,119.04088258351052,conservative,standard,
adaptive_voting,3,60.07245906036775,68.33720052517867,False,,100,650.0,128.89169039416328,644.4584519708164,0.006879013549732527,500,100,0.0027316339983372018,1.0,"{'Growth Department': 130.0, 'Compliance Department': 130.0, 'ESG Department': 130.0, 'Operations Department': 130.0, 'Risk Department': 124.45845197081641}",130.0,130.0,130.0,124.45845197081641,conservative,standard,
adaptive_voting,4,67.55181203079812,68.800932380575,False,,100,635.0,126.0217292040888,630.108646020444,0.006210172179605245,500,100,0.0027220759948249906,1.0,"{'Growth Department': 127.0, 'Compliance Department': 127.0, 'ESG Department': 127.0, 'Operations Department': 127.0, 'Risk Department': 122.10864602044393}",127.0,127.0,127.0,122.10864602044393,conservative,standard,
adaptive_voting,5,68.47146644118112,67.53146479190288,False,,100,620.0,122.89146325024626,614.4573162512313,0.007059590784599124,500,100,0.0026558300014585257,1.0,"{'Growth Department': 124.0, 'Compliance Department': 124.0, 'ESG Department': 124.0, 'Operations Department': 123.7591755208045, 'Risk Department': 118.69814073042686}",124.0,124.0,123.7591755208045,118.69814073042686,conservative,standard,
adaptive_voting,6,68.39464469039194,67.93587973028423,False,,100,645.0,127.96024308007595,639.8012154003798,0.00650049981085683,500,100,0.0026954689965350553,1.0,"{'Growth Department': 129.0, 'Compliance Department': 129.0, 'ESG Department': 129.0, 'Operations Department': 129.0, 'Risk Department': 123.80121540037975}",129.0,129.0,129.0,123.80121540037975,conservative,standard,
adaptive_voting,7,67.8362783253157,66.58691847055461,False,,100,620.0,122.90761827818895,614.5380913909447,0.007062717173808864,500,100,0.00266618600289803,1.0,"{'Growth Department': 124.0, 'Compliance Department': 124.0, 'ESG Department': 124.0, 'Operations Department': 123.92695461195565, 'Risk Department': 118.61113677898906}",124.0,124.0,123.92695461195565,118.61113677898906,conservative,standard,
adaptive_voting,8,68.90026303243961,69.22344690119331,False,,100,650.0,129.00303390777304,645.0151695388653,0.006182590049407288,500,100,0.002843100002792198,1.0,"{'Growth Department': 130.0, 'Compliance Department': 130.0, 'ESG Department': 130.0, 'Operations Department': 130.0, 'Risk Department': 125.01516953886525}",130.0,130.0,130.0,125.01516953886525,conservative,standard,
adaptive_voting,9,69.5422743047935,68.5282827732982,False,,100,635.0,126.01326709441692,630.0663354720846,0.006264311232205522,500,100,0.003150400996673852,1.0,"{'Growth Department': 127.0, 'Compliance Department': 127.0, 'ESG Department': 127.0, 'Operations Department': 127.0, 'Risk Department': 122.06633547208459}",127.0,127.0,127.0,122.06633547208459,conservative,standard,
adaptive_voting,10,67.18928683700382,67.9612442789266,False,,100,620.0,122.99585614925593,614.9792807462796,0.006531236951759034,500,100,0.002917771998909302,0.99,"{'Growth Department': 124.0, 'Compliance Department': 124.0, 'ESG Department': 124.0, 'Operations Department': 124.0, 'Risk Department': 118.97928074627961}",124.0,124.0,124.0,118.97928074627961,conservative,standard,
adaptive_voting,11,70.54272113011476,67.05821149445042,False,,100,640.0,126.84963296777717,634.2481648388858,0.0072549963625991865,500,100,0.0043272860057186335,1.0,"{'Growth Department': 128.0, 'Compliance Department': 128.0, 'ESG Department': 128.0, 'Operations Department': 128.0, 'Risk Department': 122.24816483888587}",128.0,128.0,128.0,122.24816483888587,conservative,standard,
adaptive_voting,12,68.06776288023603,67.17226728924199,False,,100,630.0,124.86050561270596,624.3025280635298,0.007300911568168899,500,100,0.0029089079980622046,1.0,"{'Growth Department': 126.0, 'Compliance Department': 126.0, 'ESG Department': 126.0, 'Operations Department': 126.0, 'Risk Department': 120.30252806352983}",126.0,126.0,126.0,120.30252806352983,conservative,standard,
adaptive_voting,13,69.96604686545324,68.34713362361886,False,,100,655.0,129.8858837841438,649.4294189207191,0.006862123478839166,500,100,0.0028485799994086847,1.0,"{'Growth Department': 131.0, 'Compliance Department': 131.0, 'ESG Department': 131.0, 'Operations Department': 131.0, 'Risk Department': 125.42941892071909}",131.0,131.0,131.0,125.42941892071909,conservative,standard,
adaptive_voting,14,69.19907539513409,66.64056384445315,False,,100,635.0,125.85408006232085,629.2704003116042,0.007284117842579008,500,100,0.004679799996665679,1.0,"{'Growth Department': 127.0, 'Compliance Department': 127.0, 'ESG Department': 127.0, 'Operations Department': 127.0, 'Risk Department': 121.27040031160423}",127.0,127.0,127.0,121.27040031160423,conservative,standard,
adaptive_voting,15,69.28493633594583,68.9400623817165,False,,100,645.0,127.88748526678964,639.4374263339482,0.006959334486182023,500,100,0.005023396995966323,1.0,"{'Growth Department': 129.0, 'Compliance Department': 129.0, 'ESG Department': 129.0, 'Operations Department': 129.0, 'Risk Department': 123.43742633394827}",129.0,129.0,129.0,123.43742633394827,conservative,standard,
adaptive_voting,16,70.609170040445,68.32015529964548,False,,100,625.0,123.91491486849682,619.5745743424841,0.0070053561036118595,500,100,0.004156980998232029,0.99,"{'Growth Department': 125.0, 'Compliance Department': 125.0, 'ESG Department': 125.0, 'Operations Department': 125.0, 'Risk Department': 119.57457434248403}",125.0,125.0,125.0,119.57457434248403,conservative,standard,
adaptive_voting,17,66.72968822009653,67.51189521940518,False,,100,610.0,120.84568503463711,604.2284251731855,0.007641580020218442,500,100,0.002924701002484653,0.99,"{'Growth Department': 122.0, 'Compliance Department': 122.0, 'ESG Department': 122.0, 'Operations Department': 122.0, 'Risk Department': 116.22842517318558}",122.0,122.0,122.0,116.22842517318558,conservative,standard,
adaptive_voting,18,66.57569623141357,66.98496704046424,False,,100,595.0,117.87551374578982,589.3775687289491,0.007631686809087412,500,100,0.003107435994024854,1.0,"{'Growth Department': 119.0, 'Compliance Department': 119.0, 'ESG Department': 119.0, 'Operations Department': 119.0, 'Risk Department': 113.3775687289491}",119.0,119.0,119.0,113.3775687289491,conservative,standard,
adaptive_voting,19,69.19256506427973,67.57975611662265,False,,100,610.0,120.89456256762628,604.4728128381314,0.007315051455720045,500,100,0.005474267003592104,1.0,"{'Growth Department': 122.0, 'Compliance Department': 122.0, 'ESG Department': 122.0, 'Operations Department': 122.0, 'Risk Department': 116.47281283813146}",122.0,122.0,122.0,116.47281283813146,conservative,standard,
centralized_profit,0,63.609822228441715,64.46377285589156,False,,100,610.0,120.53641735452534,602.6820867726267,0.04951317269839421,600,100,0.0029347210002015345,0.96,"{'Growth Department': 130.0, 'Compliance Department': 130.0, 'ESG Department': 119.0, 'Operations Department': 125.48296457837861, 'Risk Department': 98.19912219424799}",130.0,124.5,125.48296457837861,98.19912219424799,conservative,standard,
centralized_profit,1,63.18839387776828,68.34654256430964,False,,100,611.0,121.23121980397403,606.1560990198701,0.04136743130135852,600,100,0.0030335080009535886,0.99,"{'Growth Department': 128.0, 'Compliance Department': 128.0, 'ESG Department': 125.0, 'Operations Department': 127.0, 'Risk Department': 98.15609901987014}",128.0,126.5,127.0,98.15609901987014,conservative,standard,
centralized_profit,2,64.86807059686578,66.91082245872342,False,,100,622.0,123.26891199478192,616.3445599739096,0.03897153053381075,600,100,0.0028863309998996556,0.97,"{'Growth Department': 128.0, 'Compliance Department': 131.0, 'ESG Department': 127.0, 'Operations Department': 128.57961568124915, 'Risk Department': 101.76494429266043}",128.0,129.0,128.57961568124915,101.76494429266043,conservative,standard,
centralized_profit,3,59.49605692893216,68.40493419207864,False,,100,650.0,129.00059413815944,645.0029706907972,0.05705031623025274,600,100,0.003153367004415486,0.94,"{'Growth Department': 140.0, 'Compliance Department': 140.0, 'ESG Department': 130.0, 'Operations Department': 136.0, 'Risk Department': 99.00297069079711}",140.0,135.0,136.0,99.00297069079711,conservative,standard,
centralized_profit,4,69.97727575023022,68.8489013249046,False,,100,633.0,125.68639974770728,628.4319987385364,0.051643457166912474,600,100,0.0026599100019666366,0.94,"{'Growth Department': 134.0, 'Compliance Department': 136.0, 'ESG Department': 128.0, 'Operations Department': 132.0, 'Risk Department': 98.43199873853642}",134.0,132.0,132.0,98.43199873853642,conservative,standard,
centralized_profit,5,67.57628322494855,66.71955585850834,False,,100,629.0,124.70761821700857,623.5380910850429,0.061954016752691035,600,100,0.002874185003747698,0.93,"{'Growth Department': 136.0, 'Compliance Department': 138.0, 'ESG Department': 122.0, 'Operations Department': 130.8264527613223, 'Risk Department': 96.7116383237205}",136.0,130.0,130.8264527613223,96.7116383237205,conservative,standard,
centralized_profit,6,69.74727155086794,68.68483514257912,False,,100,637.0,126.51090602354039,632.5545301177019,0.04609306315522428,600,100,0.002913951000664383,0.98,"{'Growth Department': 135.0, 'Compliance Department': 135.0, 'ESG Department': 129.0, 'Operations Department': 132.0, 'Risk Department': 101.55453011770194}",135.0,132.0,132.0,101.55453011770194,conservative,standard,
centralized_profit,7,64.17901767752008,66.35232719087496,False,,100,623.0,123.53805219185988,617.6902609592994,0.05207626248091035,600,100,0.0032770489997346886,0.95,"{'Growth Department': 133.0, 'Compliance Department': 134.0, 'ESG Department': 125.0, 'Operations Department': 127.89901116132248, 'Risk Department': 97.79124979797689}",133.0,129.5,127.89901116132248,97.79124979797689,conservative,standard,
centralized_profit,8,69.554342735831,69.19072326249068,False,,100,650.0,129.0508396519862,645.254198259931,0.051137429994315295,600,100,0.0024882919969968498,0.95,"{'Growth Department': 138.0, 'Compliance Department': 139.0, 'ESG Department': 133.0, 'Operations Department': 135.0, 'Risk Department': 100.25419825993097}",138.0,136.0,135.0,100.25419825993097,conservative,standard,
centralized_profit,9,71.02033869636513,68.32228608329865,False,,100,635.0,126.09331555572605,630.4665777786303,0.05523962570673202,600,100,0.0026763939968077466,0.95,"{'Growth Department': 137.0, 'Compliance Department': 137.0, 'ESG Department': 125.0, 'Operations Department': 132.0, 'Risk Department': 99.46657777863025}",137.0,131.0,132.0,99.46657777863025,conservative,standard,
centralized_profit,10,69.91028557535594,67.27153258216512,False,,100,622.0,123.40772083085153,617.0386041542577,0.047272758106560356,600,100,0.0028372900051181205,0.94,"{'Growth Department': 130.0, 'Compliance Department': 133.0, 'ESG Department': 125.0, 'Operations Department': 130.0, 'Risk Department': 99.03860415425765}",130.0,129.0,130.0,99.03860415425765,conservative,standard,
centralized_profit,11,70.26726294033126,67.71273135782694,False,,100,636.0,126.11727159319378,630.5863579659689,0.04936820030113136,600,100,0.002895045996410772,0.96,"{'Growth Department': 134.0, 'Compliance Department': 136.0, 'ESG Department': 129.0, 'Operations Department': 132.0, 'Risk Department': 99.5863579659689}",134.0,132.5,132.0,99.5863579659689,conservative,standard,
centralized_profit,12,69.16501604910452,67.40285050161641,False,,100,626.0,124.16823111517014,620.8411555758507,0.05625766788434561,600,100,0.0031501309931627475,0.95,"{'Growth Department': 135.0, 'Compliance Department': 135.0, 'ESG Department': 122.0, 'Operations Department': 131.0, 'Risk Department': 97.84115557585069}",135.0,128.5,131.0,97.84115557585069,conservative,standard,
centralized_profit,13,72.85095609616337,69.07655617633468,False,,100,646.0,128.24657884067832,641.2328942033917,0.05086090394318106,600,100,0.0024489780043950304,0.96,"{'Growth Department': 137.0, 'Compliance Department': 138.0, 'ESG Department': 133.0, 'Operations Department': 134.0, 'Risk Department': 99.23289420339167}",137.0,135.5,134.0,99.23289420339167,conservative,standard,
centralized_profit,14,69.4063001884689,67.29432341991766,False,,100,630.0,124.92974415599777,624.6487207799888,0.04783652376442386,600,100,0.0024711650039535016,0.93,"{'Growth Department': 134.0, 'Compliance Department': 135.0, 'ESG Department': 124.0, 'Operations Department': 129.0, 'Risk Department': 102.64872077998878}",134.0,129.5,129.0,102.64872077998878,conservative,standard,
centralized_profit,15,67.52269121239743,69.03740266592644,False,,100,645.0,128.02362961979637,640.1181480989818,0.05359242137204632,600,100,0.002758720002020709,0.97,"{'Growth Department': 137.0, 'Compliance Department': 138.0, 'ESG Department': 131.0, 'Operations Department': 136.0, 'Risk Department': 98.11814809898183}",137.0,134.5,136.0,98.11814809898183,conservative,standard,
centralized_profit,16,69.1853193862307,68.50643288654032,False,,100,625.0,124.02661577761742,620.1330788880871,0.050785126550576896,600,100,0.0024823019994073547,0.91,"{'Growth Department': 131.0, 'Compliance Department': 135.0, 'ESG Department': 126.0, 'Operations Department': 130.0, 'Risk Department': 98.13307888808703}",131.0,130.5,130.0,98.13307888808703,conservative,standard,
centralized_profit,17,67.10196269754111,66.81061376165638,False,,100,615.0,121.84355476586332,609.2177738293166,0.05224040122221272,600,100,0.002360679005505517,0.95,"{'Growth Department': 132.0, 'Compliance Department': 132.0, 'ESG Department': 122.0, 'Operations Department': 126.0, 'Risk Department': 97.21777382931658}",132.0,127.0,126.0,97.21777382931658,conservative,standard,
centralized_profit,18,69.41010272655384,65.86735363511758,False,,100,603.0,119.49132665768491,597.4566332884245,0.053618441212946524,600,100,0.0031673580015194602,0.96,"{'Growth Department': 130.0, 'Compliance Department': 130.0, 'ESG Department': 117.0, 'Operations Department': 124.0, 'Risk Department': 96.4566332884245}",130.0,123.5,124.0,96.4566332884245,conservative,standard,
centralized_profit,19,67.56030512029444,67.06572820201191,False,,100,618.0,122.5438314420478,612.719157210239,0.05063441197606213,600,100,0.002337955003895331,0.97,"{'Growth Department': 131.0, 'Compliance Department': 132.0, 'ESG Department': 122.0, 'Operations Department': 130.0, 'Risk Department': 97.71915721023902}",131.0,127.0,130.0,97.71915721023902,conservative,standard,
centralized_sustainability,0,62.646504289401946,65.5836230545326,False,,100,603.0,119.36859154029555,596.8429577014778,0.04061719031241022,600,100,0.002122612997482065,0.98,"{'Growth Department': 126.0, 'Compliance Department': 123.0, 'ESG Department': 126.0, 'Operations Department': 124.64556270095622, 'Risk Department': 97.1973950005215}",126.0,124.5,124.64556270095622,97.1973950005215,conservative,standard,
centralized_sustainability,1,61.03152228623708,68.00855947451359,False,,100,618.0,122.67942910209119,613.397145510456,0.04447735662175525,600,100,0.0021291910015861504,0.96,"{'Growth Department': 130.0, 'Compliance Department': 123.0, 'ESG Department': 131.0, 'Operations Department': 129.0, 'Risk Department': 100.39714551045593}",130.0,127.0,129.0,100.39714551045593,conservative,standard,
centralized_sustainability,2,67.30500124886235,66.11136185123112,False,,100,623.0,123.2710377017022,616.355188508511,0.04727163188038599,600,100,0.002681213998585008,0.94,"{'Growth Department': 131.0, 'Compliance Department': 125.0, 'ESG Department': 133.0, 'Operations Department': 127.77533298193639, 'Risk Department': 99.57985552657459}",131.0,129.0,127.77533298193639,99.57985552657459,conservative,standard,
centralized_sustainability,3,59.810702995885464,68.66147356672244,False,,100,647.0,128.38277850524125,641.9138925262063,0.05432019213949548,600,100,0.002468232996761799,0.93,"{'Growth Department': 138.0, 'Compliance Department': 131.0, 'ESG Department': 139.0, 'Operations Department': 135.0, 'Risk Department': 98.91389252620625}",138.0,135.0,135.0,98.91389252620625,conservative,standard,
centralized_sustainability,4,67.18639053987008,68.46234374057249,False,,100,639.0,126.88191092713357,634.4095546356679,0.05812074553738551,600,100,0.0025134270035778172,0.93,"{'Growth Department': 138.0, 'Compliance Department': 127.0, 'ESG Department': 139.0, 'Operations Department': 132.0, 'Risk Department': 98.40955463566787}",138.0,133.0,132.0,98.40955463566787,conservative,standard,
centralized_sustainability,5,67.25781357037845,68.03880161135376,False,,100,618.0,122.60678354338495,613.0339177169247,0.04495115074543392,600,100,0.002248203003546223,0.97,"{'Growth Department': 128.0, 'Compliance Department': 129.0, 'ESG Department': 131.0, 'Operations Department': 127.95928555224336, 'Risk Department': 97.07463216468136}",128.0,130.0,127.95928555224336,97.07463216468136,conservative,standard,
centralized_sustainability,6,69.55569116779903,68.5975261912131,False,,100,639.0,126.79438160868199,633.9719080434099,0.04924898590795923,600,100,0.0025691400005598553,0.97,"{'Growth Department': 136.0, 'Compliance Department': 130.0, 'ESG Department': 136.0, 'Operations Department': 132.0, 'Risk Department': 99.97190804341}",136.0,133.0,132.0,99.97190804341,conservative,standard,
centralized_sustainability,7,64.3295561626022,67.07602894377693,False,,100,619.0,122.7617796631957,613.8088983159785,0.04632979803989397,600,100,0.0021854689985048026,0.96,"{'Growth Department': 131.0, 'Compliance Department': 126.0, 'ESG Department': 132.0, 'Operations Department': 125.71190236712921, 'Risk Department': 99.09699594884916}",131.0,129.0,125.71190236712921,99.09699594884916,conservative,standard,
centralized_sustainability,8,69.60493713125646,68.74798964536254,False,,100,653.0,129.67424657770397,648.3712328885198,0.05629955778044273,600,100,0.0023334919969784096,0.95,"{'Growth Department': 140.0, 'Compliance Department': 132.0, 'ESG Department': 141.0, 'Operations Department': 136.0, 'Risk Department': 99.37123288851983}",140.0,136.5,136.0,99.37123288851983,conservative,standard,
centralized_sustainability,9,72.06939357367693,68.49763541971355,False,,100,633.0,125.61285746585375,628.0642873292687,0.05341582193638868,600,100,0.0024314379988936707,0.96,"{'Growth Department': 135.0, 'Compliance Department': 125.0, 'ESG Department': 136.0, 'Operations Department': 133.0, 'Risk Department': 99.06428732926872}",135.0,130.5,133.0,99.06428732926872,conservative,standard,
centralized_sustainability,10,71.4518640645682,67.54496083427105,False,,100,619.0,122.82217569745565,614.1108784872782,0.049993273531442915,600,100,0.002297396997164469,0.95,"{'Growth Department': 132.0, 'Compliance Department': 123.0, 'ESG Department': 133.0, 'Operations Department': 126.98764489583967, 'Risk Department': 99.12323359143853}",132.0,128.0,126.98764489583967,99.12323359143853,conservative,standard,
centralized_sustainability,11,69.82613024674924,67.32763385569609,False,,100,639.0,126.67693649256728,633.3846824628364,0.05256245525275123,600,100,0.002627485002449248,0.95,"{'Growth Department': 137.0, 'Compliance Department': 127.0, 'ESG Department': 137.0, 'Operations Department': 132.0, 'Risk Department': 100.38468246283635}",137.0,132.0,132.0,100.38468246283635,conservative,standard,
centralized_sustainability,12,68.89843182015684,67.48359688549075,False,,100,624.0,123.72549951265118,618.6274975632559,0.04574320097451175,600,100,0.0025792739979806356,0.97,"{'Growth Department': 132.0, 'Compliance Department': 126.0, 'ESG Department': 132.0, 'Operations Department': 129.0, 'Risk Department': 99.62749756325593}",132.0,129.0,129.0,99.62749756325593,conservative,standard,
centralized_sustainability,13,70.67457055468525,68.93584597720874,False,,100,649.0,128.85504568810822,644.2752284405411,0.0567766936129269,600,100,0.0029218330018920824,0.92,"{'Growth Department': 140.0, 'Compliance Department': 130.0, 'ESG Department': 141.0, 'Operations Department': 133.0, 'Risk Department': 100.2752284405411}",140.0,135.5,133.0,100.2752284405411,conservative,standard,
centralized_sustainability,14,69.03239799638081,67.25096303992532,False,,100,628.0,124.5145476652056,622.572738326028,0.04616618680808031,600,100,0.0027693169977283105,0.97,"{'Growth Department': 131.0, 'Compliance Department': 130.0, 'ESG Department': 133.0, 'Operations Department': 131.0, 'Risk Department': 97.57273832602804}",131.0,131.5,131.0,97.57273832602804,conservative,standard,
centralized_sustainability,15,68.09918490333861,68.8401939020787,False,,100,646.0,128.22474721118414,641.1237360559206,0.057244817328151856,600,100,0.002552256999479141,0.92,"{'Growth Department': 138.0, 'Compliance Department': 132.0, 'ESG Department': 140.0, 'Operations Department': 134.0, 'Risk Department': 97.1237360559206}",138.0,136.0,134.0,97.1237360559206,conservative,standard,
centralized_sustainability,16,66.61131679622342,68.2884004289991,False,,100,629.0,124.7897820518107,623.9489102590535,0.05263391161164499,600,100,0.0024641540003358386,0.93,"{'Growth Department': 134.0, 'Compliance Department': 126.0, 'ESG Department': 135.0, 'Operations Department': 131.0, 'Risk Department': 97.94891025905352}",134.0,130.5,131.0,97.94891025905352,conservative,standard,
centralized_sustainability,17,69.28181993410571,67.20335624301569,False,,100,610.0,120.82178515568826,604.1089257784413,0.04819140743489712,600,100,0.0027927600021939725,0.95,"{'Growth Department': 130.0, 'Compliance Department': 123.0, 'ESG Department': 130.0, 'Operations Department': 124.0, 'Risk Department': 97.10892577844133}",130.0,126.5,124.0,97.10892577844133,conservative,standard,
centralized_sustainability,18,66.26605225680558,66.19166691419164,False,,100,603.0,119.5007810770043,597.5039053850215,0.044121543868755886,600,100,0.004388976005429868,0.97,"{'Growth Department': 127.0, 'Compliance Department': 120.0, 'ESG Department': 128.0, 'Operations Department': 123.9573988515193, 'Risk Department': 98.5465065335022}",127.0,124.0,123.9573988515193,98.5465065335022,conservative,standard,
centralized_sustainability,19,69.11084980085323,67.42113012877623,False,,100,612.0,121.34604835109887,606.7302417554944,0.04518615475022401,600,100,0.002365814994846005,0.97,"{'Growth Department': 128.0, 'Compliance Department': 123.0, 'ESG Department': 129.0, 'Operations Department': 129.0, 'Risk Department': 97.7302417554944}",128.0,126.0,129.0,97.7302417554944,conservative,standard,
centralized_risk_averse,0,69.35478058100826,70.33087513131149,False,,100,548.0,108.623944839124,543.1197241956199,0.01178377384374798,600,100,0.0022007699953974225,0.96,"{'Growth Department': 113.0, 'Compliance Department': 107.0, 'ESG Department': 106.0, 'Operations Department': 109.0, 'Risk Department': 108.11972419561994}",113.0,106.5,109.0,108.11972419561994,conservative,standard,
centralized_risk_averse,1,69.23430115593199,73.90271334442376,False,,100,535.0,106.33975478204972,531.6987739102486,0.010305665224318084,600,100,0.002235936997749377,0.96,"{'Growth Department': 110.0, 'Compliance Department': 104.0, 'ESG Department': 105.0, 'Operations Department': 106.0, 'Risk Department': 106.69877391024859}",110.0,104.5,106.0,106.69877391024859,conservative,standard,
centralized_risk_averse,2,65.87104714874503,70.88035938456989,False,,100,563.0,111.61860800061852,558.0930400030926,0.012692612005859338,600,100,0.0029923370020696893,0.95,"{'Growth Department': 116.0, 'Compliance Department': 109.0, 'ESG Department': 109.0, 'Operations Department': 111.38389395326834, 'Risk Department': 112.70914604982424}",116.0,109.0,111.38389395326834,112.70914604982424,conservative,standard,
centralized_risk_averse,3,68.21247906718281,76.66885159612775,False,,100,529.0,105.18406444744042,525.9203222372021,0.00912685780914746,600,100,0.0022049580002203584,0.98,"{'Growth Department': 108.0, 'Compliance Department': 104.0, 'ESG Department': 103.0, 'Operations Department': 106.0, 'Risk Department': 104.9203222372021}",108.0,103.5,106.0,104.9203222372021,conservative,standard,
centralized_risk_averse,4,69.29621052335465,75.76266360215935,False,,100,540.0,107.40425518577267,537.0212759288634,0.0059746429338311206,600,100,0.0031320039997808635,0.97,"{'Growth Department': 110.0, 'Compliance Department': 107.0, 'ESG Department': 107.0, 'Operations Department': 106.0, 'Risk Department': 107.02127592886332}",110.0,107.0,106.0,107.02127592886332,conservative,standard,
centralized_risk_averse,5,72.1391473523544,74.20508398365675,False,,100,532.0,105.69131693390804,528.4565846695402,0.009083054576756844,600,100,0.003767953996430151,0.97,"{'Growth Department': 109.0, 'Compliance Department': 104.0, 'ESG Department': 104.0, 'Operations Department': 106.0, 'Risk Department': 105.45658466954029}",109.0,104.0,106.0,105.45658466954029,conservative,standard,
centralized_risk_averse,6,76.35803409396063,73.78594968318977,False,,100,563.0,111.90937250751695,559.5468625375847,0.01611794403445188,600,100,0.0021373080016928725,0.95,"{'Growth Department': 117.0, 'Compliance Department': 109.0, 'ESG Department': 108.0, 'Operations Department': 112.0, 'Risk Department': 113.5468625375847}",117.0,108.5,112.0,113.5468625375847,conservative,standard,
centralized_risk_averse,7,72.54533043171192,73.23708082268666,False,,100,539.0,107.08830129226244,535.4415064613122,0.006723423486147162,600,100,0.0029525999998440966,0.97,"{'Growth Department': 110.0, 'Compliance Department': 106.0, 'ESG Department': 106.0, 'Operations Department': 107.0, 'Risk Department': 106.44150646131223}",110.0,106.0,107.0,106.44150646131223,conservative,standard,
centralized_risk_averse,8,79.07352154520558,75.48081858110875,False,,100,555.0,110.38152716524515,551.9076358262257,0.007180647762840664,600,100,0.0024073390013654716,0.95,"{'Growth Department': 113.0, 'Compliance Department': 110.0, 'ESG Department': 109.0, 'Operations Department': 109.0, 'Risk Department': 110.90763582622566}",113.0,109.5,109.0,110.90763582622566,conservative,standard,
centralized_risk_averse,9,73.81649265435216,74.26417698997199,False,,100,557.0,110.69607890688187,553.4803945344094,0.011910372759109222,600,100,0.0032743740011937916,0.95,"{'Growth Department': 115.0, 'Compliance Department': 108.0, 'ESG Department': 109.0, 'Operations Department': 110.0, 'Risk Department': 111.48039453440931}",115.0,108.5,110.0,111.48039453440931,conservative,standard,
centralized_risk_averse,10,78.59197896544015,73.55731224723229,False,,100,541.0,107.5033951150923,537.5169755754615,0.004439710089297044,600,100,0.0027362440014258027,0.98,"{'Growth Department': 109.0, 'Compliance Department': 107.0, 'ESG Department': 107.0, 'Operations Department': 108.0, 'Risk Department': 106.51697557546154}",109.0,107.0,108.0,106.51697557546154,conservative,standard,
centralized_risk_averse,11,79.49314895695174,73.16422260512381,False,,100,560.0,111.17098814620208,555.8549407310104,0.012848633283733512,600,100,0.0022170360025484115,0.94,"{'Growth Department': 116.0, 'Compliance Department': 108.0, 'ESG Department': 110.0, 'Operations Department': 110.0, 'Risk Department': 111.85494073101034}",116.0,109.0,110.0,111.85494073101034,conservative,standard,
centralized_risk_averse,12,73.14271484993282,73.81464340321546,False,,100,541.0,107.45310035930363,537.2655017965182,0.007049770644347042,600,100,0.0027908940028282814,0.99,"{'Growth Department': 109.0, 'Compliance Department': 107.0, 'ESG Department': 107.0, 'Operations Department': 109.0, 'Risk Department': 105.26550179651817}",109.0,107.0,109.0,105.26550179651817,conservative,standard,
centralized_risk_averse,13,79.84269760323772,75.59937483588713,False,,100,552.0,109.72310491097141,548.6155245548571,0.0077398644987091815,600,100,0.0023810630009393208,0.95,"{'Growth Department': 113.0, 'Compliance Department': 108.0, 'ESG Department': 109.0, 'Operations Department': 109.0, 'Risk Department': 109.61552455485703}",113.0,108.5,109.0,109.61552455485703,conservative,standard,
centralized_risk_averse,14,70.20853153286919,73.41177347148968,False,,100,555.0,110.18951143261286,550.9475571630643,0.007298293789483523,600,100,0.0031507319945376366,0.96,"{'Growth Department': 113.0, 'Compliance Department': 110.0, 'ESG Department': 108.0, 'Operations Department': 110.0, 'Risk Department': 109.94755716306429}",113.0,109.0,110.0,109.94755716306429,conservative,standard,
centralized_risk_averse,15,75.06131719001165,75.36290138020131,False,,100,551.0,109.53062767760078,547.6531383880039,0.008511327751945075,600,100,0.003282457997556776,0.96,"{'Growth Department': 113.0, 'Compliance Department': 108.0, 'ESG Department': 108.0, 'Operations Department': 109.0, 'Risk Department': 109.65313838800391}",113.0,108.0,109.0,109.65313838800391,conservative,standard,
centralized_risk_averse,16,73.04795608135547,74.9883717966927,False,,100,538.0,106.93031659131302,534.6515829565651,0.00448890469327381,600,100,0.0024049149942584336,0.97,"{'Growth Department': 108.0, 'Compliance Department': 106.0, 'ESG Department': 106.0, 'Operations Department': 108.0, 'Risk Department': 106.65158295656506}",108.0,106.0,108.0,106.65158295656506,conservative,standard,
centralized_risk_averse,17,73.98764644767017,73.46117354094596,False,,100,528.0,104.81282257296536,524.0641128648268,0.0067715182570685425,600,100,0.002240782996523194,1.0,"{'Growth Department': 106.0, 'Compliance Department': 105.0, 'ESG Department': 105.0, 'Operations Department': 106.0, 'Risk Department': 102.0641128648268}",106.0,105.0,106.0,102.0641128648268,conservative,standard,
centralized_risk_averse,18,62.98976972563911,72.16211039775997,False,,100,538.0,106.73034515104162,533.6517257552081,0.00899463033349548,600,100,0.0025644359993748367,0.95,"{'Growth Department': 110.0, 'Compliance Department': 105.0, 'ESG Department': 105.0, 'Operations Department': 107.0, 'Risk Department': 106.6517257552081}",110.0,105.0,107.0,106.6517257552081,conservative,standard,
centralized_risk_averse,19,75.29148975782982,72.92421377384198,False,,100,541.0,107.38323045478646,536.9161522739323,0.006704957533412603,600,100,0.002412859001196921,0.98,"{'Growth Department': 109.0, 'Compliance Department': 106.0, 'ESG Department': 106.0, 'Operations Department': 109.0, 'Risk Department': 106.91615227393227}",109.0,106.0,109.0,106.91615227393227,conservative,standard,
structured_debate,0,1.6302236528175849,32.67300730468401,True,32.0,33,244.0,23.229596755600397,116.14798377800199,0.7187151915745108,495,66,0.001333224994596094,0.06060606060606061,"{'Growth Department': 86.0, 'Compliance Department': 3.0, 'ESG Department': 1.0, 'Operations Department': -3.8484390839992297, 'Risk Department': 29.996422862001204}",86.0,2.0,-3.8484390839992297,29.996422862001204,conservative,standard,
structured_debate,1,3.9163552799881884,45.564038347796746,True,38.0,39,308.0,43.905545832840566,219.52772916420284,0.3526875272316891,585,78,0.0013259619954624213,0.07692307692307693,"{'Growth Department': 104.0, 'Compliance Department': 19.0, 'ESG Department': 19.0, 'Operations Department': 42.56172989427668, 'Risk Department': 34.96599926992615}",104.0,19.0,42.56172989427668,34.96599926992615,conservative,standard,
structured_debate,2,0.0,48.45558433340685,True,41.0,42,337.0,51.47724268605557,257.38621343027785,0.279318160133286,630,84,0.001514481999038253,0.07142857142857142,"{'Growth Department': 109.0, 'Compliance Department': 28.0, 'ESG Department': 31.0, 'Operations Department': 48.73160894754631, 'Risk Department': 40.65460448273157}",109.0,29.5,48.73160894754631,40.65460448273157,conservative,standard,
structured_debate,3,2.4056093975452892,44.81149990136614,True,59.0,60,474.0,68.45009227040265,342.25046135201325,0.3561191439271022,900,120,0.0021041370055172592,0.11666666666666667,"{'Growth Department': 162.0, 'Compliance Department': 31.0, 'ESG Department': 27.0, 'Operations Department': 65.70485326333683, 'Risk Department': 56.545608088676424}",162.0,29.0,65.70485326333683,56.545608088676424,conservative,standard,
structured_debate,4,2.7800396317224756,43.40222714545624,True,56.0,57,436.0,57.9593229948254,289.796614974127,0.38871444937585586,855,114,0.0018991320030181669,0.10526315789473684,"{'Growth Department': 145.0, 'Compliance Department': 20.0, 'ESG Department': 23.0, 'Operations Department': 47.17628592249024, 'Risk Department': 54.62032905163679}",145.0,21.5,47.17628592249024,54.62032905163679,conservative,standard,
structured_debate,5,2.729892077712927,41.64502341758681,True,25.0,26,206.0,21.416762238401063,107.08381119200531,0.5604352138142352,390,52,0.0008093169963103719,0.038461538461538464,"{'Growth Department': 67.0, 'Compliance Department': 2.0, 'ESG Department': 1.0, 'Operations Department': 17.049964638418565, 'Risk Department': 20.033846553586745}",67.0,1.5,17.049964638418565,20.033846553586745,conservative,standard,
structured_debate,6,3.985423171913048,46.10369347226329,True,61.0,62,481.0,72.1129643784266,360.56482189213295,0.3248581876205344,930,124,0.003408228003536351,0.11290322580645161,"{'Growth Department': 165.0, 'Compliance Department': 34.0, 'ESG Department': 35.0, 'Operations Department': 65.83108639899775, 'Risk Department': 60.7337354931352}",165.0,34.5,65.83108639899775,60.7337354931352,conservative,standard,
structured_debate,7,0.934714787144399,41.5337388598575,True,27.0,28,219.0,19.1430304357041,95.71515217852051,0.7898867012829929,420,56,0.0009952340042218566,0.07142857142857142,"{'Growth Department': 72.0, 'Compliance Department': -5.0, 'ESG Department': -8.0, 'Operations Department': 12.704837635792424, 'Risk Department': 24.010314542728086}",72.0,-6.5,12.704837635792424,24.010314542728086,conservative,standard,
structured_debate,8,2.901195146073766,45.14636585456937,True,76.0,77,606.0,96.08544321176468,480.42721605882343,0.2965871791819966,1155,154,0.00295784100308083,0.09090909090909091,"{'Growth Department': 203.0, 'Compliance Department': 46.0, 'ESG Department': 55.0, 'Operations Department': 97.22138203286524, 'Risk Department': 79.20583402595821}",203.0,50.5,97.22138203286524,79.20583402595821,conservative,standard,
structured_debate,9,4.108255679100571,44.654809118431956,True,40.0,41,330.0,43.56607852334174,217.83039261670868,0.41475710159334256,615,82,0.001606261997949332,0.04878048780487805,"{'Growth Department': 112.0, 'Compliance Department': 14.0, 'ESG Department': 13.0, 'Operations Department': 41.866755701614835, 'Risk Department': 36.963636915093836}",112.0,13.5,41.866755701614835,36.963636915093836,conservative,standard,
structured_debate,10,4.5383858066818,44.00779599831356,True,51.0,52,409.0,61.93445704759661,309.67228523798303,0.28673813267117243,780,104,0.0024746479975874536,0.057692307692307696,"{'Growth Department': 139.0, 'Compliance Department': 34.0, 'ESG Department': 38.0, 'Operations Department': 48.68515321509825, 'Risk Department': 49.98713202288482}",139.0,36.0,48.68515321509825,49.98713202288482,conservative,standard,
structured_debate,11,4.96458451800196,43.398731053302015,True,41.0,42,327.0,42.05316087749077,210.26580438745384,0.41643543527602256,630,84,0.001384218005114235,0.14285714285714285,"{'Growth Department': 109.0, 'Compliance Department': 15.0, 'ESG Department': 12.0, 'Operations Department': 34.360474953072966, 'Risk Department': 39.90532943438085}",109.0,13.5,34.360474953072966,39.90532943438085,conservative,standard,
structured_debate,12,3.4342923219739774,47.71453769853045,True,69.0,70,559.0,89.04437295752984,445.2218647876492,0.3070714603507231,1050,140,0.0036596749996533617,0.11428571428571428,"{'Growth Department': 189.0, 'Compliance Department': 46.0, 'ESG Department': 44.0, 'Operations Department': 97.78732050103893, 'Risk Department': 68.43454428661026}",189.0,45.0,97.78732050103893,68.43454428661026,conservative,standard,
structured_debate,13,3.696179399508644,42.796139115711014,True,60.0,61,480.0,70.59683194375182,352.9841597187591,0.3236864990709378,915,122,0.002090653004415799,0.08196721311475409,"{'Growth Department': 165.0, 'Compliance Department': 34.0, 'ESG Department': 36.0, 'Operations Department': 58.34364250160427, 'Risk Department': 59.6405172171548}",165.0,35.0,58.34364250160427,59.6405172171548,conservative,standard,
structured_debate,14,0.9915936185580296,38.05198511064194,True,51.0,52,388.0,49.962558070010004,249.81279035005002,0.4038767218530987,780,104,0.0020190310024190694,0.09615384615384616,"{'Growth Department': 133.0, 'Compliance Department': 25.0, 'ESG Department': 24.0, 'Operations Department': 19.192954413722, 'Risk Department': 48.61983593632802}",133.0,24.5,19.192954413722,48.61983593632802,conservative,standard,
structured_debate,15,4.178735854648499,46.72142888813224,True,66.0,67,534.0,83.49361258592299,417.468062929615,0.31528470790145474,1005,134,0.0022924200020497665,0.11940298507462686,"{'Growth Department': 181.0, 'Compliance Department': 41.0, 'ESG Department': 40.0, 'Operations Department': 88.05324069737443, 'Risk Department': 67.41482223224051}",181.0,40.5,88.05324069737443,67.41482223224051,conservative,standard,
structured_debate,16,4.540511329397518,43.90007310841676,True,58.0,59,466.0,66.5995913151958,332.99795657597895,0.3512734370075167,885,118,0.0019649500027298927,0.05084745762711865,"{'Growth Department': 156.0, 'Compliance Department': 28.0, 'ESG Department': 28.0, 'Operations Department': 64.43334180730983, 'Risk Department': 56.56461476866909}",156.0,28.0,64.43334180730983,56.56461476866909,conservative,standard,
structured_debate,17,3.4402096215844757,38.755504317290935,True,40.0,41,318.0,41.062501521674605,205.312507608373,0.4127267882848996,615,82,0.0014010880040586926,0.024390243902439025,"{'Growth Department': 112.0, 'Compliance Department': 16.0, 'ESG Department': 18.0, 'Operations Department': 21.467577958565997, 'Risk Department': 37.84492964980703}",112.0,17.0,21.467577958565997,37.84492964980703,conservative,standard,
structured_debate,18,2.1391173999325215,44.53569043829677,True,28.0,29,230.0,26.20806037196481,131.04030185982404,0.4667044716704371,435,58,0.0030533690005540848,0.034482758620689655,"{'Growth Department': 73.0, 'Compliance Department': 7.0, 'ESG Department': 5.0, 'Operations Department': 22.1475647422646, 'Risk Department': 23.89273711755945}",73.0,6.0,22.1475647422646,23.89273711755945,conservative,standard,
structured_debate,19,2.2698962399894,46.17800027037638,True,49.0,50,388.0,58.39232955591534,291.9616477795767,0.3061134112737996,750,100,0.0018328059959458187,0.02,"{'Growth Department': 133.0, 'Compliance Department': 30.0, 'ESG Department': 32.0, 'Operations Department': 47.52820787226233, 'Risk Department': 49.4334399073144}",133.0,31.0,47.52820787226233,49.4334399073144,conservative,standard,
independent,0,0.8244790938071453,39.59579413485946,True,10.0,11,120.0,16.490116677168086,82.45058338584043,0.5557239835556171,0,0,0.00036513999657472596,0.0,"{'Growth Department': 27.0, 'Trading/Opportunity Team': 24.0, 'Compliance Department': -8.0, 'Operations Department': 2.4505833858404324, 'Saboteur Department': 37.0}",25.5,-8.0,2.4505833858404324,,free_rider,standard,37.0
independent,1,0.8156133507111765,41.22850011351171,True,14.0,15,167.0,27.072659849248062,135.3632992462403,0.47025065624109247,0,0,0.0004432159985299222,0.0,"{'Growth Department': 36.0, 'Trading/Opportunity Team': 34.0, 'Compliance Department': -1.0, 'Operations Department': 3.8632992462403015, 'Saboteur Department': 62.5}",35.0,-1.0,3.8632992462403015,,free_rider,standard,62.5
independent,2,2.122439301249825,43.82686338606843,True,16.0,17,198.0,33.840264308744324,169.20132154372163,0.3895919416059511,0,0,0.0007662409989279695,0.0,"{'Growth Department': 40.0, 'Trading/Opportunity Team': 43.0, 'Compliance Department': 2.0, 'Operations Department': 14.201321543721614, 'Saboteur Department': 70.0}",41.5,2.0,14.201321543721614,,free_rider,standard,70.0
independent,3,4.3215647771022105,42.76939739153541,True,15.0,16,185.0,31.194516982018378,155.97258491009188,0.4052697214218786,0,0,0.0009203320005326532,0.0,"{'Growth Department': 40.0, 'Trading/Opportunity Team': 36.0, 'Compliance Department': 3.0, 'Operations Department': 9.972584910091879, 'Saboteur Department': 67.0}",38.0,3.0,9.972584910091879,,free_rider,standard,67.0
independent,4,0.0,39.49331376311796,True,16.0,17,187.0,29.851372041637568,149.25686020818785,0.4763416289044021,0,0,0.0005655979985021986,0.0,"{'Growth Department': 38.0, 'Trading/Opportunity Team': 42.0, 'Compliance Department': -4.0, 'Operations Department': 6.256860208187863, 'Saboteur Department': 67.0}",40.0,-4.0,6.256860208187863,,free_rider,standard,67.0
independent,5,0.0,38.70778096214283,True,13.0,14,164.0,25.101870009748716,125.50935004874358,0.5082988634370766,0,0,0.0005652510008076206,0.0,"{'Growth Department': 35.0, 'Trading/Opportunity Team': 33.0, 'Compliance Department': -8.0, 'Operations Department': 7.5093500487435865, 'Saboteur Department': 58.0}",34.0,-8.0,7.5093500487435865,,free_rider,standard,58.0
independent,6,4.10482817542222,43.118126384219714,True,15.0,16,185.0,30.917383389664536,154.58691694832268,0.3956688860100499,0,0,0.0003710550008690916,0.0,"{'Growth Department': 40.0, 'Trading/Opportunity Team': 41.0, 'Compliance Department': 2.0, 'Operations Department': 9.086916948322678, 'Saboteur Department': 62.5}",40.5,2.0,9.086916948322678,,free_rider,standard,62.5
independent,7,0.5653539987734018,44.04788553196879,True,13.0,14,159.0,25.680742277242587,128.40371138621293,0.4551154699083685,0,0,0.0008357009937753901,0.0,"{'Growth Department': 35.0, 'Trading/Opportunity Team': 32.0, 'Compliance Department': -3.0, 'Operations Department': 7.903711386212938, 'Saboteur Department': 56.5}",33.5,-3.0,7.903711386212938,,free_rider,standard,56.5
independent,8,1.4397247000366473,40.35709330775444,True,15.0,16,182.0,29.176305496032107,145.88152748016054,0.47331139315994636,0,0,0.0007868069951655343,0.0,"{'Growth Department': 37.0, 'Trading/Opportunity Team': 40.0, 'Compliance Department': -5.0, 'Operations Department': 8.381527480160536, 'Saboteur Department': 65.5}",38.5,-5.0,8.381527480160536,,free_rider,standard,65.5
independent,9,0.0,40.70439411554745,True,15.0,16,183.0,29.170921795740924,145.85460897870462,0.4611315122605285,0,0,0.0004155310016358271,0.0,"{'Growth Department': 40.0, 'Trading/Opportunity Team': 37.0, 'Compliance Department': -5.0, 'Operations Department': 9.854608978704636, 'Saboteur Department': 64.0}",38.5,-5.0,9.854608978704636,,free_rider,standard,64.0
independent,10,0.35810736477422367,41.03353969826645,True,15.0,16,183.0,29.196766530036864,145.98383265018433,0.4439290691539769,0,0,0.0005141729998285882,0.0,"{'Growth Department': 37.0, 'Trading/Opportunity Team': 39.0, 'Compliance Department': -1.0, 'Operations Department': 6.983832650184331, 'Saboteur Department': 64.0}",38.0,-1.0,6.983832650184331,,free_rider,standard,64.0
independent,11,4.614423268153766,41.81051030825856,True,15.0,16,181.0,30.087342137803756,150.43671068901878,0.410972264955973,0,0,0.000476857996545732,0.0,"{'Growth Department': 40.0, 'Trading/Opportunity Team': 40.0, 'Compliance Department': -2.0, 'Operations Department': 11.436710689018776, 'Saboteur Department': 61.0}",40.0,-2.0,11.436710689018776,,free_rider,standard,61.0
independent,12,0.03420861030015665,39.295213432522544,True,17.0,18,197.0,30.72706576612443,153.63532883062214,0.49432555028719316,0,0,0.0005022769983042963,0.0,"{'Growth Department': 44.0, 'Trading/Opportunity Team': 43.0, 'Compliance Department': -7.0, 'Operations Department': 5.135328830622132, 'Saboteur Department': 68.5}",43.5,-7.0,5.135328830622132,,free_rider,standard,68.5
independent,13,0.0,38.29087653012734,True,15.0,16,183.0,29.07330793607511,145.36653968037555,0.48603608700598355,0,0,0.00044752399844583124,0.0,"{'Growth Department': 38.0, 'Trading/Opportunity Team': 39.0, 'Compliance Department': -5.0, 'Operations Department': 6.366539680375549, 'Saboteur Department': 67.0}",38.5,-5.0,6.366539680375549,,free_rider,standard,67.0
independent,14,0.0,47.11248418433294,True,14.0,15,175.0,29.455708066371045,147.27854033185523,0.39033917458525735,0,0,0.0004402979975566268,0.0,"{'Growth Department': 37.0, 'Trading/Opportunity Team': 34.0, 'Compliance Department': 0.0, 'Operations Department': 15.278540331855229, 'Saboteur Department': 61.0}",35.5,0.0,15.278540331855229,,free_rider,standard,61.0
independent,15,3.626857221094575,38.467426676432154,True,17.0,18,193.0,30.999497047637863,154.9974852381893,0.4348522545455956,0,0,0.0005358490016078576,0.0,"{'Growth Department': 42.0, 'Trading/Opportunity Team': 42.0, 'Compliance Department': -1.0, 'Operations Department': 6.4974852381892925, 'Saboteur Department': 65.5}",42.0,-1.0,6.4974852381892925,,free_rider,standard,65.5
independent,16,3.815222775620077,39.894083251924634,True,14.0,15,169.0,26.31541071819496,131.5770535909748,0.4952928856896076,0,0,0.00042036800005007535,0.0,"{'Growth Department': 34.0, 'Trading/Opportunity Team': 38.0, 'Compliance Department': -6.0, 'Operations Department': 6.077053590974819, 'Saboteur Department': 59.5}",36.0,-6.0,6.077053590974819,,free_rider,standard,59.5
independent,17,2.281624499170322,39.960819915401416,True,12.0,13,144.0,20.61064360603863,103.05321803019314,0.545142731704537,0,0,0.00036829299642704427,0.0,"{'Growth Department': 31.0, 'Trading/Opportunity Team': 30.0, 'Compliance Department': -9.0, 'Operations Department': 3.5532180301931424, 'Saboteur Department': 47.5}",30.5,-9.0,3.5532180301931424,,free_rider,standard,47.5
independent,18,4.285111685418281,46.03322850479304,True,13.0,14,158.0,25.432572424124125,127.16286212062063,0.44301342555749645,0,0,0.0003913629989256151,0.0,"{'Growth Department': 34.0, 'Trading/Opportunity Team': 32.0, 'Compliance Department': -3.0, 'Operations Department': 9.16286212062063, 'Saboteur Department': 55.0}",33.0,-3.0,9.16286212062063,,free_rider,standard,55.0
independent,19,2.4538423250287025,44.02580653117512,True,16.0,17,193.0,32.88745939125839,164.43729695629196,0.4100352077388202,0,0,0.00047170600009849295,0.0,"{'Growth Department': 40.0, 'Trading/Opportunity Team': 42.0, 'Compliance Department': 1.0, 'Operations Department': 11.437296956291943, 'Saboteur Department': 70.0}",41.0,1.0,11.437296956291943,,free_rider,standard,70.0
voting,0,2.194936102372882,40.769450758690795,True,7.0,8,105.0,14.556945826840032,72.78472913420016,0.26772248214857725,40,8,0.00040153699956135824,1.0,"{'Growth Department': 16.0, 'Trading/Opportunity Team': 16.0, 'Compliance Department': 6.0, 'Operations Department': 8.284729134200166, 'Saboteur Department': 26.5}",16.0,6.0,8.284729134200166,,free_rider,standard,26.5
voting,1,0.0,40.61597986339767,True,10.0,11,145.0,21.62284260766911,108.11421303834555,0.26041270609513756,55,11,0.0004304140020394698,1.0,"{'Growth Department': 24.0, 'Trading/Opportunity Team': 24.0, 'Compliance Department': 9.0, 'Operations Department': 12.61421303834556, 'Saboteur Department': 38.5}",24.0,9.0,12.61421303834556,,free_rider,standard,38.5
voting,2,1.139864477639133,43.23710136502947,True,13.0,14,180.0,28.211017889826145,141.05508944913072,0.24939166929552084,70,14,0.00047094000183278695,1.0,"{'Growth Department': 31.0, 'Trading/Opportunity Team': 31.0, 'Compliance Department': 11.0, 'Operations Department': 19.055089449130723, 'Saboteur Department': 49.0}",31.0,11.0,19.055089449130723,,free_rider,standard,49.0
voting,3,2.791986728410844,42.248045909414394,True,11.0,12,160.0,26.09163464347258,130.4581732173629,0.19342185164640444,60,12,0.0004857019957853481,1.0,"{'Growth Department': 27.0, 'Trading/Opportunity Team': 27.0, 'Compliance Department': 17.0, 'Operations Department': 16.458173217362905, 'Saboteur Department': 43.0}",27.0,17.0,16.458173217362905,,free_rider,standard,43.0
voting,4,0.8160273070536448,40.17577876204344,True,14.0,15,175.0,25.71573048337841,128.57865241689206,0.3077380131886095,75,15,0.000580075997277163,1.0,"{'Growth Department': 30.0, 'Trading/Opportunity Team': 30.0, 'Compliance Department': 5.0, 'Operations Department': 16.078652416892073, 'Saboteur Department': 47.5}",30.0,5.0,16.078652416892073,,free_rider,standard,47.5
voting,5,0.0,38.801171999770716,True,9.0,10,140.0,20.565081754189777,102.82540877094888,0.2690953220838347,50,10,0.00045246199442772195,1.0,"{'Growth Department': 23.0, 'Trading/Opportunity Team': 23.0, 'Compliance Department': 8.0, 'Operations Department': 11.825408770948886, 'Saboteur Department': 37.0}",23.0,8.0,11.825408770948886,,free_rider,standard,37.0
voting,6,4.59395656990397,42.68254189787131,True,10.0,11,155.0,25.241774925381925,126.20887462690962,0.19108363195954023,55,11,0.0004891770004178397,1.0,"{'Growth Department': 26.0, 'Trading/Opportunity Team': 26.0, 'Compliance Department': 16.0, 'Operations Department': 16.708874626909616, 'Saboteur Department': 41.5}",26.0,16.0,16.708874626909616,,free_rider,standard,41.5
voting,7,0.0,40.59556162494721,True,10.0,11,155.0,23.914322222905895,119.57161111452947,0.2406202884280793,55,11,0.0006821399947511964,1.0,"{'Growth Department': 26.0, 'Trading/Opportunity Team': 26.0, 'Compliance Department': 11.0, 'Operations Department': 15.071611114529471, 'Saboteur Department': 41.5}",26.0,11.0,15.071611114529471,,free_rider,standard,41.5
voting,8,0.0,39.636721290401546,True,10.0,11,155.0,23.866709109628754,119.33354554814377,0.2418982998296702,55,11,0.0006126649968791753,1.0,"{'Growth Department': 26.0, 'Trading/Opportunity Team': 26.0, 'Compliance Department': 11.0, 'Operations Department': 14.833545548143778, 'Saboteur Department': 41.5}",26.0,11.0,14.833545548143778,,free_rider,standard,41.5
voting,9,0.0,40.16167818449633,True,10.0,11,155.0,23.843839042844245,119.21919521422123,0.24251398327559476,55,11,0.00038705000042682514,1.0,"{'Growth Department': 26.0, 'Trading/Opportunity Team': 26.0, 'Compliance Department': 11.0, 'Operations Department': 14.719195214221227, 'Saboteur Department': 41.5}",26.0,11.0,14.719195214221227,,free_rider,standard,41.5
voting,10,0.0,42.64681968856151,True,12.0,13,170.0,27.117959002492135,135.58979501246068,0.22246572459412342,65,13,0.0004893639998044819,1.0,"{'Growth Department': 29.0, 'Trading/Opportunity Team': 29.0, 'Compliance Department': 14.0, 'Operations Department': 17.58979501246069, 'Saboteur Department': 46.0}",29.0,14.0,17.58979501246069,,free_rider,standard,46.0
voting,11,0.0,36.35165279030588,True,11.0,12,160.0,24.565867735920694,122.82933867960347,0.24479708880132253,60,12,0.0005109500052640215,1.0,"{'Growth Department': 27.0, 'Trading/Opportunity Team': 27.0, 'Compliance Department': 12.0, 'Operations Department': 13.829338679603467, 'Saboteur Department': 43.0}",27.0,12.0,13.829338679603467,,free_rider,standard,43.0
voting,12,0.0,41.050209682643576,True,10.0,11,155.0,23.917578953982918,119.58789476991458,0.24053305852885298,55,11,0.00041744000191101804,1.0,"{'Growth Department': 26.0, 'Trading/Opportunity Team': 26.0, 'Compliance Department': 11.0, 'Operations Department': 15.087894769914588, 'Saboteur Department': 41.5}",26.0,11.0,15.087894769914588,,free_rider,standard,41.5
voting,13,4.733944786444745,41.368117715327294,True,9.0,10,140.0,20.852596786198227,104.26298393099114,0.2598698541520436,50,10,0.00036605199420591816,1.0,"{'Growth Department': 23.0, 'Trading/Opportunity Team': 23.0, 'Compliance Department': 8.0, 'Operations Department': 13.262983930991147, 'Saboteur Department': 37.0}",23.0,8.0,13.262983930991147,,free_rider,standard,37.0
voting,14,0.0,43.19640065193547,True,12.0,13,170.0,26.107983236161402,130.539916180807,0.261866519665371,65,13,0.000664101004076656,1.0,"{'Growth Department': 29.0, 'Trading/Opportunity Team': 29.0, 'Compliance Department': 9.0, 'Operations Department': 17.539916180807015, 'Saboteur Department': 46.0}",29.0,9.0,17.539916180807015,,free_rider,standard,46.0
voting,15,2.369105877268858,36.988000780281475,True,13.0,14,165.0,24.41501185524442,122.07505927622209,0.2864629064843113,70,14,0.0005064979995950125,1.0,"{'Growth Department': 28.0, 'Trading/Opportunity Team': 28.0, 'Compliance Department': 8.0, 'Operations Department': 13.575059276222095, 'Saboteur Department': 44.5}",28.0,8.0,13.575059276222095,,free_rider,standard,44.5
voting,16,1.5475687999786256,39.13945707506608,True,9.0,10,140.0,20.699892491654033,103.49946245827016,0.2647377519254208,50,10,0.00038943900290178135,1.0,"{'Growth Department': 23.0, 'Trading/Opportunity Team': 23.0, 'Compliance Department': 8.0, 'Operations Department': 12.499462458270159, 'Saboteur Department': 37.0}",23.0,8.0,12.499462458270159,,free_rider,standard,37.0
voting,17,0.0,40.22078751723154,True,8.0,9,125.0,17.543480841453647,87.71740420726823,0.2954150154268424,45,9,0.00034587700065458193,1.0,"{'Growth Department': 20.0, 'Trading/Opportunity Team': 20.0, 'Compliance Department': 5.0, 'Operations Department': 10.217404207268224, 'Saboteur Department': 32.5}",20.0,5.0,10.217404207268224,,free_rider,standard,32.5
voting,18,3.6439597222325233,44.720482330752695,True,10.0,11,150.0,23.146996338085835,115.73498169042918,0.23939181498241435,55,11,0.0003769939939957112,1.0,"{'Growth Department': 25.0, 'Trading/Opportunity Team': 25.0, 'Compliance Department': 10.0, 'Operations Department': 15.734981690429176, 'Saboteur Department': 40.0}",25.0,10.0,15.734981690429176,,free_rider,standard,40.0
voting,19,2.581507160962322,42.10307029693661,True,12.0,13,170.0,27.134679958122934,135.67339979061467,0.22208214823432523,65,13,0.0005873140034964308,1.0,"{'Growth Department': 29.0, 'Trading/Opportunity Team': 29.0, 'Compliance Department': 14.0, 'Operations Department': 17.673399790614653, 'Saboteur Department': 46.0}",29.0,14.0,17.673399790614653,,free_rider,standard,46.0
adaptive_voting,0,3.229928327289892,34.41318148276337,True,58.0,59,415.0,70.48011572947362,352.4005786473681,0.25107659420344797,295,59,0.001859678995970171,1.0,"{'Growth Department': 78.0, 'Trading/Opportunity Team': 78.0, 'Compliance Department': 58.0, 'Operations Department': 18.90057864736813, 'Saboteur Department': 119.5}",78.0,58.0,18.90057864736813,,free_rider,standard,119.5
adaptive_voting,1,3.0830396521146692,35.24469956480634,True,28.0,29,250.0,39.82668871425322,199.13344357126613,0.2646127350483404,145,29,0.0010230949992546812,1.0,"{'Growth Department': 45.0, 'Trading/Opportunity Team': 45.0, 'Compliance Department': 25.0, 'Operations Department': 14.133443571266136, 'Saboteur Department': 70.0}",45.0,25.0,14.133443571266136,,free_rider,standard,70.0
adaptive_voting,2,0.0,33.099386092998486,True,24.0,25,230.0,31.277000688400744,156.38500344200372,0.4031460641082475,125,25,0.0008216440037358552,1.0,"{'Growth Department': 41.0, 'Trading/Opportunity Team': 41.0, 'Compliance Department': 1.0, 'Operations Department': 9.385003442003711, 'Saboteur Department': 64.0}",41.0,1.0,9.385003442003711,,free_rider,standard,64.0
adaptive_voting,3,3.078566270980472,33.20983410516206,True,26.0,27,235.0,35.104639393527385,175.52319696763692,0.31438261938713924,135,27,0.0012738930017803796,1.0,"{'Growth Department': 42.0, 'Trading/Opportunity Team': 42.0, 'Compliance Department': 17.0, 'Operations Department': 9.023196967636915, 'Saboteur Department': 65.5}",42.0,17.0,9.023196967636915,,free_rider,standard,65.5
adaptive_voting,4,2.5665062410802957,39.34675249017214,True,27.0,28,255.0,42.50459914290844,212.5229957145422,0.22012490117164846,140,28,0.0011028670051018707,1.0,"{'Growth Department': 46.0, 'Trading/Opportunity Team': 46.0, 'Compliance Department': 26.0, 'Operations Department': 23.022995714542187, 'Saboteur Department': 71.5}",46.0,26.0,23.022995714542187,,free_rider,standard,71.5
adaptive_voting,5,1.9586233546728238,35.45916553880838,True,14.0,15,155.0,20.591590911202797,102.95795455601399,0.382843835112806,75,15,0.0005089770056656562,1.0,"{'Growth Department': 26.0, 'Trading/Opportunity Team': 26.0, 'Compliance Department': 1.0, 'Operations Department': 8.457954556013995, 'Saboteur Department': 41.5}",26.0,1.0,8.457954556013995,,free_rider,standard,41.5
adaptive_voting,6,32.381673069421176,36.47271096531307,False,,100,705.0,137.76100851162897,688.8050425581449,0.1825712040179619,500,100,0.002977030999318231,1.0,"{'Growth Department': 141.0, 'Trading/Opportunity Team': 141.0, 'Compliance Department': 141.0, 'Operations Department': 54.305042558144926, 'Saboteur Department': 211.5}",141.0,141.0,54.305042558144926,,free_rider,standard,211.5
adaptive_voting,7,2.5709791824404213,31.900484510476943,True,23.0,24,190.0,24.643047627430224,123.21523813715112,0.4206282459365089,120,24,0.0006243910029297695,1.0,"{'Growth Department': 33.0, 'Trading/Opportunity Team': 33.0, 'Compliance Department': 3.0, 'Operations Department': 2.2152381371511165, 'Saboteur Department': 52.0}",33.0,3.0,2.2152381371511165,,free_rider,standard,52.0
adaptive_voting,8,1.4527366487007418,34.628090815695266,True,66.0,67,515.0,89.07564691511475,445.37823457557374,0.23821867370920646,335,67,0.0021043520027888007,1.0,"{'Growth Department': 98.0, 'Trading/Opportunity Team': 98.0, 'Compliance Department': 68.0, 'Operations Department': 31.878234575573728, 'Saboteur Department': 149.5}",98.0,68.0,31.878234575573728,,free_rider,standard,149.5
adaptive_voting,9,3.5696249368402597,33.228899162579424,True,27.0,28,240.0,36.05781114196195,180.28905570980976,0.3115483367030357,140,28,0.000845407004817389,1.0,"{'Growth Department': 43.0, 'Trading/Opportunity Team': 43.0, 'Compliance Department': 18.0, 'Operations Department': 9.289055709809759, 'Saboteur Department': 67.0}",43.0,18.0,9.289055709809759,,free_rider,standard,67.0
adaptive_voting,10,2.798087036516632,32.55697402325696,True,69.0,70,485.0,70.91291331061238,354.5645665530619,0.372141943117161,350,70,0.0019189099984942004,1.0,"{'Growth Department': 92.0, 'Trading/Opportunity Team': 92.0, 'Compliance Department': 17.0, 'Operations Department': 13.06456655306196, 'Saboteur Department': 140.5}",92.0,17.0,13.06456655306196,,free_rider,standard,140.5
adaptive_voting,11,4.847235483025649,33.44030773753873,True,24.0,25,215.0,26.528407575211666,132.64203787605834,0.5182609220299433,125,25,0.0007992870014277287,1.0,"{'Growth Department': 38.0, 'Trading/Opportunity Team': 38.0, 'Compliance Department': -12.0, 'Operations Department': 9.142037876058348, 'Saboteur Department': 59.5}",38.0,-12.0,9.142037876058348,,free_rider,standard,59.5
adaptive_voting,12,2.0013982977909883,32.09275219775158,True,55.0,56,430.0,62.56528075276303,312.82640376381516,0.3723133248765304,280,56,0.0015633739967597649,1.0,"{'Growth Department': 81.0, 'Trading/Opportunity Team': 81.0, 'Compliance Department': 11.0, 'Operations Department': 15.826403763815133, 'Saboteur Department': 124.0}",81.0,11.0,15.826403763815133,,free_rider,standard,124.0
adaptive_voting,13,1.5175698061256497,28.72168253523984,True,34.0,35,270.0,31.49152932515969,157.45764662579845,0.5932829770515244,175,35,0.0011121200004708953,1.0,"{'Growth Department': 49.0, 'Trading/Opportunity Team': 49.0, 'Compliance Department': -16.0, 'Operations Department': -0.5423533742015483, 'Saboteur Department': 76.0}",49.0,-16.0,-0.5423533742015483,,free_rider,standard,76.0
adaptive_voting,14,4.833728353487015,48.41591835885856,True,14.0,15,170.0,29.72263929627234,148.6131964813617,0.15011750869451604,75,15,0.0005432580001070164,1.0,"{'Growth Department': 29.0, 'Trading/Opportunity Team': 29.0, 'Compliance Department': 24.0, 'Operations Department': 20.613196481361715, 'Saboteur Department': 46.0}",29.0,24.0,20.613196481361715,,free_rider,standard,46.0
adaptive_voting,15,2.6991337187868405,35.15380027418313,True,49.0,50,410.0,69.5484400351722,347.74220017586106,0.239850785487441,250,50,0.0016159939987119287,1.0,"{'Growth Department': 77.0, 'Trading/Opportunity Team': 77.0, 'Compliance Department': 47.0, 'Operations Department': 28.742200175861022, 'Saboteur Department': 118.0}",77.0,47.0,28.742200175861022,,free_rider,standard,118.0
adaptive_voting,16,3.856064003017213,32.70314805776925,True,27.0,28,235.0,33.03213949158961,165.16069745794806,0.36410430533651683,140,28,0.0010042850044555962,1.0,"{'Growth Department': 42.0, 'Trading/Opportunity Team': 42.0, 'Compliance Department': 7.0, 'Operations Department': 8.660697457948041, 'Saboteur Department': 65.5}",42.0,7.0,8.660697457948041,,free_rider,standard,65.5
adaptive_voting,17,2.3887273699984792,29.614184742726835,True,30.0,31,230.0,26.881164633303626,134.40582316651813,0.564243936361566,155,31,0.0010208879975834861,1.0,"{'Growth Department': 41.0, 'Trading/Opportunity Team': 41.0, 'Compliance Department': -9.0, 'Operations Department': -2.594176833481865, 'Saboteur Department': 64.0}",41.0,-9.0,-2.594176833481865,,free_rider,standard,64.0
adaptive_voting,18,3.7025130750227255,35.86729665122551,True,24.0,25,200.0,28.49132133697525,142.45660668487625,0.33718839560986497,125,25,0.0008894260026863776,1.0,"{'Growth Department': 35.0, 'Trading/Opportunity Team': 35.0, 'Compliance Department': 10.0, 'Operations Department': 7.456606684876259, 'Saboteur Department': 55.0}",35.0,10.0,7.456606684876259,,free_rider,standard,55.0
adaptive_voting,19,1.879560325426315,42.51342642764547,True,22.0,23,225.0,38.01672734755117,190.08363673775582,0.19956000032832275,115,23,0.0009130879989243113,1.0,"{'Growth Department': 40.0, 'Trading/Opportunity Team': 40.0, 'Compliance Department': 25.0, 'Operations Department': 22.583636737755818, 'Saboteur Department': 62.5}",40.0,25.0,22.583636737755818,,free_rider,standard,62.5
centralized_profit,0,0.0,36.64222037041885,True,12.0,13,129.0,15.632868462417637,78.16434231208818,0.6874523789967932,78,13,0.0007322890014620498,0.5384615384615384,"{'Growth Department': 27.0, 'Trading/Opportunity Team': 27.0, 'Compliance Department': -16.0, 'Operations Department': 1.664342312088177, 'Saboteur Department': 38.5}",27.0,-16.0,1.664342312088177,,free_rider,standard,38.5
centralized_profit,1,1.7105483972786644,42.23977445059646,True,16.0,17,172.0,25.38410776711037,126.92053883555184,0.5360187176161185,102,17,0.0006113030030974187,0.29411764705882354,"{'Growth Department': 37.0, 'Trading/Opportunity Team': 38.0, 'Compliance Department': -10.0, 'Operations Department': 3.920538835551837, 'Saboteur Department': 58.0}",37.5,-10.0,3.920538835551837,,free_rider,standard,58.0
centralized_profit,2,0.0,42.40136332632961,True,17.0,18,204.0,33.51645105514761,167.58225527573808,0.40796143826334275,108,18,0.0005347539990907535,0.2222222222222222,"{'Growth Department': 42.0, 'Trading/Opportunity Team': 45.0, 'Compliance Department': -1.0, 'Operations Department': 13.082255275738081, 'Saboteur Department': 68.5}",43.5,-1.0,13.082255275738081,,free_rider,standard,68.5
centralized_profit,3,4.575163476620935,44.52087540557426,True,18.0,19,205.0,34.23576387968196,171.17881939840981,0.3991642919420135,114,19,0.0006397659963113256,0.2631578947368421,"{'Growth Department': 43.0, 'Trading/Opportunity Team': 45.0, 'Compliance Department': 1.0, 'Operations Department': 12.178819398409814, 'Saboteur Department': 70.0}",44.0,1.0,12.178819398409814,,free_rider,standard,70.0
centralized_profit,4,4.122906228425382,39.14507052158049,True,17.0,18,188.0,28.6500712666229,143.2503563331145,0.5047097914271717,108,18,0.0005552139991777949,0.2777777777777778,"{'Growth Department': 38.0, 'Trading/Opportunity Team': 43.0, 'Compliance Department': -8.0, 'Operations Department': 6.25035633311448, 'Saboteur Department': 64.0}",40.5,-8.0,6.25035633311448,,free_rider,standard,64.0
centralized_profit,5,0.0,38.27844954583019,True,14.0,15,166.0,24.089083726358155,120.44541863179077,0.536523790455133,90,15,0.0004411120025906712,0.3333333333333333,"{'Growth Department': 35.0, 'Trading/Opportunity Team': 35.0, 'Compliance Department': -12.0, 'Operations Department': 7.44541863179078, 'Saboteur Department': 55.0}",35.0,-12.0,7.44541863179078,,free_rider,standard,55.0
centralized_profit,6,0.2768053216387294,40.791313804673145,True,16.0,17,191.0,30.560131140047673,152.80065570023837,0.43114826581075916,102,17,0.00040641600207891315,0.17647058823529413,"{'Growth Department': 42.0, 'Trading/Opportunity Team': 43.0, 'Compliance Department': -2.0, 'Operations Department': 7.300655700238362, 'Saboteur Department': 62.5}",42.5,-2.0,7.300655700238362,,free_rider,standard,62.5
centralized_profit,7,4.28528493867373,42.88936857329761,True,14.0,15,160.0,24.400783851065402,122.003919255327,0.48357817238968065,90,15,0.0004905169989797287,0.3333333333333333,"{'Growth Department': 34.0, 'Trading/Opportunity Team': 34.0, 'Compliance Department': -7.0, 'Operations Department': 7.503919255327008, 'Saboteur Department': 53.5}",34.0,-7.0,7.503919255327008,,free_rider,standard,53.5
centralized_profit,8,2.7432872748551063,40.547498461533316,True,15.0,16,181.0,29.812863285557647,149.06431642778824,0.41978036681366165,96,16,0.0005964939991827123,0.1875,"{'Growth Department': 38.0, 'Trading/Opportunity Team': 40.0, 'Compliance Department': 0.0, 'Operations Department': 8.56431642778826, 'Saboteur Department': 62.5}",39.0,0.0,8.56431642778826,,free_rider,standard,62.5
centralized_profit,9,1.6741377989142308,41.64967278235258,True,17.0,18,193.0,29.881869313306737,149.40934656653369,0.46072259169363916,108,18,0.0006013249949319288,0.3333333333333333,"{'Growth Department': 42.0, 'Trading/Opportunity Team': 42.0, 'Compliance Department': -8.0, 'Operations Department': 10.909346566533692, 'Saboteur Department': 62.5}",42.0,-8.0,10.909346566533692,,free_rider,standard,62.5
centralized_profit,10,0.77425574817239,39.9232996373345,True,16.0,17,187.0,28.56268003398594,142.8134001699297,0.4752680060223057,102,17,0.0005542419967241585,0.23529411764705882,"{'Growth Department': 38.0, 'Trading/Opportunity Team': 41.0, 'Compliance Department': -5.0, 'Operations Department': 6.313400169929723, 'Saboteur Department': 62.5}",39.5,-5.0,6.313400169929723,,free_rider,standard,62.5
centralized_profit,11,4.880124884118045,40.59361969527812,True,16.0,17,185.0,29.44082257645485,147.20411288227425,0.44100911024822,102,17,0.0005881329998373985,0.23529411764705882,"{'Growth Department': 41.0, 'Trading/Opportunity Team': 42.0, 'Compliance Department': -6.0, 'Operations Department': 10.704112882274252, 'Saboteur Department': 59.5}",41.5,-6.0,10.704112882274252,,free_rider,standard,59.5
centralized_profit,12,1.620206842595497,39.58942977087246,True,17.0,18,196.0,31.390616495208008,156.95308247604004,0.4422899245714479,108,18,0.0005785140019725077,0.16666666666666666,"{'Growth Department': 44.0, 'Trading/Opportunity Team': 44.0, 'Compliance Department': -2.0, 'Operations Department': 5.453082476040033, 'Saboteur Department': 65.5}",44.0,-2.0,5.453082476040033,,free_rider,standard,65.5
centralized_profit,13,3.8050779061633477,38.965656694014505,True,16.0,17,186.0,29.32351603976715,146.61758019883575,0.44710169020362966,102,17,0.00054040700342739,0.35294117647058826,"{'Growth Department': 39.0, 'Trading/Opportunity Team': 40.0, 'Compliance Department': -4.0, 'Operations Department': 9.117580198835757, 'Saboteur Department': 62.5}",39.5,-4.0,9.117580198835757,,free_rider,standard,62.5
centralized_profit,14,2.425845554440258,51.00988476583235,True,14.0,15,172.0,30.90352374245088,154.5176187122544,0.2730624045771165,90,15,0.0004760180017910898,0.2,"{'Growth Department': 34.0, 'Trading/Opportunity Team': 36.0, 'Compliance Department': 11.0, 'Operations Department': 18.517618712254407, 'Saboteur Department': 55.0}",35.0,11.0,18.517618712254407,,free_rider,standard,55.0
centralized_profit,15,4.803084061709868,38.350755604468574,True,21.0,22,222.0,37.71513236510822,188.5756618255411,0.37210387910344667,132,22,0.0007778250001138076,0.36363636363636365,"{'Growth Department': 48.0, 'Trading/Opportunity Team': 52.0, 'Compliance Department': 7.0, 'Operations Department': 8.575661825541083, 'Saboteur Department': 73.0}",50.0,7.0,8.575661825541083,,free_rider,standard,73.0
centralized_profit,16,0.0,37.75313497223051,True,15.0,16,177.0,27.383077647516792,136.91538823758395,0.4779144663521797,96,16,0.0004802450057468377,0.1875,"{'Growth Department': 37.0, 'Trading/Opportunity Team': 40.0, 'Compliance Department': -5.0, 'Operations Department': 5.415388237583944, 'Saboteur Department': 59.5}",38.5,-5.0,5.415388237583944,,free_rider,standard,59.5
centralized_profit,17,0.0,38.69301945865418,True,13.0,14,151.0,21.55318296828991,107.76591484144954,0.5056666956671213,84,14,0.0004178489980404265,0.2857142857142857,"{'Growth Department': 33.0, 'Trading/Opportunity Team': 33.0, 'Compliance Department': -7.0, 'Operations Department': 2.7659148414495416, 'Saboteur Department': 46.0}",33.0,-7.0,2.7659148414495416,,free_rider,standard,46.0
centralized_profit,18,0.7340530333253614,43.80304722167507,True,15.0,16,170.0,25.3935010442356,126.96750522117799,0.5262212390102511,96,16,0.0006084550041123293,0.25,"{'Growth Department': 35.0, 'Trading/Opportunity Team': 37.0, 'Compliance Department': -11.0, 'Operations Department': 7.96750522117798, 'Saboteur Department': 58.0}",36.0,-11.0,7.96750522117798,,free_rider,standard,58.0
centralized_profit,19,2.2034832211866604,43.31184382808227,True,18.0,19,202.0,33.17523584656982,165.8761792328491,0.429534419205808,114,19,0.0007622270059073344,0.2631578947368421,"{'Growth Department': 41.0, 'Trading/Opportunity Team': 46.0, 'Compliance Department': -1.0, 'Operations Department': 9.876179232849108, 'Saboteur Department': 70.0}",43.5,-1.0,9.876179232849108,,free_rider,standard,70.0
centralized_sustainability,0,64.10484458909288,64.75546329658606,False,,100,607.0,133.21258176681945,666.0629088340972,0.0719897059223058,600,100,0.002409387998341117,0.99,"{'Growth Department': 122.0, 'Trading/Opportunity Team': 122.0, 'Compliance Department': 122.0, 'Operations Department': 120.06290883409727, 'Saboteur Department': 180.0}",122.0,122.0,120.06290883409727,,free_rider,standard,180.0
centralized_sustainability,1,60.53880433622257,67.52457582231307,False,,100,624.0,137.4,687.0,0.07918486171761288,600,100,0.0025935439989552833,0.99,"{'Growth Department': 126.0, 'Trading/Opportunity Team': 122.0, 'Compliance Department': 126.0, 'Operations Department': 124.0, 'Saboteur Department': 189.0}",124.0,126.0,124.0,,free_rider,standard,189.0
centralized_sustainability,2,67.10529087933712,63.99459374279368,False,,100,634.0,138.74235100044922,693.7117550022462,0.08451723006771487,600,100,0.002479862996551674,0.96,"{'Growth Department': 126.0, 'Trading/Opportunity Team': 128.0, 'Compliance Department': 128.0, 'Operations Department': 119.71175500224618, 'Saboteur Department': 192.0}",127.0,128.0,119.71175500224618,,free_rider,standard,192.0
centralized_sustainability,3,59.91273103241545,67.52307275111175,False,,100,658.0,144.9,724.5,0.07895100069013114,600,100,0.0023571729980176315,0.96,"{'Growth Department': 132.0, 'Trading/Opportunity Team': 131.0, 'Compliance Department': 133.0, 'Operations Department': 129.0, 'Saboteur Department': 199.5}",131.5,133.0,129.0,,free_rider,standard,199.5
centralized_sustainability,4,59.347307943272014,66.57647292858634,False,,100,660.0,145.19320129442204,725.9660064721102,0.07717605827658591,600,100,0.002436237999063451,0.95,"{'Growth Department': 133.0, 'Trading/Opportunity Team': 132.0, 'Compliance Department': 134.0, 'Operations Department': 128.9660064721101, 'Saboteur Department': 198.0}",132.5,134.0,128.9660064721101,,free_rider,standard,198.0
centralized_sustainability,5,69.10612595589711,66.80118647078356,False,,100,627.0,137.95183510416092,689.7591755208045,0.07856750806169152,600,100,0.003033644003153313,0.98,"{'Growth Department': 124.0, 'Trading/Opportunity Team': 127.0, 'Compliance Department': 127.0, 'Operations Department': 122.7591755208045, 'Saboteur Department': 189.0}",125.5,127.0,122.7591755208045,,free_rider,standard,189.0
centralized_sustainability,6,67.27050847382105,67.84748750168983,False,,100,648.0,142.5,712.5,0.07410526315789472,600,100,0.0023732909976388328,0.97,"{'Growth Department': 130.0, 'Trading/Opportunity Team': 130.0, 'Compliance Department': 131.0, 'Operations Department': 128.0, 'Saboteur Department': 193.5}",130.0,131.0,128.0,,free_rider,standard,193.5
centralized_sustainability,7,54.20299120325855,65.4829056349975,False,,100,636.0,139.47193736355933,697.3596868177967,0.08046385761387356,600,100,0.002265629002067726,0.97,"{'Growth Department': 127.0, 'Trading/Opportunity Team': 128.0, 'Compliance Department': 128.0, 'Operations Department': 122.3596868177967, 'Saboteur Department': 192.0}",127.5,128.0,122.3596868177967,,free_rider,standard,192.0
centralized_sustainability,8,70.76823792757838,66.71879893775719,False,,100,666.0,146.5864285576326,732.932142788163,0.08248278693235385,600,100,0.002249895995191764,0.95,"{'Growth Department': 132.0, 'Trading/Opportunity Team': 135.0, 'Compliance Department': 135.0, 'Operations Department': 128.43214278816302, 'Saboteur Department': 202.5}",133.5,135.0,128.43214278816302,,free_rider,standard,202.5
centralized_sustainability,9,71.86928476654742,67.87513534105207,False,,100,639.0,140.7,703.5,0.07903340440653875,600,100,0.0022057570022298023,0.97,"{'Growth Department': 129.0, 'Trading/Opportunity Team': 127.0, 'Compliance Department': 129.0, 'Operations Department': 125.0, 'Saboteur Department': 193.5}",128.0,129.0,125.0,,free_rider,standard,193.5
centralized_sustainability,10,68.21666282016412,66.43650312550552,False,,100,631.0,138.96092749262533,694.8046374631267,0.0808231364639946,600,100,0.002328404996660538,0.96,"{'Growth Department': 126.0, 'Trading/Opportunity Team': 126.0, 'Compliance Department': 128.0, 'Operations Department': 122.80463746312677, 'Saboteur Department': 192.0}",126.0,128.0,122.80463746312677,,free_rider,standard,192.0
centralized_sustainability,11,69.98426843358382,65.5962085286161,False,,100,653.0,143.6,718.0,0.07576601671309184,600,100,0.0024420390036539175,0.95,"{'Growth Department': 132.0, 'Trading/Opportunity Team': 132.0, 'Compliance Department': 132.0, 'Operations Department': 127.0, 'Saboteur Department': 195.0}",132.0,132.0,127.0,,free_rider,standard,195.0
centralized_sustainability,12,66.75277367398046,66.49441761227256,False,,100,634.0,139.27252534149662,696.3626267074831,0.07138507542980896,600,100,0.0030115790068521164,0.97,"{'Growth Department': 128.0, 'Trading/Opportunity Team': 127.0, 'Compliance Department': 128.0, 'Operations Department': 125.86262670748309, 'Saboteur Department': 187.5}",127.5,128.0,125.86262670748309,,free_rider,standard,187.5
centralized_sustainability,13,71.97146741766034,67.53604526942439,False,,100,661.0,145.6,728.0,0.08186813186813194,600,100,0.0022237150042201392,0.94,"{'Growth Department': 133.0, 'Trading/Opportunity Team': 133.0, 'Compliance Department': 134.0, 'Operations Department': 127.0, 'Saboteur Department': 201.0}",133.0,134.0,127.0,,free_rider,standard,201.0
centralized_sustainability,14,67.5361068983694,66.2568244634799,False,,100,637.0,140.18010602131386,700.9005301065694,0.07601588759911984,600,100,0.0022577249983442016,0.99,"{'Growth Department': 127.0, 'Trading/Opportunity Team': 128.0, 'Compliance Department': 128.0, 'Operations Department': 125.90053010656936, 'Saboteur Department': 192.0}",127.5,128.0,125.90053010656936,,free_rider,standard,192.0
centralized_sustainability,15,67.00793949979291,67.96487604014152,False,,100,655.0,144.2,721.0,0.08044382801664351,600,100,0.002585135996923782,0.95,"{'Growth Department': 133.0, 'Trading/Opportunity Team': 130.0, 'Compliance Department': 133.0, 'Operations Department': 127.0, 'Saboteur Department': 198.0}",131.5,133.0,127.0,,free_rider,standard,198.0
centralized_sustainability,16,61.11019948058089,66.75850791775115,False,,100,646.0,142.2,711.0,0.07876230661040787,600,100,0.002687435000552796,0.96,"{'Growth Department': 129.0, 'Trading/Opportunity Team': 130.0, 'Compliance Department': 131.0, 'Operations Department': 126.0, 'Saboteur Department': 195.0}",129.5,131.0,126.0,,free_rider,standard,195.0
centralized_sustainability,17,66.65471435940708,65.59015446184054,False,,100,627.0,137.9,689.5,0.07715736040609134,600,100,0.002188698999816552,0.96,"{'Growth Department': 127.0, 'Trading/Opportunity Team': 127.0, 'Compliance Department': 127.0, 'Operations Department': 121.0, 'Saboteur Department': 187.5}",127.0,127.0,121.0,,free_rider,standard,187.5
centralized_sustainability,18,69.37428056510981,65.67903022058749,False,,100,605.0,133.16055849046606,665.8027924523303,0.07773738203695135,600,100,0.002115508003043942,0.98,"{'Growth Department': 121.0, 'Trading/Opportunity Team': 121.0, 'Compliance Department': 122.0, 'Operations Department': 118.80279245233025, 'Saboteur Department': 183.0}",121.0,122.0,118.80279245233025,,free_rider,standard,183.0
centralized_sustainability,19,66.09844650508266,67.00333949629452,False,,100,620.0,136.5,682.5,0.07794871794871802,600,100,0.0025682490013423376,1.0,"{'Growth Department': 123.0, 'Trading/Opportunity Team': 122.0, 'Compliance Department': 125.0, 'Operations Department': 125.0, 'Saboteur Department': 187.5}",122.5,125.0,125.0,,free_rider,standard,187.5
centralized_risk_averse,0,3.6851714719044217,39.24183073245262,True,12.0,13,130.0,17.725197445629245,88.62598722814623,0.6200168463826191,78,13,0.0004329069997766055,0.23076923076923078,"{'Growth Department': 26.0, 'Trading/Opportunity Team': 25.0, 'Compliance Department': -11.0, 'Operations Department': 2.62598722814623, 'Saboteur Department': 46.0}",25.5,-11.0,2.62598722814623,,free_rider,standard,46.0
centralized_risk_averse,1,0.8156133507111765,41.22850011351171,True,14.0,15,167.0,27.072659849248062,135.3632992462403,0.47025065624109247,90,15,0.0004413999995449558,0.0,"{'Growth Department': 36.0, 'Trading/Opportunity Team': 34.0, 'Compliance Department': -1.0, 'Operations Department': 3.8632992462403015, 'Saboteur Department': 62.5}",35.0,-1.0,3.8632992462403015,,free_rider,standard,62.5
centralized_risk_averse,2,0.0,43.09073648564974,True,17.0,18,207.0,34.67304061614343,173.36520308071715,0.4133119997232188,108,18,0.000752753003325779,0.05555555555555555,"{'Growth Department': 41.0, 'Trading/Opportunity Team': 44.0, 'Compliance Department': 0.0, 'Operations Department': 13.865203080717158, 'Saboteur Department': 74.5}",42.5,0.0,13.865203080717158,,free_rider,standard,74.5
centralized_risk_averse,3,4.3215647771022105,42.76939739153541,True,15.0,16,185.0,31.194516982018378,155.97258491009188,0.4052697214218786,96,16,0.0008610459990450181,0.0,"{'Growth Department': 40.0, 'Trading/Opportunity Team': 36.0, 'Compliance Department': 3.0, 'Operations Department': 9.972584910091879, 'Saboteur Department': 67.0}",38.0,3.0,9.972584910091879,,free_rider,standard,67.0
centralized_risk_averse,4,4.248275593305467,40.512739752178824,True,17.0,18,192.0,31.14548782043214,155.7274391021607,0.4630463634082533,108,18,0.0007035170056042261,0.16666666666666666,"{'Growth Department': 39.0, 'Trading/Opportunity Team': 42.0, 'Compliance Department': -3.0, 'Operations Department': 7.727439102160681, 'Saboteur Department': 70.0}",40.5,-3.0,7.727439102160681,,free_rider,standard,70.0
centralized_risk_averse,5,0.0,38.70778096214283,True,13.0,14,164.0,25.101870009748716,125.50935004874358,0.5082988634370766,84,14,0.0005959069967502728,0.0,"{'Growth Department': 35.0, 'Trading/Opportunity Team': 33.0, 'Compliance Department': -8.0, 'Operations Department': 7.5093500487435865, 'Saboteur Department': 58.0}",34.0,-8.0,7.5093500487435865,,free_rider,standard,58.0
centralized_risk_averse,6,0.0,42.5067979996756,True,17.0,18,200.0,32.98005415739683,164.90027078698415,0.433230893704786,108,18,0.0004700310018961318,0.1111111111111111,"{'Growth Department': 42.0, 'Trading/Opportunity Team': 43.0, 'Compliance Department': -1.0, 'Operations Department': 9.40027078698414, 'Saboteur Department': 71.5}",42.5,-1.0,9.40027078698414,,free_rider,standard,71.5
centralized_risk_averse,7,4.856095576400225,44.916503400785,True,13.0,14,156.0,25.126670079203713,125.63335039601856,0.44690887940668916,84,14,0.0003978019958594814,0.14285714285714285,"{'Growth Department': 33.0, 'Trading/Opportunity Team': 32.0, 'Compliance Department': -3.0, 'Operations Department': 8.633350396018553, 'Saboteur Department': 55.0}",32.5,-3.0,8.633350396018553,,free_rider,standard,55.0
centralized_risk_averse,8,0.5285060627778897,40.346574635778495,True,15.0,16,183.0,30.374285911012727,151.87142955506363,0.42833223054892644,96,16,0.00044433699804358184,0.0625,"{'Growth Department': 38.0, 'Trading/Opportunity Team': 40.0, 'Compliance Department': 0.0, 'Operations Department': 8.371429555063628, 'Saboteur Department': 65.5}",39.0,0.0,8.371429555063628,,free_rider,standard,65.5
centralized_risk_averse,9,0.0,40.03444997723991,True,16.0,17,189.0,30.422705920912755,152.11352960456378,0.46645810101592466,102,17,0.0005696730004274286,0.058823529411764705,"{'Growth Department': 41.0, 'Trading/Opportunity Team': 38.0, 'Compliance Department': -4.0, 'Operations Department': 8.61352960456379, 'Saboteur Department': 68.5}",39.5,-4.0,8.61352960456379,,free_rider,standard,68.5
centralized_risk_averse,10,2.7561944837972465,42.006494157123306,True,15.0,16,182.0,29.15048522753225,145.75242613766125,0.4397801892120466,96,16,0.00045512599899666384,0.0625,"{'Growth Department': 37.0, 'Trading/Opportunity Team': 38.0, 'Compliance Department': -1.0, 'Operations Department': 7.752426137661237, 'Saboteur Department': 64.0}",37.5,-1.0,7.752426137661237,,free_rider,standard,64.0
centralized_risk_averse,11,3.3850073164296166,43.00812166417483,True,17.0,18,194.0,32.14230576986978,160.7115288493489,0.44125887525304164,108,18,0.0004835319996345788,0.16666666666666666,"{'Growth Department': 41.0, 'Trading/Opportunity Team': 41.0, 'Compliance Department': -5.0, 'Operations Department': 13.71152884934889, 'Saboteur Department': 70.0}",41.0,-5.0,13.71152884934889,,free_rider,standard,70.0
centralized_risk_averse,12,0.0,39.09649306348055,True,18.0,19,205.0,33.45330008317312,167.2665004158656,0.4489446461004033,114,19,0.0006236709959921427,0.15789473684210525,"{'Growth Department': 45.0, 'Trading/Opportunity Team': 45.0, 'Compliance Department': -1.0, 'Operations Department': 5.266500415865615, 'Saboteur Department': 73.0}",45.0,-1.0,5.266500415865615,,free_rider,standard,73.0
centralized_risk_averse,13,1.5545000326421796,38.92376049919213,True,15.0,16,182.0,29.894821658135548,149.47410829067775,0.4362652330189273,96,16,0.0004702139995060861,0.0625,"{'Growth Department': 39.0, 'Trading/Opportunity Team': 38.0, 'Compliance Department': 0.0, 'Operations Department': 6.974108290677745, 'Saboteur Department': 65.5}",38.5,0.0,6.974108290677745,,free_rider,standard,65.5
centralized_risk_averse,14,0.0,48.04538705024817,True,14.0,15,174.0,29.322954982958844,146.61477491479422,0.39118901943827905,90,15,0.0024228550028055906,0.06666666666666667,"{'Growth Department': 37.0, 'Trading/Opportunity Team': 33.0, 'Compliance Department': 0.0, 'Operations Department': 15.614774914794214, 'Saboteur Department': 61.0}",35.0,0.0,15.614774914794214,,free_rider,standard,61.0
centralized_risk_averse,15,4.631296015370404,39.896568561448106,True,21.0,22,224.0,39.05415428709191,195.27077143545955,0.3763578690531597,132,22,0.00090104500122834,0.22727272727272727,"{'Growth Department': 47.0, 'Trading/Opportunity Team': 47.0, 'Compliance Department': 8.0, 'Operations Department': 11.270771435459555, 'Saboteur Department': 82.0}",47.0,8.0,11.270771435459555,,free_rider,standard,82.0
centralized_risk_averse,16,3.77403917943259,42.003165923502735,True,15.0,16,178.0,29.422238326784605,147.11119163392303,0.4225071026621884,96,16,0.0007362510004895739,0.125,"{'Growth Department': 36.0, 'Trading/Opportunity Team': 39.0, 'Compliance Department': -1.0, 'Operations Department': 10.611191633923026, 'Saboteur Department': 62.5}",37.5,-1.0,10.611191633923026,,free_rider,standard,62.5
centralized_risk_averse,17,0.0,39.97331152517725,True,14.0,15,159.0,23.82411793981175,119.12058969905875,0.5251129488059507,90,15,0.0004498630005400628,0.2,"{'Growth Department': 34.0, 'Trading/Opportunity Team': 32.0, 'Compliance Department': -6.0, 'Operations Department': 2.6205896990587547, 'Saboteur Department': 56.5}",33.0,-6.0,2.6205896990587547,,free_rider,standard,56.5
centralized_risk_averse,18,0.0,43.11325037346226,True,14.0,15,166.0,25.759375102542105,128.79687551271053,0.499090133506943,90,15,0.0004661290004150942,0.06666666666666667,"{'Growth Department': 35.0, 'Trading/Opportunity Team': 34.0, 'Compliance Department': -7.0, 'Operations Department': 7.296875512710512, 'Saboteur Department': 59.5}",34.5,-7.0,7.296875512710512,,free_rider,standard,59.5
centralized_risk_averse,19,2.472552484944938,42.587352428498995,True,17.0,18,197.0,32.40506298345444,162.02531491727223,0.4480156330518749,108,18,0.0005311670029186644,0.16666666666666666,"{'Growth Department': 40.0, 'Trading/Opportunity Team': 43.0, 'Compliance Department': -3.0, 'Operations Department': 10.525314917272233, 'Saboteur Department': 71.5}",41.5,-3.0,10.525314917272233,,free_rider,standard,71.5
structured_debate,0,0.0,36.69076239369008,True,15.0,16,148.0,20.437849018561863,102.18924509280932,0.5492192638462454,240,32,0.0006398739933501929,0.5625,"{'Growth Department': 31.0, 'Trading/Opportunity Team': 30.0, 'Compliance Department': -8.0, 'Operations Department': 1.689245092809312, 'Saboteur Department': 47.5}",30.5,-8.0,1.689245092809312,,free_rider,standard,47.5
structured_debate,1,1.8093768185283992,39.531323288712045,True,25.0,26,237.0,39.70524462760403,198.52622313802016,0.39485721082949166,390,52,0.0008951740019256249,0.6153846153846154,"{'Growth Department': 51.0, 'Trading/Opportunity Team': 47.0, 'Compliance Department': 5.0, 'Operations Department': 12.026223138020168, 'Saboteur Department': 83.5}",49.0,5.0,12.026223138020168,,free_rider,standard,83.5
structured_debate,2,3.893636225068448,46.37519657913201,True,28.0,29,271.0,47.35275737764964,236.76378688824818,0.33659913237625433,435,58,0.0018123849949915893,0.6551724137931034,"{'Growth Department': 53.0, 'Trading/Opportunity Team': 58.0, 'Compliance Department': 6.0, 'Operations Department': 28.76378688824817, 'Saboteur Department': 91.0}",55.5,6.0,28.76378688824817,,free_rider,standard,91.0
structured_debate,3,0.0,40.43461804408042,True,31.0,32,291.0,50.03941635460575,250.19708177302874,0.3578026036770462,480,64,0.0015851989955990575,0.78125,"{'Growth Department': 61.0, 'Trading/Opportunity Team': 59.0, 'Compliance Department': 7.0, 'Operations Department': 23.197081773028728, 'Saboteur Department': 100.0}",60.0,7.0,23.197081773028728,,free_rider,standard,100.0
structured_debate,4,0.0,39.779650393037194,True,27.0,28,256.0,44.57857560856666,222.8928780428333,0.34116320561957814,420,56,0.0013411049949354492,0.7142857142857143,"{'Growth Department': 52.0, 'Trading/Opportunity Team': 55.0, 'Compliance Department': 13.0, 'Operations Department': 14.892878042833303, 'Saboteur Department': 88.0}",53.5,13.0,14.892878042833303,,free_rider,standard,88.0
structured_debate,5,0.0,44.49317825984263,True,17.0,18,174.0,28.64874530038572,143.2437265019286,0.3707143809785876,270,36,0.0006312449986580759,0.6666666666666666,"{'Growth Department': 33.0, 'Trading/Opportunity Team': 35.0, 'Compliance Department': 1.0, 'Operations Department': 16.243726501928585, 'Saboteur Department': 58.0}",34.0,1.0,16.243726501928585,,free_rider,standard,58.0
structured_debate,6,4.376088602879417,42.275254940941096,True,32.0,33,304.0,54.40866068610999,272.04330343054994,0.3270901268499573,495,66,0.0012038679997203872,0.7575757575757576,"{'Growth Department': 63.0, 'Trading/Opportunity Team': 66.0, 'Compliance Department': 14.0, 'Operations Department': 24.54330343054993, 'Saboteur Department': 104.5}",64.5,14.0,24.54330343054993,,free_rider,standard,104.5
structured_debate,7,2.135683971644454,46.193829921298125,True,18.0,19,178.0,30.20809614882281,151.04048074411406,0.33092987691845777,285,38,0.0005963739968137816,0.7368421052631579,"{'Growth Department': 37.0, 'Trading/Opportunity Team': 35.0, 'Compliance Department': 7.0, 'Operations Department': 14.040480744114076, 'Saboteur Department': 58.0}",36.0,7.0,14.040480744114076,,free_rider,standard,58.0
structured_debate,8,0.0,40.15394110744629,True,28.0,29,263.0,44.94064133272307,224.70320666361533,0.3627839519735419,435,58,0.0009104599957936443,0.7586206896551724,"{'Growth Department': 54.0, 'Trading/Opportunity Team': 57.0, 'Compliance Department': 8.0, 'Operations Department': 16.203206663615337, 'Saboteur Department': 89.5}",55.5,8.0,16.203206663615337,,free_rider,standard,89.5
structured_debate,9,3.7885751305684696,43.64247233081396,True,28.0,29,267.0,46.770393972007994,233.85196986004,0.32952132967750425,435,58,0.0011097850001533516,0.7931034482758621,"{'Growth Department': 56.0, 'Trading/Opportunity Team': 55.0, 'Compliance Department': 9.0, 'Operations Department': 24.35196986003999, 'Saboteur Department': 89.5}",55.5,9.0,24.35196986003999,,free_rider,standard,89.5
structured_debate,10,0.0,39.8417777746813,True,29.0,30,276.0,46.65419319835234,233.2709659917617,0.3699200765788522,450,60,0.001191556999401655,0.7333333333333333,"{'Growth Department': 56.0, 'Trading/Opportunity Team': 59.0, 'Compliance Department': 7.0, 'Operations Department': 17.270965991761692, 'Saboteur Department': 94.0}",57.5,7.0,17.270965991761692,,free_rider,standard,94.0
structured_debate,11,4.9483463667865415,45.4795271695465,True,26.0,27,242.0,43.89903217989681,219.49516089948403,0.28338636435220205,405,54,0.0011320609992253594,0.8518518518518519,"{'Growth Department': 50.0, 'Trading/Opportunity Team': 51.0, 'Compliance Department': 14.0, 'Operations Department': 25.49516089948404, 'Saboteur Department': 79.0}",50.5,14.0,25.49516089948404,,free_rider,standard,79.0
structured_debate,12,4.844620499465744,42.48474183211596,True,37.0,38,342.0,62.402952630646745,312.01476315323373,0.3140687759398764,570,76,0.0013070010027149692,0.7894736842105263,"{'Growth Department': 73.0, 'Trading/Opportunity Team': 74.0, 'Compliance Department': 18.0, 'Operations Department': 29.014763153233705, 'Saboteur Department': 118.0}",73.5,18.0,29.014763153233705,,free_rider,standard,118.0
structured_debate,13,3.30469262386967,41.31209678778125,True,30.0,31,282.0,48.59054758843329,242.95273794216644,0.3614649728460284,465,62,0.0013151480015949346,0.7419354838709677,"{'Growth Department': 59.0, 'Trading/Opportunity Team': 61.0, 'Compliance Department': 5.0, 'Operations Department': 22.452737942166443, 'Saboteur Department': 95.5}",60.0,5.0,22.452737942166443,,free_rider,standard,95.5
structured_debate,14,2.9578472729530567,44.38077948385022,True,21.0,22,206.0,33.49753609325482,167.4876804662741,0.358264725181224,330,44,0.0010841320035979152,0.6363636363636364,"{'Growth Department': 41.0, 'Trading/Opportunity Team': 41.0, 'Compliance Department': 2.0, 'Operations Department': 17.987680466274107, 'Saboteur Department': 65.5}",41.0,2.0,17.987680466274107,,free_rider,standard,65.5
structured_debate,15,0.0,39.357335163862395,True,36.0,37,332.0,58.5945866001822,292.972933000911,0.35092261167797345,555,74,0.0012374619982438162,0.7567567567567568,"{'Growth Department': 70.0, 'Trading/Opportunity Team': 73.0, 'Compliance Department': 11.0, 'Operations Department': 23.972933000910977, 'Saboteur Department': 115.0}",71.5,11.0,23.972933000910977,,free_rider,standard,115.0
structured_debate,16,3.5994386720861087,40.937415129672566,True,25.0,26,241.0,40.07026129670753,200.35130648353766,0.39959548461024497,390,52,0.0014820720025454648,0.6538461538461539,"{'Growth Department': 49.0, 'Trading/Opportunity Team': 51.0, 'Compliance Department': 1.0, 'Operations Department': 15.851306483537641, 'Saboteur Department': 83.5}",50.0,1.0,15.851306483537641,,free_rider,standard,83.5
structured_debate,17,1.2888929802039257,38.97051674552114,True,23.0,24,219.0,35.71255810035515,178.56279050177577,0.4030788474857191,360,48,0.001417252999090124,0.6666666666666666,"{'Growth Department': 47.0, 'Trading/Opportunity Team': 45.0, 'Compliance Department': 4.0, 'Operations Department': 8.062790501775758, 'Saboteur Department': 74.5}",46.0,4.0,8.062790501775758,,free_rider,standard,74.5
structured_debate,18,0.0,41.308982608890496,True,23.0,24,214.0,34.78455163007742,173.9227581503871,0.4049550357230715,360,48,0.0014725250002811663,0.625,"{'Growth Department': 45.0, 'Trading/Opportunity Team': 43.0, 'Compliance Department': 2.0, 'Operations Department': 10.92275815038711, 'Saboteur Department': 73.0}",44.0,2.0,10.92275815038711,,free_rider,standard,73.0
structured_debate,19,1.4222268473005428,46.56156527625283,True,24.0,25,237.0,42.12925399555025,210.64626997775125,0.32918452349630234,375,50,0.0011326980020385236,0.6,"{'Growth Department': 46.0, 'Trading/Opportunity Team': 51.0, 'Compliance Department': 10.0, 'Operations Department': 21.64626997775124, 'Saboteur Department': 82.0}",48.5,10.0,21.64626997775124,,free_rider,standard,82.0
independent,0,1.6161556015200347,41.37749453351192,True,6.0,7,105.0,12.424856500466888,62.12428250233444,0.579275434751871,0,0,0.00038609999319305643,0.0,"{'Growth Department': 28.0, 'Trading/Opportunity Team': 26.0, 'Compliance Department': -6.0, 'Operations Department': 10.09195939030404, 'Risk Department': 4.032323112030401}",27.0,-6.0,10.09195939030404,4.032323112030401,standard,wide,
independent,1,0.0,37.437166753988485,True,10.0,11,147.0,17.515984743152153,87.57992371576077,0.5591239228823792,0,0,0.0004005759983556345,0.0,"{'Growth Department': 40.0, 'Trading/Opportunity Team': 36.0, 'Compliance Department': -8.0, 'Operations Department': 9.579923715760778, 'Risk Department': 10.0}",38.0,-8.0,9.579923715760778,10.0,standard,wide,
independent,2,4.306817185228862,42.617056863215495,True,10.0,11,161.0,22.963299748259864,114.81649874129931,0.41775830118798973,0,0,0.0006642149965045974,0.0,"{'Growth Department': 40.0, 'Trading/Opportunity Team': 46.0, 'Compliance Department': 2.0, 'Operations Department': 18.730362397594735, 'Risk Department': 8.086136343704577}",43.0,2.0,18.730362397594735,8.086136343704577,standard,wide,
independent,3,0.0,36.934676346936754,True,11.0,12,166.0,22.258488738383914,111.29244369191957,0.4456726652287646,0,0,0.0005773220036644489,0.0,"{'Growth Department': 49.0, 'Trading/Opportunity Team': 41.0, 'Compliance Department': 4.0, 'Operations Department': 10.292443691919573, 'Risk Department': 7.0}",45.0,4.0,10.292443691919573,7.0,standard,wide,
independent,4,0.0,37.85818406062436,True,10.0,11,155.0,20.33214445212567,101.66072226062836,0.508905602333942,0,0,0.0003607780017773621,0.0,"{'Growth Department': 36.0, 'Trading/Opportunity Team': 48.0, 'Compliance Department': -3.0, 'Operations Department': 8.660722260628365, 'Risk Department': 12.0}",42.0,-3.0,8.660722260628365,12.0,standard,wide,
independent,5,0.0,35.316492537686635,True,9.0,10,142.0,17.572477549244965,87.86238774622483,0.5827294399041631,0,0,0.0002865290007321164,0.0,"{'Growth Department': 41.0, 'Trading/Opportunity Team': 39.0, 'Compliance Department': -6.0, 'Operations Department': 8.86238774622483, 'Risk Department': 5.0}",40.0,-6.0,8.86238774622483,5.0,standard,wide,
independent,6,2.082968923270787,37.88186337545546,True,9.0,10,150.0,20.564804977068384,102.82402488534193,0.44331406302606186,0,0,0.0002870799944503233,0.0,"{'Growth Department': 41.0, 'Trading/Opportunity Team': 43.0, 'Compliance Department': 3.0, 'Operations Department': 8.782365506876516, 'Risk Department': 7.041659378465416}",42.0,3.0,8.782365506876516,7.041659378465416,standard,wide,
independent,7,0.5044602684065929,37.742102394905885,True,10.0,11,155.0,20.33666771514785,101.68333857573926,0.5559485068416044,0,0,0.00030174999847076833,0.0,"{'Growth Department': 46.0, 'Trading/Opportunity Team': 46.0, 'Compliance Department': -5.0, 'Operations Department': 6.673249370371118, 'Risk Department': 8.010089205368132}",46.0,-5.0,6.673249370371118,8.010089205368132,standard,wide,
independent,8,0.0,34.38266027923076,True,9.0,10,148.0,17.727813615138214,88.63906807569107,0.6063282696500141,0,0,0.000341942002705764,0.0,"{'Growth Department': 41.0, 'Trading/Opportunity Team': 39.0, 'Compliance Department': -9.0, 'Operations Department': 4.639068075691071, 'Risk Department': 13.000000000000002}",40.0,-9.0,4.639068075691071,13.000000000000002,standard,wide,
independent,9,0.0,36.79255221048455,True,10.0,11,157.0,20.5759105939231,102.8795529696155,0.5132215146346326,0,0,0.00030156799766700715,0.0,"{'Growth Department': 46.0, 'Trading/Opportunity Team': 40.0, 'Compliance Department': -3.0, 'Operations Department': 13.87955296961551, 'Risk Department': 6.000000000000001}",43.0,-3.0,13.87955296961551,6.000000000000001,standard,wide,
independent,10,0.0,35.428488961447485,True,10.0,11,155.0,19.026414619935604,95.13207309967802,0.5166204115896128,0,0,0.00048273200081894174,0.0,"{'Growth Department': 38.0, 'Trading/Opportunity Team': 44.0, 'Compliance Department': -2.0, 'Operations Department': 7.132073099678026, 'Risk Department': 8.0}",41.0,-2.0,7.132073099678026,8.0,standard,wide,
independent,11,0.9031920783888445,32.88582918710033,True,9.0,10,144.0,17.905997397149353,89.52998698574676,0.5829916042614631,0,0,0.00030932599474908784,0.0,"{'Growth Department': 41.0, 'Trading/Opportunity Team': 41.0, 'Compliance Department': -6.0, 'Operations Department': 4.511923144178972, 'Risk Department': 9.018063841567775}",41.0,-6.0,4.511923144178972,9.018063841567775,standard,wide,
independent,12,0.9675024372105216,36.75674162572022,True,10.0,11,155.0,19.161434323523306,95.80717161761653,0.5853932479741264,0,0,0.0007972179955686443,0.0,"{'Growth Department': 44.0, 'Trading/Opportunity Team': 44.0, 'Compliance Department': -8.0, 'Operations Department': 7.787821568872317, 'Risk Department': 8.019350048744212}",44.0,-8.0,7.787821568872317,8.019350048744212,standard,wide,
independent,13,0.0,33.945030485302176,True,9.0,10,144.0,16.806976875457625,84.03488437728812,0.5853050981572854,0,0,0.0004429300024639815,0.0,"{'Growth Department': 39.0, 'Trading/Opportunity Team': 37.0, 'Compliance Department': -7.0, 'Operations Department': 6.034884377288124, 'Risk Department': 9.0}",38.0,-7.0,6.034884377288124,9.0,standard,wide,
independent,14,0.7291553398416859,37.3684382228078,True,11.0,12,166.0,22.339468499748158,111.69734249874078,0.486978163852864,0,0,0.00037544899532804266,0.0,"{'Growth Department': 49.0, 'Trading/Opportunity Team': 43.0, 'Compliance Department': -2.0, 'Operations Department': 12.682759391943947, 'Risk Department': 9.014583106796836}",46.0,-2.0,12.682759391943947,9.014583106796836,standard,wide,
independent,15,0.8662558082058869,32.869231469349955,True,10.0,11,147.0,18.31679907461613,91.58399537308065,0.5740449702272576,0,0,0.00035995899816043675,0.0,"{'Growth Department': 38.0, 'Trading/Opportunity Team': 46.0, 'Compliance Department': -3.0, 'Operations Department': 4.5666702569165425, 'Risk Department': 6.017325116164117}",42.0,-3.0,4.5666702569165425,6.017325116164117,standard,wide,
independent,16,4.091640691723049,35.14406562871836,True,9.0,10,138.0,15.855174761528009,79.27587380764004,0.6555243654653731,0,0,0.00031191699963528663,0.0,"{'Growth Department': 39.0, 'Trading/Opportunity Team': 39.0, 'Compliance Department': -9.0, 'Operations Department': 5.194040993805572, 'Risk Department': 5.081832813834461}",39.0,-9.0,5.194040993805572,5.081832813834461,standard,wide,
independent,17,2.3587828442084557,42.16714734684207,True,7.0,8,120.0,16.213676832831588,81.06838416415795,0.46357319348005144,0,0,0.0005306800012476742,0.0,"{'Growth Department': 35.0, 'Trading/Opportunity Team': 33.0, 'Compliance Department': 2.0, 'Operations Department': 6.021208507273779, 'Risk Department': 5.0471756568841695}",34.0,2.0,6.021208507273779,5.0471756568841695,standard,wide,
independent,18,3.6306856473919105,41.71864641794609,True,10.0,11,153.0,20.306162672259298,101.5308133612965,0.5276324766964005,0,0,0.0003561340054147877,0.0,"{'Growth Department': 44.0, 'Trading/Opportunity Team': 42.0, 'Compliance Department': -5.0, 'Operations Department': 14.458199648348657, 'Risk Department': 6.072613712947838}",43.0,-5.0,14.458199648348657,6.072613712947838,standard,wide,
independent,19,4.550677411667387,41.99978452516984,True,10.0,11,161.0,23.01123367652631,115.05616838263154,0.3960117499235684,0,0,0.0003397029940970242,0.0,"{'Growth Department': 44.0, 'Trading/Opportunity Team': 44.0, 'Compliance Department': 4.0, 'Operations Department': 12.965154834398188, 'Risk Department': 10.091013548233349}",44.0,4.0,12.965154834398188,10.091013548233349,standard,wide,
voting,0,0.0,28.318912933909804,True,6.0,7,115.0,12.478788686448425,62.393943432242125,0.2603205012156655,35,7,0.0003620970019255765,1.0,"{'Growth Department': 18.0, 'Trading/Opportunity Team': 18.0, 'Compliance Department': 3.0, 'Operations Department': 7.393943432242118, 'Risk Department': 16.000000000000004}",18.0,3.0,7.393943432242118,16.000000000000004,standard,wide,
voting,1,0.0,33.18307818081335,True,11.0,12,160.0,21.769028875580243,108.84514437790122,0.13938533246467913,60,12,0.0005225049972068518,1.0,"{'Growth Department': 27.0, 'Trading/Opportunity Team': 27.0, 'Compliance Department': 17.0, 'Operations Department': 13.035729204650298, 'Risk Department': 24.809415173250926}",27.0,17.0,13.035729204650298,24.809415173250926,standard,wide,
voting,2,3.0229985068674434,33.87969670896825,True,7.0,8,140.0,18.675902439023837,93.37951219511919,0.12658884185914215,40,8,0.00035408300027484074,1.0,"{'Growth Department': 23.0, 'Trading/Opportunity Team': 23.0, 'Compliance Department': 13.0, 'Operations Department': 13.447989244620551, 'Risk Department': 20.931522950498643}",23.0,13.0,13.447989244620551,20.931522950498643,standard,wide,
voting,3,0.9318728066251758,37.28866950768687,True,11.0,12,170.0,25.329021901349584,126.64510950674791,0.08536090223917422,60,12,0.00044942299427930266,1.0,"{'Growth Department': 29.0, 'Trading/Opportunity Team': 29.0, 'Compliance Department': 24.0, 'Operations Department': 17.98682398540622, 'Risk Department': 26.658285521341696}",29.0,24.0,17.98682398540622,26.658285521341696,standard,wide,
voting,4,0.0046273312221458696,34.843140527026975,True,10.0,11,155.0,20.18107576455708,100.9053788227854,0.16623340486268975,55,11,0.0004408370004966855,1.0,"{'Growth Department': 26.0, 'Trading/Opportunity Team': 26.0, 'Compliance Department': 11.0, 'Operations Department': 14.065388273322046, 'Risk Department': 23.839990549463348}",26.0,11.0,14.065388273322046,23.839990549463348,standard,wide,
voting,5,4.968726336591272,32.690258017019254,True,11.0,12,150.0,17.707174233349097,88.53587116674548,0.24526349905909584,60,12,0.0006846960022812709,1.0,"{'Growth Department': 25.0, 'Trading/Opportunity Team': 25.0, 'Compliance Department': 5.0, 'Operations Department': 10.713456113496719, 'Risk Department': 22.82241505324876}",25.0,5.0,10.713456113496719,22.82241505324876,standard,wide,
voting,6,1.755741199042479,26.96898756332685,True,8.0,9,135.0,12.780898154818113,63.90449077409056,0.4640088554148737,45,9,0.0005404800031101331,1.0,"{'Growth Department': 22.0, 'Trading/Opportunity Team': 22.0, 'Compliance Department': -8.0, 'Operations Department': 7.869375950109704, 'Risk Department': 20.03511482398085}",22.0,-8.0,7.869375950109704,20.03511482398085,standard,wide,
voting,7,1.0816870519647566,26.38342653850509,True,10.0,11,145.0,12.122523102163356,60.61261551081678,0.6428299944445668,55,11,0.0005015010028728284,1.0,"{'Growth Department': 24.0, 'Trading/Opportunity Team': 24.0, 'Compliance Department': -16.0, 'Operations Department': 6.590981769777482, 'Risk Department': 22.02163374103929}",24.0,-16.0,6.590981769777482,22.02163374103929,standard,wide,
voting,8,3.906072239198423,36.35071089898001,True,4.0,5,115.0,14.444479393366953,72.22239696683476,0.143200589090514,25,5,0.00021089800429763272,1.0,"{'Growth Department': 18.0, 'Trading/Opportunity Team': 18.0, 'Compliance Department': 8.0, 'Operations Department': 12.144275522050787, 'Risk Department': 16.078121444783967}",18.0,8.0,12.144275522050787,16.078121444783967,standard,wide,
voting,9,0.5870430102205972,35.86906629122815,True,6.0,7,135.0,19.045918456691062,95.2295922834553,0.08551394568288248,35,7,0.00033104000613093376,1.0,"{'Growth Department': 22.0, 'Trading/Opportunity Team': 22.0, 'Compliance Department': 17.0, 'Operations Department': 14.320677272586948, 'Risk Department': 19.908915010868363}",22.0,17.0,14.320677272586948,19.908915010868363,standard,wide,
voting,10,0.0,31.17056921954198,True,6.0,7,135.0,16.659623123586353,83.29811561793177,0.1906496159609235,35,7,0.0002930470000137575,1.0,"{'Growth Department': 22.0, 'Trading/Opportunity Team': 22.0, 'Compliance Department': 7.0, 'Operations Department': 12.298115617931767, 'Risk Department': 20.0}",22.0,7.0,12.298115617931767,20.0,standard,wide,
voting,11,0.0,32.25218352497832,True,4.0,5,115.0,14.235131011498698,71.17565505749349,0.15075011207603844,25,5,0.0002483280040905811,1.0,"{'Growth Department': 18.0, 'Trading/Opportunity Team': 18.0, 'Compliance Department': 8.0, 'Operations Department': 11.175655057493493, 'Risk Department': 15.999999999999998}",18.0,8.0,11.175655057493493,15.999999999999998,standard,wide,
voting,12,2.2594084852969623,39.28925134975633,True,4.0,5,125.0,17.590549845187073,87.95274922593536,0.06905925293379447,25,5,0.0002477169982739724,1.0,"{'Growth Department': 20.0, 'Trading/Opportunity Team': 20.0, 'Compliance Department': 15.0, 'Operations Department': 14.907561056229422, 'Risk Department': 18.045188169705938}",20.0,15.0,14.907561056229422,18.045188169705938,standard,wide,
voting,13,3.4330804017394563,38.08377185132416,True,4.0,5,115.0,14.520480412964185,72.60240206482092,0.1403053277519776,25,5,0.00024852999922586605,1.0,"{'Growth Department': 18.0, 'Trading/Opportunity Team': 18.0, 'Compliance Department': 8.0, 'Operations Department': 12.533740456786125, 'Risk Department': 16.068661608034795}",18.0,8.0,12.533740456786125,16.068661608034795,standard,wide,
voting,14,0.0,30.484130885118226,True,12.0,13,165.0,20.153870003436133,100.76935001718067,0.22614562490942394,65,13,0.0006837140026618727,1.0,"{'Growth Department': 28.0, 'Trading/Opportunity Team': 28.0, 'Compliance Department': 8.0, 'Operations Department': 11.028630921620525, 'Risk Department': 25.740719095560145}",28.0,8.0,11.028630921620525,25.740719095560145,standard,wide,
voting,15,2.7857995041609662,26.30604303289217,True,13.0,14,160.0,21.42445721615116,107.1222860807558,0.17402857765603183,70,14,0.0008741170022403821,1.0,"{'Growth Department': 27.0, 'Trading/Opportunity Team': 27.0, 'Compliance Department': 22.0, 'Operations Department': 6.197076147629421, 'Risk Department': 24.925209933126375}",27.0,22.0,6.197076147629421,24.925209933126375,standard,wide,
voting,16,3.051022118481473,25.61252361117495,True,7.0,8,120.0,10.891813621260455,54.459068106302276,0.4671541731997212,40,8,0.0003520719983498566,1.0,"{'Growth Department': 19.0, 'Trading/Opportunity Team': 19.0, 'Compliance Department': -6.0, 'Operations Department': 5.3980476639326405, 'Risk Department': 17.06102044236963}",19.0,-6.0,5.3980476639326405,17.06102044236963,standard,wide,
voting,17,3.8863297387131723,36.55094244064003,True,7.0,8,120.0,15.927794012418193,79.63897006209096,0.10811465012537055,40,8,0.00048109099589055404,1.0,"{'Growth Department': 19.0, 'Trading/Opportunity Team': 19.0, 'Compliance Department': 14.0, 'Operations Department': 10.737325769240229, 'Risk Department': 16.901644292850733}",19.0,14.0,10.737325769240229,16.901644292850733,standard,wide,
voting,18,0.7787476197631396,36.668588566201244,True,10.0,11,155.0,19.233094977845724,96.16547488922862,0.21425713334240867,55,11,0.0004683879960794002,1.0,"{'Growth Department': 26.0, 'Trading/Opportunity Team': 26.0, 'Compliance Department': 6.0, 'Operations Department': 14.489652559306224, 'Risk Department': 23.675822329922394}",26.0,6.0,14.489652559306224,23.675822329922394,standard,wide,
voting,19,2.4050119008785753,30.55790831931956,True,9.0,10,150.0,18.873815342989793,94.36907671494896,0.1844932620170466,50,10,0.00039880000258563086,1.0,"{'Growth Department': 25.0, 'Trading/Opportunity Team': 25.0, 'Compliance Department': 10.0, 'Operations Department': 11.473853008305383, 'Risk Department': 22.895223706643584}",25.0,10.0,11.473853008305383,22.895223706643584,standard,wide,
adaptive_voting,0,62.90859805891512,51.60425001448542,False,,100,660.0,125.94835069658181,629.7417534829091,0.03313816998827335,500,100,0.0023302080007852055,1.0,"{'Growth Department': 132.0, 'Trading/Opportunity Team': 132.0, 'Compliance Department': 132.0, 'Operations Department': 110.08702332801622, 'Risk Department': 123.65473015489285}",132.0,132.0,110.08702332801622,123.65473015489285,standard,wide,
adaptive_voting,1,1.7276402293142015,39.65962328106371,True,52.0,53,385.0,55.990716019874526,279.95358009937263,0.16584899720466542,265,53,0.001323597003647592,1.0,"{'Growth Department': 72.0, 'Trading/Opportunity Team': 72.0, 'Compliance Department': 37.0, 'Operations Department': 31.462474345828873, 'Risk Department': 67.49110575354378}",72.0,37.0,31.462474345828873,67.49110575354378,standard,wide,
adaptive_voting,2,2.0485140639846406,39.084271970614886,True,43.0,44,330.0,49.5629652451165,247.81482622558252,0.14694308442023357,220,44,0.0011979850023635663,1.0,"{'Growth Department': 61.0, 'Trading/Opportunity Team': 61.0, 'Compliance Department': 46.0, 'Operations Department': 22.981656336685948, 'Risk Department': 56.83316988889656}",61.0,46.0,22.981656336685948,56.83316988889656,standard,wide,
adaptive_voting,3,49.42323120760851,51.9645577362231,False,,100,720.0,136.99465254482556,684.9732627241278,0.036070890341741976,500,100,0.0025226099969586357,1.0,"{'Growth Department': 144.0, 'Trading/Opportunity Team': 144.0, 'Compliance Department': 144.0, 'Operations Department': 117.25774865900405, 'Risk Department': 135.7155140651238}",144.0,144.0,117.25774865900405,135.7155140651238,standard,wide,
adaptive_voting,4,37.480657537874194,47.47599162234806,False,,100,720.0,133.9364391006606,669.6821955033031,0.055665727194361025,500,100,0.0026174789963988587,1.0,"{'Growth Department': 144.0, 'Trading/Opportunity Team': 144.0, 'Compliance Department': 144.0, 'Operations Department': 101.12193849217765, 'Risk Department': 136.56025701112554}",144.0,144.0,101.12193849217765,136.56025701112554,standard,wide,
adaptive_voting,5,47.91019873327228,55.8750825661614,False,,100,700.0,135.8597127024928,679.298563512464,0.019612771685176077,500,100,0.0023567579992231913,1.0,"{'Growth Department': 140.0, 'Trading/Opportunity Team': 140.0, 'Compliance Department': 140.0, 'Operations Department': 127.3941174069408, 'Risk Department': 131.90444610552325}",140.0,140.0,127.3941174069408,131.90444610552325,standard,wide,
adaptive_voting,6,13.150553508086468,47.712056906989666,False,,100,740.0,134.89140562577114,674.4570281288557,0.05936010014068831,500,100,0.002544360002502799,1.0,"{'Growth Department': 148.0, 'Trading/Opportunity Team': 148.0, 'Compliance Department': 133.0, 'Operations Department': 105.45520408710009, 'Risk Department': 140.00182404175558}",148.0,133.0,105.45520408710009,140.00182404175558,standard,wide,
adaptive_voting,7,4.863802707193152,52.81758349708048,True,82.0,83,615.0,109.83568165774338,549.1784082887169,0.0425092216674237,415,83,0.0020134399965172634,1.0,"{'Growth Department': 118.0, 'Trading/Opportunity Team': 118.0, 'Compliance Department': 108.0, 'Operations Department': 93.81856663386492, 'Risk Department': 111.35984165485196}",118.0,108.0,93.81856663386492,111.35984165485196,standard,wide,
adaptive_voting,8,59.124502601203375,38.465721225880806,False,,100,690.0,121.00342268463405,605.0171134231703,0.10800504378961176,500,100,0.002960342993901577,1.0,"{'Growth Department': 138.0, 'Trading/Opportunity Team': 138.0, 'Compliance Department': 138.0, 'Operations Department': 59.62063700499483, 'Risk Department': 131.39647641817544}",138.0,138.0,59.62063700499483,131.39647641817544,standard,wide,
adaptive_voting,9,53.12654015450779,47.78472494220643,False,,100,720.0,135.67137633347068,678.3568816673534,0.044389019201839554,500,100,0.002718780997383874,1.0,"{'Growth Department': 144.0, 'Trading/Opportunity Team': 144.0, 'Compliance Department': 144.0, 'Operations Department': 110.36412671756622, 'Risk Department': 135.99275494978716}",144.0,144.0,110.36412671756622,135.99275494978716,standard,wide,
adaptive_voting,10,2.744318551782218,34.329336967299824,True,74.0,75,525.0,81.11487343346822,405.5743671673411,0.16163241481520102,375,75,0.0023367989997495897,1.0,"{'Growth Department': 100.0, 'Trading/Opportunity Team': 100.0, 'Compliance Department': 85.0, 'Operations Department': 25.557544559494577, 'Risk Department': 95.01682260784652}",100.0,85.0,25.557544559494577,95.01682260784652,standard,wide,
adaptive_voting,11,4.038223662720316,39.62417735177391,True,67.0,68,480.0,69.18442437899247,345.92212189496234,0.18811942137389845,340,68,0.0020847990017500706,1.0,"{'Growth Department': 91.0, 'Trading/Opportunity Team': 91.0, 'Compliance Department': 46.0, 'Operations Department': 32.15666323586057, 'Risk Department': 85.76545865910181}",91.0,46.0,32.15666323586057,85.76545865910181,standard,wide,
adaptive_voting,12,2.78724455609903,46.82839842438852,True,57.0,58,460.0,62.99890255057882,314.9945127528941,0.24769748231349506,290,58,0.0016308199992636219,1.0,"{'Growth Department': 87.0, 'Trading/Opportunity Team': 87.0, 'Compliance Department': 7.0, 'Operations Department': 51.94163062135497, 'Risk Department': 82.0528821315391}",87.0,7.0,51.94163062135497,82.0528821315391,standard,wide,
adaptive_voting,13,1.9608685980039864,38.898540384771806,True,86.0,87,615.0,82.53521071538418,412.67605357692094,0.25797771928304825,435,87,0.003678234003018588,1.0,"{'Growth Department': 118.0, 'Trading/Opportunity Team': 118.0, 'Compliance Department': 23.0, 'Operations Department': 41.8469322387422, 'Risk Department': 111.82912133817878}",118.0,23.0,41.8469322387422,111.82912133817878,standard,wide,
adaptive_voting,14,38.79052002692052,51.542972545949624,False,,100,720.0,137.50339720190863,687.5169860095432,0.0328470954312424,500,100,0.004015334001451265,1.0,"{'Growth Department': 144.0, 'Trading/Opportunity Team': 144.0, 'Compliance Department': 144.0, 'Operations Department': 120.02567386531749, 'Risk Department': 135.49131214422576}",144.0,144.0,120.02567386531749,135.49131214422576,standard,wide,
adaptive_voting,15,0.0,47.93353247966976,True,58.0,59,465.0,72.59760137035603,362.98800685178014,0.12274116468771848,295,59,0.0017519230023026466,1.0,"{'Growth Department': 88.0, 'Trading/Opportunity Team': 88.0, 'Compliance Department': 48.0, 'Operations Department': 56.61607317834739, 'Risk Department': 82.37193367343275}",88.0,48.0,56.61607317834739,82.37193367343275,standard,wide,
adaptive_voting,16,25.417783510689766,53.02148752287804,False,,100,720.0,137.23068877671184,686.1534438835592,0.03492332498224311,500,100,0.003122277994407341,1.0,"{'Growth Department': 144.0, 'Trading/Opportunity Team': 144.0, 'Compliance Department': 144.0, 'Operations Department': 117.93965684536344, 'Risk Department': 136.21378703819587}",144.0,144.0,117.93965684536344,136.21378703819587,standard,wide,
adaptive_voting,17,35.928355618072665,46.383504182007506,False,,100,690.0,127.57890649208139,637.8945324604069,0.06015109625673141,500,100,0.0026984650030499324,1.0,"{'Growth Department': 138.0, 'Trading/Opportunity Team': 138.0, 'Compliance Department': 138.0, 'Operations Department': 94.18032898042163, 'Risk Department': 129.71420347998526}",138.0,138.0,94.18032898042163,129.71420347998526,standard,wide,
adaptive_voting,18,22.65187656964682,56.430278970338115,False,,100,690.0,133.4853668450438,667.4268342252191,0.022223970117168257,500,100,0.002565638002124615,1.0,"{'Growth Department': 138.0, 'Trading/Opportunity Team': 138.0, 'Compliance Department': 138.0, 'Operations Department': 123.49098072673729, 'Risk Department': 129.93585349848183}",138.0,138.0,123.49098072673729,129.93585349848183,standard,wide,
adaptive_voting,19,2.892540280780273,50.50365906212278,True,95.0,96,680.0,114.88492811432884,574.4246405716442,0.07848955823647472,480,96,0.0028492290002759546,1.0,"{'Growth Department': 131.0, 'Trading/Opportunity Team': 131.0, 'Compliance Department': 91.0, 'Operations Department': 98.28415930346483, 'Risk Department': 123.14048126817931}",131.0,91.0,98.28415930346483,123.14048126817931,standard,wide,
centralized_profit,0,1.2462813101158936,38.48882775893024,True,7.0,8,108.0,12.642594927343575,63.212974636717874,0.5440343528707047,48,8,0.00032659099815646186,0.375,"{'Growth Department': 27.0, 'Trading/Opportunity Team': 27.0, 'Compliance Department': -5.0, 'Operations Department': 9.188049010515552, 'Risk Department': 5.024925626202319}",27.0,-5.0,9.188049010515552,5.024925626202319,standard,wide,
centralized_profit,1,4.817869824684244,45.32894171149504,True,12.0,13,155.0,21.61182607408577,108.05913037042885,0.4145445072867835,78,13,0.0004495650064200163,0.46153846153846156,"{'Growth Department': 40.0, 'Trading/Opportunity Team': 42.0, 'Compliance Department': 2.0, 'Operations Department': 8.011702606880679, 'Risk Department': 16.047427763548175}",41.0,2.0,8.011702606880679,16.047427763548175,standard,wide,
centralized_profit,2,3.703705814905682,40.14178018816575,True,12.0,13,173.0,23.797553506187977,118.98776753093989,0.43677069863477447,78,13,0.00042762799421325326,0.3076923076923077,"{'Growth Department': 42.0, 'Trading/Opportunity Team': 48.0, 'Compliance Department': -1.0, 'Operations Department': 19.913693414641784, 'Risk Department': 10.074074116298112}",45.0,-1.0,19.913693414641784,10.074074116298112,standard,wide,
centralized_profit,3,0.0,38.624358336271825,True,13.0,14,178.0,24.589641691359265,122.94820845679632,0.4037312053232623,84,14,0.00036943099985364825,0.2857142857142857,"{'Growth Department': 47.0, 'Trading/Opportunity Team': 49.0, 'Compliance Department': 6.0, 'Operations Department': 12.043279438291567, 'Risk Department': 8.904929018504767}",48.0,6.0,12.043279438291567,8.904929018504767,standard,wide,
centralized_profit,4,0.4482724574472705,37.6637444540438,True,11.0,12,158.0,20.76016150943053,103.80080754715266,0.4786389861410257,72,12,0.00037544899532804266,0.3333333333333333,"{'Growth Department': 39.0, 'Trading/Opportunity Team': 45.0, 'Compliance Department': -2.0, 'Operations Department': 8.79221678752782, 'Risk Department': 13.00859075962483}",42.0,-2.0,8.79221678752782,13.00859075962483,standard,wide,
centralized_profit,5,0.9210739563482626,35.8882014245539,True,10.0,11,147.0,18.47542532858908,92.3771266429454,0.5368496857456269,66,11,0.00027980100276181474,0.36363636363636365,"{'Growth Department': 40.0, 'Trading/Opportunity Team': 40.0, 'Compliance Department': -5.0, 'Operations Department': 11.35870516381842, 'Risk Department': 6.018421479126966}",40.0,-5.0,11.35870516381842,6.018421479126966,standard,wide,
centralized_profit,6,3.099763354528461,36.9341775023675,True,10.0,11,155.0,20.29835998005127,101.49179990025635,0.4569354562510486,66,11,0.0003105200012214482,0.18181818181818182,"{'Growth Department': 42.0, 'Trading/Opportunity Team': 42.0, 'Compliance Department': 1.0, 'Operations Department': 8.429804633165789, 'Risk Department': 8.06199526709057}",42.0,1.0,8.429804633165789,8.06199526709057,standard,wide,
centralized_profit,7,2.728487372071786,39.04726947409187,True,11.0,12,150.0,20.386413111704165,101.93206555852082,0.4392942677622437,72,12,0.00032411699794465676,0.5,"{'Growth Department': 41.0, 'Trading/Opportunity Team': 41.0, 'Compliance Department': 1.0, 'Operations Department': 9.877495811079386, 'Risk Department': 9.054569747441436}",41.0,1.0,9.877495811079386,9.054569747441436,standard,wide,
centralized_profit,8,0.0,34.017690039001806,True,10.0,11,153.0,18.49222946677876,92.4611473338938,0.5604033971082714,66,11,0.0003335110013722442,0.2727272727272727,"{'Growth Department': 40.0, 'Trading/Opportunity Team': 40.0, 'Compliance Department': -8.0, 'Operations Department': 6.461147333893809, 'Risk Department': 13.999999999999998}",40.0,-8.0,6.461147333893809,13.999999999999998,standard,wide,
centralized_profit,9,0.0,36.86658436129641,True,13.0,14,174.0,22.488879874836936,112.44439937418468,0.505138542391826,84,14,0.00037089799297973514,0.35714285714285715,"{'Growth Department': 47.0, 'Trading/Opportunity Team': 47.0, 'Compliance Department': -5.0, 'Operations Department': 14.444399374184684, 'Risk Department': 9.0}",47.0,-5.0,14.444399374184684,9.0,standard,wide,
centralized_profit,10,0.8014405308777892,35.61632423199118,True,11.0,12,160.0,19.881810528554777,99.40905264277389,0.4651768550024392,72,12,0.0003706700008478947,0.25,"{'Growth Department': 39.0, 'Trading/Opportunity Team': 43.0, 'Compliance Department': 1.0, 'Operations Department': 7.393023832156331, 'Risk Department': 9.016028810617556}",41.0,1.0,7.393023832156331,9.016028810617556,standard,wide,
centralized_profit,11,4.270020001552728,32.53532682442475,True,12.0,13,159.0,20.24867619100023,101.24338095500114,0.5287931642840638,78,13,0.0009528770024189726,0.46153846153846156,"{'Growth Department': 44.0, 'Trading/Opportunity Team': 44.0, 'Compliance Department': -3.0, 'Operations Department': 4.157980554970088, 'Risk Department': 12.085400400031054}",44.0,-3.0,4.157980554970088,12.085400400031054,standard,wide,
centralized_profit,12,1.4929897119861497,34.94492893442818,True,12.0,13,165.0,20.563055291798136,102.81527645899068,0.5571723902035987,78,13,0.0007791570023982786,0.3076923076923077,"{'Growth Department': 46.0, 'Trading/Opportunity Team': 46.0, 'Compliance Department': -6.0, 'Operations Department': 6.785416664750953, 'Risk Department': 10.029859794239723}",46.0,-6.0,6.785416664750953,10.029859794239723,standard,wide,
centralized_profit,13,0.0,31.979683814538497,True,13.0,14,168.0,19.50616009806383,97.53080049031915,0.600709514423474,84,14,0.0007689949998166412,0.42857142857142855,"{'Growth Department': 45.0, 'Trading/Opportunity Team': 45.0, 'Compliance Department': -8.0, 'Operations Department': 4.530800490319153, 'Risk Department': 11.0}",45.0,-8.0,4.530800490319153,11.0,standard,wide,
centralized_profit,14,1.4943114774958683,39.15357570913201,True,13.0,14,172.0,24.48546446112935,122.42732230564675,0.3856868569163206,84,14,0.0004010279953945428,0.5,"{'Growth Department': 45.0, 'Trading/Opportunity Team': 47.0, 'Compliance Department': 5.0, 'Operations Department': 14.473845157512383, 'Risk Department': 10.953477148134361}",46.0,5.0,14.473845157512383,10.953477148134361,standard,wide,
centralized_profit,15,2.908384075058313,33.904329513647795,True,15.0,16,182.0,24.47128379834669,122.35641899173345,0.4432260025161815,96,16,0.0005215950004640035,0.625,"{'Growth Department': 47.0, 'Trading/Opportunity Team': 51.0, 'Compliance Department': 4.0, 'Operations Department': 5.4211338202474515, 'Risk Department': 14.935285171486008}",49.0,4.0,5.4211338202474515,14.935285171486008,standard,wide,
centralized_profit,16,3.54147780808548,32.62450129282462,True,12.0,13,153.0,17.925108436227895,89.62554218113947,0.6000311255168709,78,13,0.0003488400034257211,0.46153846153846156,"{'Growth Department': 42.0, 'Trading/Opportunity Team': 42.0, 'Compliance Department': -6.0, 'Operations Department': 3.5547126249777605, 'Risk Department': 8.070829556161708}",42.0,-6.0,3.5547126249777605,8.070829556161708,standard,wide,
centralized_profit,17,3.7114716645788306,38.521154094902094,True,9.0,10,128.0,15.169579934204483,75.84789967102242,0.5918493735438007,60,10,0.00030383699777303264,0.3,"{'Growth Department': 35.0, 'Trading/Opportunity Team': 35.0, 'Compliance Department': -6.0, 'Operations Department': 4.773670237730842, 'Risk Department': 7.074229433291577}",35.0,-6.0,4.773670237730842,7.074229433291577,standard,wide,
centralized_profit,18,2.1409111376772243,42.7164057367632,True,12.0,13,157.0,21.84304135390458,109.21520676952291,0.4322066716518484,78,13,0.00037757600512122735,0.46153846153846156,"{'Growth Department': 42.0, 'Trading/Opportunity Team': 44.0, 'Compliance Department': 2.0, 'Operations Department': 13.224059298582752, 'Risk Department': 7.991147470940166}",43.0,2.0,13.224059298582752,7.991147470940166,standard,wide,
centralized_profit,19,2.5716568043834958,40.26250713343918,True,13.0,14,178.0,23.629778117705435,118.14889058852718,0.463094239962872,84,14,0.00048181600141106173,0.35714285714285715,"{'Growth Department': 45.0, 'Trading/Opportunity Team': 49.0, 'Compliance Department': -3.0, 'Operations Department': 12.214823276123711, 'Risk Department': 14.93406731240347}",47.0,-3.0,12.214823276123711,14.93406731240347,standard,wide,
centralized_sustainability,0,63.65819913925509,62.41705848071849,False,,100,624.0,123.03946162526438,615.1973081263219,0.042829029569648645,600,100,0.0022624909979640506,0.99,"{'Growth Department': 130.0, 'Trading/Opportunity Team': 130.0, 'Compliance Department': 130.0, 'Operations Department': 126.2653755049202, 'Risk Department': 98.93193262140167}",130.0,130.0,126.2653755049202,98.93193262140167,standard,wide,
centralized_sustainability,1,55.75562244800662,64.82675479393993,False,,100,652.0,129.13873586430236,645.6936793215118,0.059850448874454544,600,100,0.0019368150024092756,0.97,"{'Growth Department': 140.0, 'Trading/Opportunity Team': 132.0, 'Compliance Department': 140.0, 'Operations Department': 138.0, 'Risk Department': 95.69367932151184}",136.0,140.0,138.0,95.69367932151184,standard,wide,
centralized_sustainability,2,66.49053035595037,57.07382909959357,False,,100,658.0,126.96964189019647,634.8482094509824,0.07308391492913557,600,100,0.0019280709966551512,0.95,"{'Growth Department': 138.0, 'Trading/Opportunity Team': 142.0, 'Compliance Department': 142.0, 'Operations Department': 115.68940023303875, 'Risk Department': 97.15880921794361}",140.0,142.0,115.68940023303875,97.15880921794361,standard,wide,
centralized_sustainability,3,56.906757637121345,65.0361375661715,False,,100,682.0,134.89107979900618,674.4553989950309,0.06444198467296439,600,100,0.003078911002376117,0.96,"{'Growth Department': 146.0, 'Trading/Opportunity Team': 144.0, 'Compliance Department': 148.0, 'Operations Department': 139.56890920165128, 'Risk Department': 96.88648979337957}",145.0,148.0,139.56890920165128,96.88648979337957,standard,wide,
centralized_sustainability,4,41.03945557305133,62.32237495660989,False,,100,700.0,137.47889084554222,687.3944542277111,0.07516469815055409,600,100,0.0023562520000268705,0.95,"{'Growth Department': 152.0, 'Trading/Opportunity Team': 152.0, 'Compliance Department': 152.0, 'Operations Department': 135.958400111399, 'Risk Department': 95.43605411631205}",152.0,152.0,135.958400111399,95.43605411631205,standard,wide,
centralized_sustainability,5,62.20182900019361,65.1370242342901,False,,100,650.0,128.6876286792881,643.4381433964405,0.05284847894111735,600,100,0.0018602700001792982,0.99,"{'Growth Department': 136.0, 'Trading/Opportunity Team': 138.0, 'Compliance Department': 138.0, 'Operations Department': 133.88810472087692, 'Risk Department': 97.5500386755635}",137.0,138.0,133.88810472087692,97.5500386755635,standard,wide,
centralized_sustainability,6,58.343409753685066,64.894535999593,False,,100,682.0,135.07306628612747,675.3653314306373,0.05879445243565673,600,100,0.002105914994899649,0.97,"{'Growth Department': 146.0, 'Trading/Opportunity Team': 144.0, 'Compliance Department': 146.0, 'Operations Department': 140.0, 'Risk Department': 99.36533143063733}",145.0,146.0,140.0,99.36533143063733,standard,wide,
centralized_sustainability,7,27.657459358482726,62.09731041392704,False,,100,664.0,128.87501740714782,644.3750870357392,0.07574434629924091,600,100,0.0019264440052211285,0.97,"{'Growth Department': 142.0, 'Trading/Opportunity Team': 144.0, 'Compliance Department': 144.0, 'Operations Department': 118.76959841907484, 'Risk Department': 95.60548861666439}",143.0,144.0,118.76959841907484,95.60548861666439,standard,wide,
centralized_sustainability,8,68.33266953059326,59.36663729405294,False,,100,688.0,132.9980962614978,664.9904813074891,0.0804629466163739,600,100,0.0019547429983504117,0.95,"{'Growth Department': 146.0, 'Trading/Opportunity Team': 150.0, 'Compliance Department': 150.0, 'Operations Department': 121.74869660958154, 'Risk Department': 97.24178469790755}",148.0,150.0,121.74869660958154,97.24178469790755,standard,wide,
centralized_sustainability,9,67.3483444218958,65.8668820975835,False,,100,662.0,131.1787146899515,655.8935734497575,0.059895603235702845,600,100,0.0019410329987294972,0.97,"{'Growth Department': 142.0, 'Trading/Opportunity Team': 140.0, 'Compliance Department': 142.0, 'Operations Department': 136.0, 'Risk Department': 95.89357344975747}",141.0,142.0,136.0,95.89357344975747,standard,wide,
centralized_sustainability,10,69.98372561383529,61.95061974156238,False,,100,658.0,129.8982620840007,649.4913104200034,0.06480851502539427,600,100,0.0030102160017122515,0.96,"{'Growth Department': 138.0, 'Trading/Opportunity Team': 140.0, 'Compliance Department': 144.0, 'Operations Department': 132.21403921555145, 'Risk Department': 95.27727120445198}",139.0,144.0,132.21403921555145,95.27727120445198,standard,wide,
centralized_sustainability,11,68.16696550941074,61.22028621576074,False,,100,678.0,133.15179564128326,665.7589782064163,0.056335202703340845,600,100,0.002274898004543502,0.95,"{'Growth Department': 144.0, 'Trading/Opportunity Team': 144.0, 'Compliance Department': 144.0, 'Operations Department': 129.28212388490135, 'Risk Department': 104.47685432151488}",144.0,144.0,129.28212388490135,104.47685432151488,standard,wide,
centralized_sustainability,12,63.15438077626746,63.91045750183732,False,,100,658.0,129.98063401444924,649.9031700722462,0.05847410705344398,600,100,0.0020516730000963435,0.98,"{'Growth Department': 140.0, 'Trading/Opportunity Team': 140.0, 'Compliance Department': 140.0, 'Operations Department': 134.81260899743515, 'Risk Department': 95.09056107481106}",140.0,140.0,134.81260899743515,95.09056107481106,standard,wide,
centralized_sustainability,13,69.82035734102392,59.98281271695535,False,,100,698.0,136.2402441229249,681.2012206146245,0.0692605856989145,600,100,0.0021622109998133965,0.94,"{'Growth Department': 150.0, 'Trading/Opportunity Team': 150.0, 'Compliance Department': 150.0, 'Operations Department': 130.35343002571, 'Risk Department': 100.84779058891456}",150.0,150.0,130.35343002571,100.84779058891456,standard,wide,
centralized_sustainability,14,70.72253449871585,62.59029986479971,False,,100,658.0,129.4880277852445,647.4401389262225,0.060234050125575325,600,100,0.0019918559992220253,0.99,"{'Growth Department': 140.0, 'Trading/Opportunity Team': 140.0, 'Compliance Department': 140.0, 'Operations Department': 132.37513230592367, 'Risk Department': 95.0650066202988}",140.0,140.0,132.37513230592367,95.0650066202988,standard,wide,
centralized_sustainability,15,65.1936224042415,64.99955822150515,False,,100,684.0,135.35827398475462,676.7913699237731,0.0699874528044239,600,100,0.002049793998594396,0.95,"{'Growth Department': 148.0, 'Trading/Opportunity Team': 144.0, 'Compliance Department': 150.0, 'Operations Department': 140.0, 'Risk Department': 94.79136992377309}",146.0,150.0,140.0,94.79136992377309,standard,wide,
centralized_sustainability,16,50.05204329154235,63.21360703225514,False,,100,682.0,134.83298332990697,674.1649166495348,0.06687807683781273,600,100,0.0022255730000324547,0.96,"{'Growth Department': 144.0, 'Trading/Opportunity Team': 148.0, 'Compliance Department': 148.0, 'Operations Department': 137.04696604168254, 'Risk Department': 97.11795060785234}",146.0,148.0,137.04696604168254,97.11795060785234,standard,wide,
centralized_sustainability,17,67.77038798067976,62.66794208793813,False,,100,646.0,127.4294581664531,637.1472908322655,0.060407753325271686,600,100,0.0021194610017118976,0.96,"{'Growth Department': 138.0, 'Trading/Opportunity Team': 138.0, 'Compliance Department': 138.0, 'Operations Department': 128.51617260568287, 'Risk Department': 94.6311182265827}",138.0,138.0,128.51617260568287,94.6311182265827,standard,wide,
centralized_sustainability,18,65.18302376819443,61.4427516217344,False,,100,638.0,125.61188649400864,628.0594324700432,0.059190220190085976,600,100,0.002061770996078849,0.98,"{'Growth Department': 136.0, 'Trading/Opportunity Team': 136.0, 'Compliance Department': 136.0, 'Operations Department': 125.05630519099222, 'Risk Department': 95.00312727905103}",136.0,136.0,125.05630519099222,95.00312727905103,standard,wide,
centralized_sustainability,19,61.91531458730347,64.90198672870304,False,,100,644.0,127.47634538616246,637.3817269308123,0.05098140891459444,600,100,0.002033742995990906,1.0,"{'Growth Department': 136.0, 'Trading/Opportunity Team': 132.0, 'Compliance Department': 136.0, 'Operations Department': 136.0, 'Risk Department': 97.38172693081228}",134.0,136.0,136.0,97.38172693081228,standard,wide,
centralized_risk_averse,0,68.1847092138778,65.67185177729642,False,,100,596.0,117.8679831675549,589.3399158377745,0.02729395482089956,600,100,0.0018612810017657466,0.96,"{'Growth Department': 124.0, 'Trading/Opportunity Team': 124.0, 'Compliance Department': 108.0, 'Operations Department': 115.78645740742756, 'Risk Department': 117.55345843034691}",124.0,108.0,115.78645740742756,117.55345843034691,standard,wide,
centralized_risk_averse,1,64.77138636805869,70.50432154395988,False,,100,570.0,113.11263125860732,565.5631562930366,0.018486397364134533,600,100,0.0018750800009001978,0.96,"{'Growth Department': 118.0, 'Trading/Opportunity Team': 116.0, 'Compliance Department': 108.0, 'Operations Department': 109.86193689563201, 'Risk Department': 113.70121939740461}",117.0,108.0,109.86193689563201,113.70121939740461,standard,wide,
centralized_risk_averse,2,50.405387664012714,61.042670757885006,False,,100,624.0,120.51201528629808,602.5600764314904,0.04978909842552426,600,100,0.0019046430024900474,0.95,"{'Growth Department': 130.0, 'Trading/Opportunity Team': 132.0, 'Compliance Department': 110.0, 'Operations Department': 104.49884630907631, 'Risk Department': 126.06123012241414}",131.0,110.0,104.49884630907631,126.06123012241414,standard,wide,
centralized_risk_averse,3,68.18747756058909,74.40000976070456,False,,100,556.0,110.4306720479681,552.1533602398405,0.017386473924255342,600,100,0.00203951900039101,0.98,"{'Growth Department': 114.0, 'Trading/Opportunity Team': 114.0, 'Compliance Department': 104.0, 'Operations Department': 110.0, 'Risk Department': 110.15336023984048}",114.0,104.0,110.0,110.15336023984048,standard,wide,
centralized_risk_averse,4,61.593326074561915,73.62690545771363,False,,100,570.0,113.23783816442885,566.1891908221443,0.022607284292046437,600,100,0.0021023969966336153,0.97,"{'Growth Department': 118.0, 'Trading/Opportunity Team': 118.0, 'Compliance Department': 106.0, 'Operations Department': 110.0, 'Risk Department': 114.18919082214424}",118.0,106.0,110.0,114.18919082214424,standard,wide,
centralized_risk_averse,5,52.68443300253671,71.5396277758382,False,,100,562.0,110.91851112820578,554.5925556410289,0.023973553077004085,600,100,0.0018143760025850497,0.97,"{'Growth Department': 116.0, 'Trading/Opportunity Team': 116.0, 'Compliance Department': 104.0, 'Operations Department': 106.761114828071, 'Risk Department': 111.83144081295791}",116.0,104.0,106.761114828071,111.83144081295791,standard,wide,
centralized_risk_averse,6,71.66309565234646,66.54514877591701,False,,100,620.0,121.9455745222482,609.727872611241,0.04009169144383477,600,100,0.001959696994163096,0.95,"{'Growth Department': 132.0, 'Trading/Opportunity Team': 128.0, 'Compliance Department': 108.0, 'Operations Department': 114.88744566641091, 'Risk Department': 126.84042694482999}",130.0,108.0,114.88744566641091,126.84042694482999,standard,wide,
centralized_risk_averse,7,70.30566366954885,69.93075109429097,False,,100,574.0,113.86735559729826,569.3367779864913,0.01826686840217917,600,100,0.0019706609964487143,0.97,"{'Growth Department': 118.0, 'Trading/Opportunity Team': 118.0, 'Compliance Department': 108.0, 'Operations Department': 112.0, 'Risk Department': 113.33677798649126}",118.0,108.0,112.0,113.33677798649126,standard,wide,
centralized_risk_averse,8,78.96790068180833,71.5283528660848,False,,100,602.0,119.49310331219849,597.4655165609925,0.026779788216223642,600,100,0.0019216840009903535,0.96,"{'Growth Department': 124.0, 'Trading/Opportunity Team': 126.0, 'Compliance Department': 110.0, 'Operations Department': 116.0, 'Risk Department': 121.46551656099246}",125.0,110.0,116.0,121.46551656099246,standard,wide,
centralized_risk_averse,9,68.84993387647775,69.68832365725035,False,,100,606.0,120.11298214295243,600.5649107147622,0.027514281446996414,600,100,0.002021191001404077,0.95,"{'Growth Department': 128.0, 'Trading/Opportunity Team': 122.0, 'Compliance Department': 110.0, 'Operations Department': 117.62731538163578, 'Risk Department': 122.93759533312638}",125.0,110.0,117.62731538163578,122.93759533312638,standard,wide,
centralized_risk_averse,10,78.18913168310588,70.32536421113777,False,,100,576.0,114.29811987854737,571.4905993927368,0.012955174154697246,600,100,0.0021471910004038364,0.98,"{'Growth Department': 116.0, 'Trading/Opportunity Team': 118.0, 'Compliance Department': 110.0, 'Operations Department': 114.0, 'Risk Department': 113.4905993927369}",117.0,110.0,114.0,113.4905993927369,standard,wide,
centralized_risk_averse,11,78.79201305234103,67.08806211138412,False,,100,620.0,122.64457053938604,613.2228526969302,0.031754664629566956,600,100,0.0021001319983042777,0.94,"{'Growth Department': 130.0, 'Trading/Opportunity Team': 130.0, 'Compliance Department': 112.0, 'Operations Department': 117.31828492355663, 'Risk Department': 123.90456777337359}",130.0,112.0,117.31828492355663,123.90456777337359,standard,wide,
centralized_risk_averse,12,72.18103349868588,71.13716494419671,False,,100,574.0,113.84211188226163,569.2105594113082,0.011798404165977595,600,100,0.0020003449972136877,0.99,"{'Growth Department': 116.0, 'Trading/Opportunity Team': 116.0, 'Compliance Department': 110.0, 'Operations Department': 116.0, 'Risk Department': 111.21055941130813}",116.0,110.0,116.0,111.21055941130813,standard,wide,
centralized_risk_averse,13,79.04553701804205,71.75490560442388,False,,100,598.0,118.63716337171854,593.1858168585927,0.020229748687434677,600,100,0.0020221529994159937,0.95,"{'Growth Department': 124.0, 'Trading/Opportunity Team': 122.0, 'Compliance Department': 112.0, 'Operations Department': 116.0, 'Risk Department': 119.1858168585927}",123.0,112.0,116.0,119.1858168585927,standard,wide,
centralized_risk_averse,14,59.86519780174767,70.00612121015146,False,,100,604.0,119.70562067387388,598.5281033693694,0.025395632910857023,600,100,0.0023777870010235347,0.96,"{'Growth Department': 124.0, 'Trading/Opportunity Team': 126.0, 'Compliance Department': 110.0, 'Operations Department': 118.0, 'Risk Department': 120.52810336936939}",125.0,110.0,118.0,120.52810336936939,standard,wide,
centralized_risk_averse,15,71.64871431566928,70.31161843430695,False,,100,610.0,120.94122575344598,604.7061287672299,0.02127128277152508,600,100,0.0020569730040733702,0.96,"{'Growth Department': 126.0, 'Trading/Opportunity Team': 126.0, 'Compliance Department': 114.0, 'Operations Department': 117.84281235329478, 'Risk Department': 120.86331641393504}",126.0,114.0,117.84281235329478,120.86331641393504,standard,wide,
centralized_risk_averse,16,67.51948491048617,72.6167077204975,False,,100,570.0,113.14571340024281,565.7285670012141,0.011504763201219603,600,100,0.0020184900058666244,0.98,"{'Growth Department': 114.0, 'Trading/Opportunity Team': 116.0, 'Compliance Department': 108.0, 'Operations Department': 114.0, 'Risk Department': 113.7285670012141}",115.0,108.0,114.0,113.7285670012141,standard,wide,
centralized_risk_averse,17,70.13047719996072,71.90250591398029,False,,100,548.0,108.69468565362043,543.4734282681021,0.008135185927318744,600,100,0.002267538002342917,1.0,"{'Growth Department': 110.0, 'Trading/Opportunity Team': 110.0, 'Compliance Department': 108.0, 'Operations Department': 110.0, 'Risk Department': 105.4734282681021}",110.0,108.0,110.0,105.4734282681021,standard,wide,
centralized_risk_averse,18,42.09818997849417,69.82120364212498,False,,100,578.0,114.35589027259873,571.7794513629937,0.021609895621245555,600,100,0.0020813489973079413,0.96,"{'Growth Department': 118.0, 'Trading/Opportunity Team': 120.0, 'Compliance Department': 108.0, 'Operations Department': 111.10976434418147, 'Risk Department': 114.66968701881217}",119.0,108.0,111.10976434418147,114.66968701881217,standard,wide,
centralized_risk_averse,19,73.6280270897558,69.98863841135844,False,,100,574.0,113.78165545089487,568.9082772544743,0.01904821837099586,600,100,0.0031367650008178316,0.99,"{'Growth Department': 116.0, 'Trading/Opportunity Team': 118.0, 'Compliance Department': 106.0, 'Operations Department': 116.0, 'Risk Department': 112.90827725447431}",117.0,106.0,116.0,112.90827725447431,standard,wide,
structured_debate,0,4.364179727893278,41.23651782713016,True,7.0,8,106.0,12.485219454930778,62.42609727465389,0.5248620047160959,120,16,0.0004087799970875494,0.375,"{'Growth Department': 27.0, 'Trading/Opportunity Team': 23.0, 'Compliance Department': -5.0, 'Operations Department': 12.338813680096028, 'Risk Department': 5.0872835945578645}",25.0,-5.0,12.338813680096028,5.0872835945578645,standard,wide,
structured_debate,1,1.1872431838726563,36.814554539450015,True,12.0,13,153.0,18.22948629698554,91.14743148492771,0.5528461003628136,195,26,0.0005630270024994388,0.3076923076923077,"{'Growth Department': 42.0, 'Trading/Opportunity Team': 38.0, 'Compliance Department': -6.0, 'Operations Department': 9.12368662125026, 'Risk Department': 8.023744863677454}",40.0,-6.0,9.12368662125026,8.023744863677454,standard,wide,
structured_debate,2,0.0,40.16073555793456,True,15.0,16,194.0,26.37050690923646,131.8525345461823,0.44291905499582923,240,32,0.0005788339985883795,0.4375,"{'Growth Department': 47.0, 'Trading/Opportunity Team': 53.0, 'Compliance Department': -3.0, 'Operations Department': 21.85253454618231, 'Risk Department': 13.0}",50.0,-3.0,21.85253454618231,13.0,standard,wide,
structured_debate,3,2.775676779602314,36.45014990751885,True,15.0,16,184.0,24.043107892464267,120.21553946232133,0.5190877665853939,240,32,0.0005973570005153306,0.25,"{'Growth Department': 55.0, 'Trading/Opportunity Team': 47.0, 'Compliance Department': -5.0, 'Operations Department': 12.22157918320801, 'Risk Department': 10.993960279113322}",51.0,-5.0,12.22157918320801,10.993960279113322,standard,wide,
structured_debate,4,4.167411562355319,39.14696725548422,True,13.0,14,168.0,22.570192500847917,112.85096250423958,0.4463113082053597,210,28,0.0006290300007094629,0.35714285714285715,"{'Growth Department': 39.0, 'Trading/Opportunity Team': 49.0, 'Compliance Department': 0.0, 'Operations Department': 13.767614272992475, 'Risk Department': 11.083348231247106}",44.0,0.0,13.767614272992475,11.083348231247106,standard,wide,
structured_debate,5,4.001712861912285,37.69032768765001,True,12.0,13,157.0,19.382196415443623,96.91098207721811,0.5610095484718606,195,26,0.0005213760014157742,0.46153846153846156,"{'Growth Department': 44.0, 'Trading/Opportunity Team': 40.0, 'Compliance Department': -8.0, 'Operations Department': 12.830947819979853, 'Risk Department': 8.080034257238246}",42.0,-8.0,12.830947819979853,8.080034257238246,standard,wide,
structured_debate,6,4.933043855125149,40.18967401504987,True,13.0,14,174.0,24.054040892044178,120.2702044602209,0.41207658930646485,210,28,0.0005147600022610277,0.5,"{'Growth Department': 45.0, 'Trading/Opportunity Team': 47.0, 'Compliance Department': 2.0, 'Operations Department': 15.171543583118389, 'Risk Department': 11.098660877102503}",46.0,2.0,15.171543583118389,11.098660877102503,standard,wide,
structured_debate,7,0.0,42.00328359521347,True,12.0,13,159.0,21.31901867563493,106.59509337817465,0.46531222430689867,195,26,0.0004545459960354492,0.46153846153846156,"{'Growth Department': 44.0, 'Trading/Opportunity Team': 40.0, 'Compliance Department': -3.0, 'Operations Department': 15.595093378174646, 'Risk Department': 10.0}",42.0,-3.0,15.595093378174646,10.0,standard,wide,
structured_debate,8,4.613680289544579,38.04363108317847,True,13.0,14,170.0,22.93422258073847,114.67111290369236,0.4095172537163771,210,28,0.0005257169977994636,0.5,"{'Growth Department': 41.0, 'Trading/Opportunity Team': 45.0, 'Compliance Department': 0.0, 'Operations Department': 13.600501907698217, 'Risk Department': 15.07061099599414}",43.0,0.0,13.600501907698217,15.07061099599414,standard,wide,
structured_debate,9,0.0,37.2241000484544,True,15.0,16,186.0,24.537039433748962,122.6851971687448,0.4825358019238017,240,32,0.0005592649977188557,0.4375,"{'Growth Department': 53.0, 'Trading/Opportunity Team': 47.0, 'Compliance Department': -3.0, 'Operations Department': 14.685197168744807, 'Risk Department': 11.0}",50.0,-3.0,14.685197168744807,11.0,standard,wide,
structured_debate,10,2.6246514896349113,36.34016100274377,True,13.0,14,168.0,20.172702618902346,100.86351309451173,0.5599209291985823,210,28,0.0005707239979528822,0.35714285714285715,"{'Growth Department': 41.0, 'Trading/Opportunity Team': 47.0, 'Compliance Department': -8.0, 'Operations Department': 9.811020064719036, 'Risk Department': 11.052493029792696}",44.0,-8.0,9.811020064719036,11.052493029792696,standard,wide,
structured_debate,11,3.2514834247891624,35.4802620303712,True,13.0,14,168.0,21.306515448519132,106.53257724259566,0.505131691762392,210,28,0.0006871789955766872,0.5,"{'Growth Department': 43.0, 'Trading/Opportunity Team': 45.0, 'Compliance Department': -7.0, 'Operations Department': 12.467547574099882, 'Risk Department': 13.06502966849578}",44.0,-7.0,12.467547574099882,13.06502966849578,standard,wide,
structured_debate,12,1.1297954023629995,37.030758244475166,True,15.0,16,184.0,24.020938112520632,120.10469056260315,0.48929947583975464,240,32,0.0006640470019192435,0.5,"{'Growth Department': 51.0, 'Trading/Opportunity Team': 49.0, 'Compliance Department': -3.0, 'Operations Department': 10.082094654555892, 'Risk Department': 13.022595908047261}",50.0,-3.0,10.082094654555892,13.022595908047261,standard,wide,
structured_debate,13,1.9202268049284985,32.9450303937499,True,14.0,15,171.0,19.02335959531606,95.11679797658029,0.6515005124443451,225,30,0.0006259659930947237,0.4,"{'Growth Department': 44.0, 'Trading/Opportunity Team': 46.0, 'Compliance Department': -12.0, 'Operations Department': 5.078393440481721, 'Risk Department': 12.038404536098572}",45.0,-12.0,5.078393440481721,12.038404536098572,standard,wide,
structured_debate,14,0.0,39.29689968786899,True,12.0,13,169.0,23.08581312561203,115.42906562806016,0.4504931207496415,195,26,0.0006556520020239986,0.23076923076923078,"{'Growth Department': 48.0, 'Trading/Opportunity Team': 42.0, 'Compliance Department': -1.0, 'Operations Department': 16.42906562806015, 'Risk Department': 10.0}",45.0,-1.0,16.42906562806015,10.0,standard,wide,
structured_debate,15,0.0,32.35406766762673,True,16.0,17,181.0,20.661529081585673,103.30764540792836,0.6531650350792926,255,34,0.001096731000870932,0.4117647058823529,"{'Growth Department': 48.0, 'Trading/Opportunity Team': 50.0, 'Compliance Department': -14.0, 'Operations Department': 7.307645407928366, 'Risk Department': 12.000000000000002}",49.0,-14.0,7.307645407928366,12.000000000000002,standard,wide,
structured_debate,16,2.742531983438621,37.103236171260306,True,11.0,12,152.0,19.521915083108006,97.60957541554004,0.5263634215283328,180,24,0.0004949450012645684,0.25,"{'Growth Department': 41.0, 'Trading/Opportunity Team': 45.0, 'Compliance Department': -2.0, 'Operations Department': 6.55472477587127, 'Risk Department': 7.054850639668775}",43.0,-2.0,6.55472477587127,7.054850639668775,standard,wide,
structured_debate,17,2.2014538664404792,37.44176902322086,True,10.0,11,133.0,15.813500202947044,79.06750101473521,0.5563677953706827,165,22,0.0005254659990896471,0.45454545454545453,"{'Growth Department': 36.0, 'Trading/Opportunity Team': 34.0, 'Compliance Department': -5.0, 'Operations Department': 6.0234719374063985, 'Risk Department': 8.04402907732881}",35.0,-5.0,6.0234719374063985,8.04402907732881,standard,wide,
structured_debate,18,1.0597202535075496,41.674177739356686,True,12.0,13,159.0,22.23254419121981,111.16272095609905,0.4389889691001609,195,26,0.0005502999993041158,0.3076923076923077,"{'Growth Department': 46.0, 'Trading/Opportunity Team': 42.0, 'Compliance Department': 2.0, 'Operations Department': 13.160741643315998, 'Risk Department': 8.001979312783053}",44.0,2.0,13.160741643315998,8.001979312783053,standard,wide,
structured_debate,19,2.415579232486672,39.8394976445899,True,15.0,16,188.0,25.29731703680631,126.48658518403154,0.41728279160471377,240,32,0.0007221609994303435,0.5,"{'Growth Department': 47.0, 'Trading/Opportunity Team': 49.0, 'Compliance Department': -1.0, 'Operations Department': 16.438273599381805, 'Risk Department': 15.048311584649735}",48.0,-1.0,16.438273599381805,15.048311584649735,standard,wide,
independent,0,0.0,36.061119253260465,True,6.0,7,119.0,16.795816354519687,83.97908177259843,0.32398981647163544,0,0,0.00031770799978403375,0.0,"{'Growth Department': 28.0, 'Trading/Opportunity Team': 26.0, 'Investment Department': 20.0, 'Operations Department': 5.97908177259843, 'Risk Department': 3.9999999999999996}",24.666666666666668,,5.97908177259843,3.9999999999999996,aggressive,wide,
independent,1,2.777924835241894,39.16744294333236,True,7.0,8,128.0,18.575858283863028,92.87929141931514,0.31036046456742616,0,0,0.0003038800059584901,0.0,"{'Growth Department': 29.0, 'Trading/Opportunity Team': 23.0, 'Investment Department': 29.0, 'Operations Department': 8.823732922610308, 'Risk Department': 3.0555584967048386}",27.0,,8.823732922610308,3.0555584967048386,aggressive,wide,
independent,2,0.5331100211392226,36.44091727005737,True,9.0,10,154.0,23.18043599140709,115.90217995703546,0.2798468773325936,0,0,0.0003126419978798367,0.0,"{'Growth Department': 31.0, 'Trading/Opportunity Team': 37.0, 'Investment Department': 31.0, 'Operations Department': 9.891517756612679, 'Risk Department': 7.010662200422785}",33.0,,9.891517756612679,7.010662200422785,aggressive,wide,
independent,3,3.080726859817352,37.24640675961096,True,7.0,8,134.0,19.68660206479857,98.43301032399286,0.3434025835871964,0,0,0.00032686199847375974,0.0,"{'Growth Department': 31.0, 'Trading/Opportunity Team': 25.0, 'Investment Department': 33.0, 'Operations Department': 6.371395786796505, 'Risk Department': 3.0616145371963475}",29.666666666666668,,6.371395786796505,3.0616145371963475,aggressive,wide,
independent,4,0.0,33.36498426054426,True,8.0,9,147.0,21.692887391220758,108.46443695610378,0.3432318599522491,0,0,0.00027866900200024247,0.0,"{'Growth Department': 28.0, 'Trading/Opportunity Team': 36.0, 'Investment Department': 34.0, 'Operations Department': 2.464436956103789, 'Risk Department': 7.999999999999998}",32.666666666666664,,2.464436956103789,7.999999999999998,aggressive,wide,
independent,5,0.0,35.91141511822638,True,6.0,7,125.0,17.906624289369354,89.53312144684676,0.34162498667512403,0,0,0.00020545200095511973,0.0,"{'Growth Department': 28.0, 'Trading/Opportunity Team': 28.0, 'Investment Department': 28.0, 'Operations Department': 3.5331214468467707, 'Risk Department': 2.0}",28.0,,3.5331214468467707,2.0,aggressive,wide,
independent,6,0.0,33.7938553543291,True,7.0,8,138.0,20.187585393091037,100.93792696545519,0.3254441557817831,0,0,0.0002820290028466843,0.0,"{'Growth Department': 31.0, 'Trading/Opportunity Team': 31.0, 'Investment Department': 31.0, 'Operations Department': 2.937926965455187, 'Risk Department': 4.999999999999999}",31.0,,2.937926965455187,4.999999999999999,aggressive,wide,
independent,7,3.978355532435934,36.56159038470489,True,7.0,8,136.0,20.03864403863519,100.19322019317595,0.3302707010980363,0,0,0.00021833299979334697,0.0,"{'Growth Department': 31.0, 'Trading/Opportunity Team': 31.0, 'Investment Department': 31.0, 'Operations Department': 4.113653082527216, 'Risk Department': 3.0795671106487204}",31.0,,4.113653082527216,3.0795671106487204,aggressive,wide,
independent,8,0.0,33.85631600524895,True,7.0,8,138.0,20.180913456389113,100.90456728194556,0.30203138465761564,0,0,0.00028226100403117016,0.0,"{'Growth Department': 31.0, 'Trading/Opportunity Team': 31.0, 'Investment Department': 25.0, 'Operations Department': 2.9045672819455532, 'Risk Department': 11.0}",29.0,,2.9045672819455532,11.0,aggressive,wide,
independent,9,0.5013794193562795,36.12610417262015,True,7.0,8,138.0,20.388663233466115,101.94331616733058,0.29446425353124717,0,0,0.0002980759963975288,0.0,"{'Growth Department': 31.0, 'Trading/Opportunity Team': 25.0, 'Investment Department': 31.0, 'Operations Department': 11.93328857894345, 'Risk Department': 3.0100275883871257}",29.0,,11.93328857894345,3.0100275883871257,aggressive,wide,
independent,10,2.8096523822255914,37.23679301828308,True,7.0,8,138.0,20.50629897327198,102.5314948663599,0.33157891017079316,0,0,0.00030248799885157496,0.0,"{'Growth Department': 27.0, 'Trading/Opportunity Team': 33.0, 'Investment Department': 33.0, 'Operations Department': 4.475301818715388, 'Risk Department': 5.056193047644513}",31.0,,4.475301818715388,5.056193047644513,aggressive,wide,
independent,11,2.297552064164776,33.24986527997289,True,6.0,7,125.0,17.82540900559333,89.12704502796664,0.31322416652970125,0,0,0.00025563799863448367,0.0,"{'Growth Department': 26.0, 'Trading/Opportunity Team': 28.0, 'Investment Department': 26.0, 'Operations Department': 3.0810939866833422, 'Risk Department': 6.045951041283296}",26.666666666666668,,3.0810939866833422,6.045951041283296,aggressive,wide,
independent,12,0.0,37.311297388231004,True,7.0,8,142.0,21.245251579025716,106.22625789512858,0.3267506314325349,0,0,0.00034906400105683133,0.0,"{'Growth Department': 33.0, 'Trading/Opportunity Team': 33.0, 'Investment Department': 31.0, 'Operations Department': 6.22625789512859, 'Risk Department': 3.0}",32.333333333333336,,6.22625789512859,3.0,aggressive,wide,
independent,13,0.27801594947694497,34.78064013090953,True,7.0,8,132.0,18.979212789362645,94.89606394681323,0.32968040684679883,0,0,0.00043694800115190446,0.0,"{'Growth Department': 31.0, 'Trading/Opportunity Team': 29.0, 'Investment Department': 25.0, 'Operations Department': 2.890503627823689, 'Risk Department': 7.00556031898954}",28.333333333333332,,2.890503627823689,7.00556031898954,aggressive,wide,
independent,14,0.0,33.65299138520471,True,8.0,9,149.0,22.148563079032197,110.74281539516099,0.3269354093507474,0,0,0.00045786100236000493,0.0,"{'Growth Department': 34.0, 'Trading/Opportunity Team': 30.0, 'Investment Department': 36.0, 'Operations Department': 4.742815395160985, 'Risk Department': 6.0}",33.333333333333336,,4.742815395160985,6.0,aggressive,wide,
independent,15,0.0,30.369343344175547,True,7.0,8,130.0,18.450634974799538,92.2531748739977,0.37069141682668183,0,0,0.0002961770005640574,0.0,"{'Growth Department': 25.0, 'Trading/Opportunity Team': 31.0, 'Investment Department': 31.0, 'Operations Department': 2.2531748739976933, 'Risk Department': 2.999999999999999}",29.0,,2.2531748739976933,2.999999999999999,aggressive,wide,
independent,16,4.097340630075159,37.19454211432325,True,6.0,7,123.0,17.64593072321008,88.22965361605038,0.34314268035425766,0,0,0.00024102300085360184,0.0,"{'Growth Department': 28.0, 'Trading/Opportunity Team': 28.0, 'Investment Department': 26.0, 'Operations Department': 4.147706803448885, 'Risk Department': 2.081946812601503}",27.333333333333332,,4.147706803448885,2.081946812601503,aggressive,wide,
independent,17,0.0,33.28723656773231,True,7.0,8,128.0,18.117556447823382,90.58778223911692,0.3303952637862727,0,0,0.00028966399986529723,0.0,"{'Growth Department': 29.0, 'Trading/Opportunity Team': 27.0, 'Investment Department': 27.0, 'Operations Department': 2.5877822391169243, 'Risk Department': 5.0}",27.666666666666668,,2.5877822391169243,5.0,aggressive,wide,
independent,18,0.0,42.661603514217944,True,7.0,8,142.0,21.72962379824972,108.6481189912486,0.2958242876352921,0,0,0.0003213439995306544,0.0,"{'Growth Department': 33.0, 'Trading/Opportunity Team': 31.0, 'Investment Department': 31.0, 'Operations Department': 10.64811899124859, 'Risk Department': 3.0}",31.666666666666668,,10.64811899124859,3.0,aggressive,wide,
independent,19,0.8685709359875311,38.878022320165634,True,8.0,9,151.0,23.037361981978666,115.18680990989333,0.27657247096689497,0,0,0.0002761370051302947,0.0,"{'Growth Department': 34.0, 'Trading/Opportunity Team': 34.0, 'Investment Department': 32.0, 'Operations Department': 7.169438491173578, 'Risk Department': 8.017371418719751}",33.333333333333336,,7.169438491173578,8.017371418719751,aggressive,wide,
voting,0,0.0,33.92486106625111,True,4.0,5,115.0,16.33549166397507,81.67745831987534,0.07172154306219695,25,5,0.0003475090052234009,1.0,"{'Growth Department': 18.0, 'Trading/Opportunity Team': 18.0, 'Investment Department': 18.0, 'Operations Department': 11.677458319875335, 'Risk Department': 16.0}",18.0,,11.677458319875335,16.0,aggressive,wide,
voting,1,2.221739597364394,37.87271711994038,True,5.0,6,120.0,17.352309275008345,86.76154637504172,0.06666714991366174,30,6,0.0002793609965010546,1.0,"{'Growth Department': 19.0, 'Trading/Opportunity Team': 19.0, 'Investment Department': 19.0, 'Operations Department': 12.778091077643221, 'Risk Department': 16.9834552973985}",19.0,,12.778091077643221,16.9834552973985,aggressive,wide,
voting,2,0.0,34.55094977214069,True,6.0,7,145.0,21.925005424748093,109.62502712374047,0.06815173373343608,35,7,0.0003826020038104616,1.0,"{'Growth Department': 24.0, 'Trading/Opportunity Team': 24.0, 'Investment Department': 24.0, 'Operations Department': 15.697133728614883, 'Risk Department': 21.927893395125587}",24.0,,15.697133728614883,21.927893395125587,aggressive,wide,
voting,3,0.0,29.73185730562093,True,6.0,7,135.0,19.525272401646493,97.62636200823246,0.09320136698985823,35,7,0.00032295600249199197,1.0,"{'Growth Department': 22.0, 'Trading/Opportunity Team': 22.0, 'Investment Department': 22.0, 'Operations Department': 11.626362008232462, 'Risk Department': 20.0}",22.0,,11.626362008232462,20.0,aggressive,wide,
voting,4,0.0,30.331259848300828,True,6.0,7,135.0,19.56160893235412,97.8080446617706,0.09154220699888019,35,7,0.0003293170011602342,1.0,"{'Growth Department': 22.0, 'Trading/Opportunity Team': 22.0, 'Investment Department': 22.0, 'Operations Department': 11.808044661770595, 'Risk Department': 20.0}",22.0,,11.808044661770595,20.0,aggressive,wide,
voting,5,0.0,36.06022312933355,True,4.0,5,115.0,16.398907456008583,81.99453728004292,0.06835053116800438,25,5,0.00016827500076033175,1.0,"{'Growth Department': 18.0, 'Trading/Opportunity Team': 18.0, 'Investment Department': 18.0, 'Operations Department': 11.994537280042923, 'Risk Department': 16.0}",18.0,,11.994537280042923,16.0,aggressive,wide,
voting,6,0.0,31.01070880904393,True,5.0,6,130.0,18.893995567433805,94.46997783716903,0.08070307525006246,30,6,0.0002310900017619133,1.0,"{'Growth Department': 21.0, 'Trading/Opportunity Team': 21.0, 'Investment Department': 21.0, 'Operations Department': 12.469977837169022, 'Risk Department': 18.999999999999996}",21.0,,12.469977837169022,18.999999999999996,aggressive,wide,
voting,7,0.0,32.57950602735765,True,5.0,6,130.0,18.98130848484258,94.90654242421289,0.07665189221742974,30,6,0.000287955001113005,1.0,"{'Growth Department': 21.0, 'Trading/Opportunity Team': 21.0, 'Investment Department': 21.0, 'Operations Department': 12.906542424212883, 'Risk Department': 19.0}",21.0,,12.906542424212883,19.0,aggressive,wide,
voting,8,3.906072239198423,36.35071089898001,True,4.0,5,115.0,16.444479393366954,82.22239696683476,0.06632415504312572,25,5,0.00021828200260642916,1.0,"{'Growth Department': 18.0, 'Trading/Opportunity Team': 18.0, 'Investment Department': 18.0, 'Operations Department': 12.144275522050787, 'Risk Department': 16.078121444783967}",18.0,,12.144275522050787,16.078121444783967,aggressive,wide,
voting,9,0.08294689546795908,37.522059402879634,True,4.0,5,125.0,18.502789237808877,92.51394618904439,0.05609431699436875,25,5,0.00023137500102166086,1.0,"{'Growth Department': 20.0, 'Trading/Opportunity Team': 20.0, 'Investment Department': 20.0, 'Operations Department': 14.512287251135017, 'Risk Department': 18.00165893790936}",20.0,,14.512287251135017,18.00165893790936,aggressive,wide,
voting,10,0.0,31.17056921954198,True,6.0,7,135.0,19.659623123586353,98.29811561793177,0.08709737162136158,35,7,0.0003511040049488656,1.0,"{'Growth Department': 22.0, 'Trading/Opportunity Team': 22.0, 'Investment Department': 22.0, 'Operations Department': 12.298115617931767, 'Risk Department': 20.0}",22.0,,12.298115617931767,20.0,aggressive,wide,
voting,11,0.0,32.25218352497832,True,4.0,5,115.0,16.235131011498698,81.17565505749349,0.07711026106992129,25,5,0.0002521030037314631,1.0,"{'Growth Department': 18.0, 'Trading/Opportunity Team': 18.0, 'Investment Department': 18.0, 'Operations Department': 11.175655057493493, 'Risk Department': 15.999999999999998}",18.0,,11.175655057493493,15.999999999999998,aggressive,wide,
voting,12,2.2594084852969623,39.28925134975633,True,4.0,5,125.0,18.590549845187073,92.95274922593536,0.05224026107427075,25,5,0.00037684699782403186,1.0,"{'Growth Department': 20.0, 'Trading/Opportunity Team': 20.0, 'Investment Department': 20.0, 'Operations Department': 14.907561056229422, 'Risk Department': 18.045188169705938}",20.0,,14.907561056229422,18.045188169705938,aggressive,wide,
voting,13,3.4330804017394563,38.08377185132416,True,4.0,5,115.0,16.520480412964183,82.60240206482092,0.06229289781814451,25,5,0.00033841899858089164,1.0,"{'Growth Department': 18.0, 'Trading/Opportunity Team': 18.0, 'Investment Department': 18.0, 'Operations Department': 12.533740456786125, 'Risk Department': 16.068661608034795}",18.0,,12.533740456786125,16.068661608034795,aggressive,wide,
voting,14,0.0,31.96112171059727,True,5.0,6,130.0,18.951402529408664,94.75701264704333,0.07803527861213197,30,6,0.0003235319964005612,1.0,"{'Growth Department': 21.0, 'Trading/Opportunity Team': 21.0, 'Investment Department': 21.0, 'Operations Department': 12.757012647043325, 'Risk Department': 19.0}",21.0,,12.757012647043325,19.0,aggressive,wide,
voting,15,0.3576541987062285,34.785673045063945,True,4.0,5,115.0,16.50857099949866,82.5428549974933,0.06261689440899473,25,5,0.0002552070000092499,1.0,"{'Growth Department': 18.0, 'Trading/Opportunity Team': 18.0, 'Investment Department': 18.0, 'Operations Department': 12.53570191351918, 'Risk Department': 16.007153083974124}",18.0,,12.53570191351918,16.007153083974124,aggressive,wide,
voting,16,0.8506584241380679,35.37537768846931,True,4.0,5,115.0,16.346732561118444,81.73366280559222,0.07120536169732432,25,5,0.0002546480027376674,1.0,"{'Growth Department': 18.0, 'Trading/Opportunity Team': 18.0, 'Investment Department': 18.0, 'Operations Department': 11.716649637109455, 'Risk Department': 16.017013168482762}",18.0,,11.716649637109455,16.017013168482762,aggressive,wide,
voting,17,0.0,36.384441591856515,True,4.0,5,115.0,16.421641175057992,82.10820587528997,0.06714840789655199,25,5,0.0002479350005160086,1.0,"{'Growth Department': 18.0, 'Trading/Opportunity Team': 18.0, 'Investment Department': 18.0, 'Operations Department': 12.108205875289965, 'Risk Department': 15.999999999999998}",18.0,,12.108205875289965,15.999999999999998,aggressive,wide,
voting,18,3.940573927276162,34.348409839759675,True,6.0,7,135.0,19.925947981097227,99.62973990548613,0.0755570844024133,35,7,0.00039758399361744523,1.0,"{'Growth Department': 22.0, 'Trading/Opportunity Team': 22.0, 'Investment Department': 22.0, 'Operations Department': 13.550928426940617, 'Risk Department': 20.078811478545525}",22.0,,13.550928426940617,20.078811478545525,aggressive,wide,
voting,19,0.0,33.586422539323834,True,7.0,8,150.0,22.629240040813745,113.14620020406872,0.07633737207753163,40,8,0.0005832570022903383,1.0,"{'Growth Department': 25.0, 'Trading/Opportunity Team': 25.0, 'Investment Department': 25.0, 'Operations Department': 15.260590835589085, 'Risk Department': 22.88560936847964}",25.0,,15.260590835589085,22.88560936847964,aggressive,wide,
adaptive_voting,0,3.7380942182599064,28.10046202559168,True,8.0,9,105.0,12.926071862600185,64.63035931300092,0.17759697763219612,45,9,0.0006804040021961555,1.0,"{'Growth Department': 16.0, 'Trading/Opportunity Team': 16.0, 'Investment Department': 16.0, 'Operations Department': 2.674249493819504, 'Risk Department': 13.956109819181428}",16.0,,2.674249493819504,13.956109819181428,aggressive,wide,
adaptive_voting,1,0.04511362818839437,33.89734519254724,True,6.0,7,125.0,17.8641441346699,89.3207206733495,0.086423312690866,35,7,0.0003622550066211261,1.0,"{'Growth Department': 20.0, 'Trading/Opportunity Team': 20.0, 'Investment Department': 20.0, 'Operations Department': 11.380797895334528, 'Risk Department': 17.939922778014978}",20.0,,11.380797895334528,17.939922778014978,aggressive,wide,
adaptive_voting,2,2.290329152749754,26.70585373919719,True,18.0,19,195.0,27.85266277730194,139.2633138865097,0.16976840885649871,95,19,0.000652086004265584,1.0,"{'Growth Department': 34.0, 'Trading/Opportunity Team': 34.0, 'Investment Department': 34.0, 'Operations Department': 5.630408087000596, 'Risk Department': 31.63290579950909}",34.0,,5.630408087000596,31.63290579950909,aggressive,wide,
adaptive_voting,3,0.0,31.302674947527567,True,24.0,25,245.0,37.467834319586004,187.33917159793003,0.13359263523421774,125,25,0.0007990539961610921,1.0,"{'Growth Department': 44.0, 'Trading/Opportunity Team': 44.0, 'Investment Department': 44.0, 'Operations Department': 14.092994361163022, 'Risk Department': 41.246177236767}",44.0,,14.092994361163022,41.246177236767,aggressive,wide,
adaptive_voting,4,2.174638847635787,29.208415157252194,True,13.0,14,160.0,22.697475007473543,113.48737503736771,0.14418745941241937,70,14,0.0004693669980042614,1.0,"{'Growth Department': 27.0, 'Trading/Opportunity Team': 27.0, 'Investment Department': 27.0, 'Operations Department': 7.6039842575760845, 'Risk Department': 24.883390779791622}",27.0,,7.6039842575760845,24.883390779791622,aggressive,wide,
adaptive_voting,5,2.929529398158433,29.928299781339398,True,14.0,15,155.0,21.578714251785684,107.89357125892842,0.15568856645162937,75,15,0.0006990129986661486,1.0,"{'Growth Department': 26.0, 'Trading/Opportunity Team': 26.0, 'Investment Department': 26.0, 'Operations Department': 6.111940144448313, 'Risk Department': 23.781631114480103}",26.0,,6.111940144448313,23.781631114480103,aggressive,wide,
adaptive_voting,6,1.8316638466007333,21.442257441646284,True,12.0,13,145.0,18.813543349465863,94.06771674732931,0.21219266931421554,65,13,0.0005462190019898117,1.0,"{'Growth Department': 24.0, 'Trading/Opportunity Team': 24.0, 'Investment Department': 24.0, 'Operations Department': 0.031083470397302193, 'Risk Department': 22.036633276932015}",24.0,,0.031083470397302193,22.036633276932015,aggressive,wide,
adaptive_voting,7,1.0816870519647566,26.38342653850509,True,10.0,11,145.0,20.122523102163356,100.61261551081678,0.14628941920488997,55,11,0.00036035400262335315,1.0,"{'Growth Department': 24.0, 'Trading/Opportunity Team': 24.0, 'Investment Department': 24.0, 'Operations Department': 6.590981769777482, 'Risk Department': 22.02163374103929}",24.0,,6.590981769777482,22.02163374103929,aggressive,wide,
adaptive_voting,8,2.0312019839839834,26.93698241869049,True,10.0,11,145.0,20.20640461193852,101.0320230596926,0.1423331146021864,55,11,0.00043667399586411193,1.0,"{'Growth Department': 24.0, 'Trading/Opportunity Team': 24.0, 'Investment Department': 24.0, 'Operations Department': 7.0174706486925045, 'Risk Department': 22.0145524110001}",24.0,,7.0174706486925045,22.0145524110001,aggressive,wide,
adaptive_voting,9,0.5870430102205972,35.86906629122815,True,6.0,7,135.0,20.045918456691062,100.2295922834553,0.06963903592307882,35,7,0.0002882950066123158,1.0,"{'Growth Department': 22.0, 'Trading/Opportunity Team': 22.0, 'Investment Department': 22.0, 'Operations Department': 14.320677272586948, 'Risk Department': 19.908915010868363}",22.0,,14.320677272586948,19.908915010868363,aggressive,wide,
adaptive_voting,10,4.983724907395128,31.78722180799771,True,15.0,16,180.0,26.682670793604224,133.4133539680211,0.12251977882325651,80,16,0.0009833720032474957,1.0,"{'Growth Department': 31.0, 'Trading/Opportunity Team': 31.0, 'Investment Department': 31.0, 'Operations Department': 11.722209481401938, 'Risk Department': 28.691144486619184}",31.0,,11.722209481401938,28.691144486619184,aggressive,wide,
adaptive_voting,11,3.9940123946874877,25.84753759118077,True,6.0,7,115.0,15.287169207237934,76.43584603618967,0.13191814826556242,35,7,0.00038910099829081446,1.0,"{'Growth Department': 18.0, 'Trading/Opportunity Team': 18.0, 'Investment Department': 18.0, 'Operations Department': 6.35596578829592, 'Risk Department': 16.079880247893747}",18.0,,6.35596578829592,16.079880247893747,aggressive,wide,
adaptive_voting,12,3.5170422376228405,27.684694078446405,True,8.0,9,135.0,18.828172259683207,94.14086129841604,0.126570408798338,45,9,0.0007283999948413111,1.0,"{'Growth Department': 22.0, 'Trading/Opportunity Team': 22.0, 'Investment Department': 22.0, 'Operations Department': 8.070520453663583, 'Risk Department': 20.070340844752455}",22.0,,8.070520453663583,20.070340844752455,aggressive,wide,
adaptive_voting,13,3.7747893743903056,28.755721307963164,True,12.0,13,155.0,21.881973879791005,109.40986939895502,0.14288647622742695,65,13,0.0007184370042523369,1.0,"{'Growth Department': 26.0, 'Trading/Opportunity Team': 26.0, 'Investment Department': 26.0, 'Operations Department': 7.50715384374573, 'Risk Department': 23.9027155552093}",26.0,,7.50715384374573,23.9027155552093,aggressive,wide,
adaptive_voting,14,0.5594852184286623,36.18167656349429,True,14.0,15,175.0,26.6197467902173,133.0987339510865,0.09342462512668118,75,15,0.000571876997128129,1.0,"{'Growth Department': 30.0, 'Trading/Opportunity Team': 30.0, 'Investment Department': 30.0, 'Operations Department': 15.814517738373176, 'Risk Department': 27.284216212713325}",30.0,,15.814517738373176,27.284216212713325,aggressive,wide,
adaptive_voting,15,2.7857995041609662,26.30604303289217,True,13.0,14,160.0,22.42445721615116,112.1222860807558,0.15583213399753149,70,14,0.0006258209978113882,1.0,"{'Growth Department': 27.0, 'Trading/Opportunity Team': 27.0, 'Investment Department': 27.0, 'Operations Department': 6.197076147629421, 'Risk Department': 24.925209933126375}",27.0,,6.197076147629421,24.925209933126375,aggressive,wide,
adaptive_voting,16,3.4020773096880816,29.647745761153775,True,21.0,22,200.0,28.746054655841363,143.7302732792068,0.16706477937013986,110,22,0.0012773330017807893,1.0,"{'Growth Department': 35.0, 'Trading/Opportunity Team': 35.0, 'Investment Department': 35.0, 'Operations Department': 6.239060735291646, 'Risk Department': 32.49121254391518}",35.0,,6.239060735291646,32.49121254391518,aggressive,wide,
adaptive_voting,17,3.8863297387131723,36.55094244064003,True,7.0,8,120.0,16.927794012418193,84.63897006209096,0.08801479580862814,40,8,0.00048691200208850205,1.0,"{'Growth Department': 19.0, 'Trading/Opportunity Team': 19.0, 'Investment Department': 19.0, 'Operations Department': 10.737325769240229, 'Risk Department': 16.901644292850733}",19.0,,10.737325769240229,16.901644292850733,aggressive,wide,
adaptive_voting,18,1.0415670262110979,37.46390505006196,True,7.0,8,140.0,20.998967357647743,104.99483678823871,0.06818580052498291,40,8,0.0003283260011812672,1.0,"{'Growth Department': 23.0, 'Trading/Opportunity Team': 23.0, 'Investment Department': 23.0, 'Operations Department': 15.107270718271293, 'Risk Department': 20.88756606996742}",23.0,,15.107270718271293,20.88756606996742,aggressive,wide,
adaptive_voting,19,1.735916095723124,34.28463211666291,True,11.0,12,160.0,23.653355036345467,118.26677518172733,0.10550705322502107,60,12,0.0005896090005990118,1.0,"{'Growth Department': 27.0, 'Trading/Opportunity Team': 27.0, 'Investment Department': 27.0, 'Operations Department': 12.538277458647418, 'Risk Department': 24.728497723079908}",27.0,,12.538277458647418,24.728497723079908,aggressive,wide,
centralized_profit,0,0.0,36.379473811965056,True,6.0,7,119.0,16.822558137450873,84.11279068725436,0.2943058186850692,42,7,0.0005700260007870384,0.14285714285714285,"{'Growth Department': 26.0, 'Trading/Opportunity Team': 26.0, 'Investment Department': 20.0, 'Operations Department': 8.112790687254359, 'Risk Department': 4.0}",24.0,,8.112790687254359,4.0,aggressive,wide,
centralized_profit,1,0.0,43.89563747138322,True,8.0,9,133.0,19.41952909834857,97.09764549174284,0.3170488119481318,54,9,0.00038900399522390217,0.2222222222222222,"{'Growth Department': 28.0, 'Trading/Opportunity Team': 30.0, 'Investment Department': 30.0, 'Operations Department': 5.157023848780513, 'Risk Department': 3.9406216429623226}",29.333333333333332,,5.157023848780513,3.9406216429623226,aggressive,wide,
centralized_profit,2,4.727099087476063,38.32320591140307,True,9.0,10,152.0,23.019566563664505,115.09783281832253,0.27735578766596325,60,10,0.0004164810015936382,0.2,"{'Growth Department': 31.0, 'Trading/Opportunity Team': 37.0, 'Investment Department': 29.0, 'Operations Department': 11.003290836573, 'Risk Department': 7.094541981749522}",32.333333333333336,,11.003290836573,7.094541981749522,aggressive,wide,
centralized_profit,3,0.8536452006816653,35.175398009688735,True,9.0,10,148.0,21.914191967142834,109.57095983571416,0.2973650675277476,60,10,0.0003785840017371811,0.3,"{'Growth Department': 31.0, 'Trading/Opportunity Team': 33.0, 'Investment Department': 33.0, 'Operations Department': 7.598359347996476, 'Risk Department': 4.972600487717679}",32.333333333333336,,7.598359347996476,4.972600487717679,aggressive,wide,
centralized_profit,4,1.027309528933479,35.66301579418196,True,8.0,9,141.0,20.745184034969363,103.72592017484682,0.33383634753959085,54,9,0.00030499399872496724,0.2222222222222222,"{'Growth Department': 28.0, 'Trading/Opportunity Team': 34.0, 'Investment Department': 32.0, 'Operations Department': 3.705373984268153, 'Risk Department': 6.020546190578669}",31.333333333333332,,3.705373984268153,6.020546190578669,aggressive,wide,
centralized_profit,5,0.0,35.91141511822638,True,6.0,7,125.0,17.906624289369354,89.53312144684676,0.34162498667512403,42,7,0.0002062759958789684,0.0,"{'Growth Department': 28.0, 'Trading/Opportunity Team': 28.0, 'Investment Department': 28.0, 'Operations Department': 3.5331214468467707, 'Risk Department': 2.0}",28.0,,3.5331214468467707,2.0,aggressive,wide,
centralized_profit,6,0.0,33.7938553543291,True,7.0,8,138.0,20.187585393091037,100.93792696545519,0.3254441557817831,48,8,0.0003462800013949163,0.0,"{'Growth Department': 31.0, 'Trading/Opportunity Team': 31.0, 'Investment Department': 31.0, 'Operations Department': 2.937926965455187, 'Risk Department': 4.999999999999999}",31.0,,2.937926965455187,4.999999999999999,aggressive,wide,
centralized_profit,7,3.978355532435934,36.56159038470489,True,7.0,8,136.0,20.03864403863519,100.19322019317595,0.3302707010980363,48,8,0.00042859600216615945,0.0,"{'Growth Department': 31.0, 'Trading/Opportunity Team': 31.0, 'Investment Department': 31.0, 'Operations Department': 4.113653082527216, 'Risk Department': 3.0795671106487204}",31.0,,4.113653082527216,3.0795671106487204,aggressive,wide,
centralized_profit,8,0.0,34.2127890327097,True,7.0,8,140.0,20.61513486702534,103.0756743351267,0.294341615784699,48,8,0.0006557359956786968,0.125,"{'Growth Department': 31.0, 'Trading/Opportunity Team': 31.0, 'Investment Department': 27.0, 'Operations Department': 3.0756743351267133, 'Risk Department': 11.0}",29.666666666666668,,3.0756743351267133,11.0,aggressive,wide,
centralized_profit,9,2.4614367114870284,36.74411189949652,True,8.0,9,143.0,21.296761547208728,106.48380773604364,0.2609484578234623,54,9,0.0004778949951287359,0.2222222222222222,"{'Growth Department': 30.0, 'Trading/Opportunity Team': 30.0, 'Investment Department': 30.0, 'Operations Department': 12.434579001813901, 'Risk Department': 4.049228734229741}",30.0,,12.434579001813901,4.049228734229741,aggressive,wide,
centralized_profit,10,0.0,34.649959551598876,True,8.0,9,145.0,21.46252386556058,107.3126193278029,0.3331379362622219,54,9,0.0005820770020363852,0.1111111111111111,"{'Growth Department': 30.0, 'Trading/Opportunity Team': 34.0, 'Investment Department': 34.0, 'Operations Department': 3.312619327802903, 'Risk Department': 6.000000000000002}",32.666666666666664,,3.312619327802903,6.000000000000002,aggressive,wide,
centralized_profit,11,2.297552064164776,33.24986527997289,True,6.0,7,125.0,17.82540900559333,89.12704502796664,0.31322416652970125,42,7,0.0005854530027136207,0.0,"{'Growth Department': 26.0, 'Trading/Opportunity Team': 28.0, 'Investment Department': 26.0, 'Operations Department': 3.0810939866833422, 'Risk Department': 6.045951041283296}",26.666666666666668,,3.0810939866833422,6.045951041283296,aggressive,wide,
centralized_profit,12,0.0,37.311297388231004,True,7.0,8,142.0,21.245251579025716,106.22625789512858,0.3267506314325349,48,8,0.0003246870037401095,0.0,"{'Growth Department': 33.0, 'Trading/Opportunity Team': 33.0, 'Investment Department': 31.0, 'Operations Department': 6.22625789512859, 'Risk Department': 3.0}",32.333333333333336,,6.22625789512859,3.0,aggressive,wide,
centralized_profit,13,0.0,34.15120118669202,True,8.0,9,139.0,20.127489001160164,100.63744500580081,0.3208551647301672,54,9,0.0003086990036536008,0.1111111111111111,"{'Growth Department': 32.0, 'Trading/Opportunity Team': 32.0, 'Investment Department': 26.0, 'Operations Department': 4.637445005800808, 'Risk Department': 6.0}",30.0,,4.637445005800808,6.0,aggressive,wide,
centralized_profit,14,0.0,35.340195822991674,True,9.0,10,156.0,23.50686350818909,117.53431754094545,0.28405553103238146,60,10,0.0004755319969262928,0.3,"{'Growth Department': 33.0, 'Trading/Opportunity Team': 35.0, 'Investment Department': 35.0, 'Operations Department': 7.534317540945448, 'Risk Department': 7.0}",34.333333333333336,,7.534317540945448,7.0,aggressive,wide,
centralized_profit,15,0.0,30.369343344175547,True,7.0,8,130.0,18.450634974799538,92.2531748739977,0.37069141682668183,48,8,0.0004037139951833524,0.0,"{'Growth Department': 25.0, 'Trading/Opportunity Team': 31.0, 'Investment Department': 31.0, 'Operations Department': 2.2531748739976933, 'Risk Department': 2.999999999999999}",29.0,,2.2531748739976933,2.999999999999999,aggressive,wide,
centralized_profit,16,4.097340630075159,37.19454211432325,True,6.0,7,123.0,17.64593072321008,88.22965361605038,0.34314268035425766,42,7,0.0005897040027775802,0.0,"{'Growth Department': 28.0, 'Trading/Opportunity Team': 28.0, 'Investment Department': 26.0, 'Operations Department': 4.147706803448885, 'Risk Department': 2.081946812601503}",27.333333333333332,,4.147706803448885,2.081946812601503,aggressive,wide,
centralized_profit,17,0.0,35.675062314605064,True,7.0,8,124.0,17.54678771952317,87.73393859761585,0.31245433135783396,48,8,0.0003759929968509823,0.25,"{'Growth Department': 27.0, 'Trading/Opportunity Team': 27.0, 'Investment Department': 25.0, 'Operations Department': 3.7339385976158503, 'Risk Department': 5.0}",26.333333333333332,,3.7339385976158503,5.0,aggressive,wide,
centralized_profit,18,1.1497858426039258,41.16698165837928,True,8.0,9,145.0,22.075766002077437,110.37883001038718,0.29586492037102197,54,9,0.0003021969969267957,0.1111111111111111,"{'Growth Department': 32.0, 'Trading/Opportunity Team': 34.0, 'Investment Department': 30.0, 'Operations Department': 10.400719399948784, 'Risk Department': 3.9781106104383985}",32.0,,10.400719399948784,3.9781106104383985,aggressive,wide,
centralized_profit,19,2.273871498909749,40.418126719154394,True,9.0,10,156.0,23.955429200001536,119.77714600000768,0.26483066981208675,60,10,0.0003923420008504763,0.1,"{'Growth Department': 33.0, 'Trading/Opportunity Team': 37.0, 'Investment Department': 31.0, 'Operations Department': 9.855946508420747, 'Risk Department': 8.92119949158693}",33.666666666666664,,9.855946508420747,8.92119949158693,aggressive,wide,
centralized_sustainability,0,0.0,46.75047392803311,True,6.0,7,107.0,14.919881331717756,74.59940665858878,0.27649374872035465,42,7,0.00042304400267312303,0.2857142857142857,"{'Growth Department': 22.0, 'Trading/Opportunity Team': 20.0, 'Investment Department': 22.0, 'Operations Department': 6.764487315545971, 'Risk Department': 3.834919343042792}",21.333333333333332,,6.764487315545971,3.834919343042792,aggressive,wide,
centralized_sustainability,1,2.777924835241894,39.16744294333236,True,7.0,8,128.0,18.575858283863028,92.87929141931514,0.31036046456742616,48,8,0.0003684109979076311,0.0,"{'Growth Department': 29.0, 'Trading/Opportunity Team': 23.0, 'Investment Department': 29.0, 'Operations Department': 8.823732922610308, 'Risk Department': 3.0555584967048386}",27.0,,8.823732922610308,3.0555584967048386,aggressive,wide,
centralized_sustainability,2,0.0,37.644220871167754,True,11.0,12,176.0,27.372967617188927,136.86483808594463,0.25816123246737277,72,12,0.0004040060011902824,0.4166666666666667,"{'Growth Department': 33.0, 'Trading/Opportunity Team': 39.0, 'Investment Department': 41.0, 'Operations Department': 15.062664376176446, 'Risk Department': 8.802173709768173}",37.666666666666664,,15.062664376176446,8.802173709768173,aggressive,wide,
centralized_sustainability,3,0.7317660295160184,35.346691583444304,True,8.0,9,141.0,20.718993863566695,103.59496931783347,0.333569847765588,54,9,0.0003726860013557598,0.1111111111111111,"{'Growth Department': 32.0, 'Trading/Opportunity Team': 28.0, 'Investment Department': 34.0, 'Operations Department': 5.580333997243163, 'Risk Department': 4.01463532059032}",31.333333333333332,,5.580333997243163,4.01463532059032,aggressive,wide,
centralized_sustainability,4,3.654898062115013,36.43084496329688,True,8.0,9,139.0,20.4386199393665,102.1930996968325,0.3197354765044246,54,9,0.0005492089985636994,0.3333333333333333,"{'Growth Department': 28.0, 'Trading/Opportunity Team': 32.0, 'Investment Department': 32.0, 'Operations Department': 4.120001735590206, 'Risk Department': 6.073097961242299}",30.666666666666668,,4.120001735590206,6.073097961242299,aggressive,wide,
centralized_sustainability,5,0.0,35.91141511822638,True,6.0,7,125.0,17.906624289369354,89.53312144684676,0.34162498667512403,42,7,0.00028257899975869805,0.0,"{'Growth Department': 28.0, 'Trading/Opportunity Team': 28.0, 'Investment Department': 28.0, 'Operations Department': 3.5331214468467707, 'Risk Department': 2.0}",28.0,,3.5331214468467707,2.0,aggressive,wide,
centralized_sustainability,6,0.0,33.7938553543291,True,7.0,8,138.0,20.187585393091037,100.93792696545519,0.3254441557817831,48,8,0.00025283500144723803,0.0,"{'Growth Department': 31.0, 'Trading/Opportunity Team': 31.0, 'Investment Department': 31.0, 'Operations Department': 2.937926965455187, 'Risk Department': 4.999999999999999}",31.0,,2.937926965455187,4.999999999999999,aggressive,wide,
centralized_sustainability,7,3.978355532435934,36.56159038470489,True,7.0,8,136.0,20.03864403863519,100.19322019317595,0.3302707010980363,48,8,0.00040291700133820996,0.0,"{'Growth Department': 31.0, 'Trading/Opportunity Team': 31.0, 'Investment Department': 31.0, 'Operations Department': 4.113653082527216, 'Risk Department': 3.0795671106487204}",31.0,,4.113653082527216,3.0795671106487204,aggressive,wide,
centralized_sustainability,8,0.0,33.36232577767843,True,8.0,9,145.0,21.321585913828994,106.60792956914497,0.2578527852073501,54,9,0.0006064429981051944,0.3333333333333333,"{'Growth Department': 30.0, 'Trading/Opportunity Team': 30.0, 'Investment Department': 30.0, 'Operations Department': 4.66919151937241, 'Risk Department': 11.938738049772567}",30.0,,4.66919151937241,11.938738049772567,aggressive,wide,
centralized_sustainability,9,0.0,36.39926320445862,True,7.0,8,140.0,20.812880982845183,104.06440491422592,0.28803545322740864,48,8,0.0004952949966536835,0.125,"{'Growth Department': 31.0, 'Trading/Opportunity Team': 27.0, 'Investment Department': 31.0, 'Operations Department': 12.06440491422591, 'Risk Department': 3.000000000000001}",29.666666666666668,,12.06440491422591,3.000000000000001,aggressive,wide,
centralized_sustainability,10,0.0,34.649959551598876,True,8.0,9,145.0,21.46252386556058,107.3126193278029,0.3331379362622219,54,9,0.0003352229978190735,0.1111111111111111,"{'Growth Department': 30.0, 'Trading/Opportunity Team': 34.0, 'Investment Department': 34.0, 'Operations Department': 3.312619327802903, 'Risk Department': 6.000000000000002}",32.666666666666664,,3.312619327802903,6.000000000000002,aggressive,wide,
centralized_sustainability,11,4.297552064164776,33.53557956568717,True,6.0,7,123.0,17.457409005593327,87.28704502796664,0.3002134438821251,42,7,0.0004174999994575046,0.14285714285714285,"{'Growth Department': 26.0, 'Trading/Opportunity Team': 26.0, 'Investment Department': 26.0, 'Operations Department': 3.2010939866833423, 'Risk Department': 6.0859510412832964}",26.0,,3.2010939866833423,6.0859510412832964,aggressive,wide,
centralized_sustainability,12,4.333102646524395,40.05459996404568,True,7.0,8,138.0,20.725941036890028,103.62970518445013,0.3060266653137834,48,8,0.0003209430069546215,0.125,"{'Growth Department': 31.0, 'Trading/Opportunity Team': 31.0, 'Investment Department': 31.0, 'Operations Department': 7.543043131519635, 'Risk Department': 3.086662052930487}",31.0,,7.543043131519635,3.086662052930487,aggressive,wide,
centralized_sustainability,13,1.9038812395357176,35.537168593908795,True,8.0,9,137.0,19.836789006097717,99.18394503048859,0.30517111429900473,54,9,0.000311862000671681,0.3333333333333333,"{'Growth Department': 30.0, 'Trading/Opportunity Team': 28.0, 'Investment Department': 30.0, 'Operations Department': 3.1458674056978646, 'Risk Department': 8.038077624790713}",29.333333333333332,,3.1458674056978646,8.038077624790713,aggressive,wide,
centralized_sustainability,14,0.0,33.65299138520471,True,8.0,9,149.0,22.148563079032197,110.74281539516099,0.3269354093507474,54,9,0.0005334419984137639,0.0,"{'Growth Department': 34.0, 'Trading/Opportunity Team': 30.0, 'Investment Department': 36.0, 'Operations Department': 4.742815395160985, 'Risk Department': 6.0}",33.333333333333336,,4.742815395160985,6.0,aggressive,wide,
centralized_sustainability,15,0.0,30.369343344175547,True,7.0,8,130.0,18.450634974799538,92.2531748739977,0.37069141682668183,48,8,0.00040536600135965273,0.0,"{'Growth Department': 25.0, 'Trading/Opportunity Team': 31.0, 'Investment Department': 31.0, 'Operations Department': 2.2531748739976933, 'Risk Department': 2.999999999999999}",29.0,,2.2531748739976933,2.999999999999999,aggressive,wide,
centralized_sustainability,16,1.9158788170927465,35.15581388997494,True,7.0,8,130.0,18.68782147179259,93.43910735896294,0.3318635087849392,48,8,0.0002593930039438419,0.125,"{'Growth Department': 29.0, 'Trading/Opportunity Team': 29.0, 'Investment Department': 29.0, 'Operations Department': 3.4007897826210938, 'Risk Department': 3.0383175763418544}",29.0,,3.4007897826210938,3.0383175763418544,aggressive,wide,
centralized_sustainability,17,0.0,34.407759109653156,True,7.0,8,124.0,17.425126611847787,87.12563305923894,0.32022141559234674,48,8,0.0004290100041544065,0.125,"{'Growth Department': 27.0, 'Trading/Opportunity Team': 25.0, 'Investment Department': 27.0, 'Operations Department': 3.1256330592389325, 'Risk Department': 5.000000000000001}",26.333333333333332,,3.1256330592389325,5.000000000000001,aggressive,wide,
centralized_sustainability,18,0.9217855648642725,42.6289688178964,True,8.0,9,145.0,22.13017215688847,110.65086078444236,0.3087494133952976,54,9,0.0004915839963359758,0.1111111111111111,"{'Growth Department': 34.0, 'Trading/Opportunity Team': 30.0, 'Investment Department': 34.0, 'Operations Department': 8.710192466088037, 'Risk Department': 3.940668318354332}",32.666666666666664,,8.710192466088037,3.940668318354332,aggressive,wide,
centralized_sustainability,19,0.0,38.748296060309265,True,10.0,11,165.0,25.303080736752804,126.51540368376402,0.2999178287329155,66,11,0.0004547969947452657,0.18181818181818182,"{'Growth Department': 36.0, 'Trading/Opportunity Team': 36.0, 'Investment Department': 40.0, 'Operations Department': 6.624033380978947, 'Risk Department': 7.891370302785072}",37.333333333333336,,6.624033380978947,7.891370302785072,aggressive,wide,
centralized_risk_averse,0,67.81163302863263,63.53645292252122,False,,100,610.0,120.39346584094001,601.9673292047,0.016726305152385733,600,100,0.0028353669986245222,0.96,"{'Growth Department': 124.0, 'Trading/Opportunity Team': 124.0, 'Investment Department': 122.0, 'Operations Department': 114.86094769518864, 'Risk Department': 117.10638150951141}",123.33333333333333,,114.86094769518864,117.10638150951141,aggressive,wide,
centralized_risk_averse,1,63.59269210908241,69.08366517835174,False,,100,580.0,114.80392336696863,574.0196168348432,0.016266964337163792,600,100,0.00312413000210654,0.96,"{'Growth Department': 118.0, 'Trading/Opportunity Team': 116.0, 'Investment Department': 118.0, 'Operations Department': 108.6364915754449, 'Risk Department': 113.38312525939826}",117.33333333333333,,108.6364915754449,113.38312525939826,aggressive,wide,
centralized_risk_averse,2,4.537726306938287,55.24598500322268,True,56.0,57,365.0,61.53659833601493,307.6829916800747,0.10004380776565398,342,57,0.001705852002487518,0.9649122807017544,"{'Growth Department': 68.0, 'Trading/Opportunity Team': 70.0, 'Investment Department': 70.0, 'Operations Department': 33.362563138918574, 'Risk Department': 66.32042854115608}",69.33333333333333,,33.362563138918574,66.32042854115608,aggressive,wide,
centralized_risk_averse,3,68.17003521277692,73.68888975932377,False,,100,562.0,111.53695881925384,557.6847940962692,0.009020698905035651,600,100,0.0025879059976432472,0.98,"{'Growth Department': 114.0, 'Trading/Opportunity Team': 114.0, 'Investment Department': 110.0, 'Operations Department': 109.7384393750824, 'Risk Department': 109.94635472118684}",112.66666666666667,,109.7384393750824,109.94635472118684,aggressive,wide,
centralized_risk_averse,4,59.77303209976816,72.41831822011684,False,,100,582.0,115.56397397036828,577.8198698518414,0.013969841607096533,600,100,0.0022876629955135286,0.97,"{'Growth Department': 118.0, 'Trading/Opportunity Team': 118.0, 'Investment Department': 118.0, 'Operations Department': 110.0, 'Risk Department': 113.81986985184137}",118.0,,110.0,113.81986985184137,aggressive,wide,
centralized_risk_averse,5,37.1038552979886,70.04140633036391,False,,100,570.0,110.95201129496573,554.7600564748286,0.03048550508317103,600,100,0.001998234001803212,0.97,"{'Growth Department': 116.0, 'Trading/Opportunity Team': 116.0, 'Investment Department': 114.0, 'Operations Department': 96.95959222116223, 'Risk Department': 111.80046425366636}",115.33333333333333,,96.95959222116223,111.80046425366636,aggressive,wide,
centralized_risk_averse,6,2.135118230886972,60.86058430722438,True,77.0,78,510.0,90.97852786107099,454.8926393053549,0.06682991557562286,468,78,0.0018394119979348034,0.9358974358974359,"{'Growth Department': 101.0, 'Trading/Opportunity Team': 97.0, 'Investment Department': 97.0, 'Operations Department': 63.10626899277209, 'Risk Department': 96.78637031258287}",98.33333333333333,,63.10626899277209,96.78637031258287,aggressive,wide,
centralized_risk_averse,7,68.56591214833588,68.79423277117391,False,,100,584.0,115.80268855414951,579.0134427707476,0.011743411990812368,600,100,0.002177137997932732,0.97,"{'Growth Department': 118.0, 'Trading/Opportunity Team': 118.0, 'Investment Department': 118.0, 'Operations Department': 111.9875737125635, 'Risk Department': 113.0258690581841}",118.0,,111.9875737125635,113.0258690581841,aggressive,wide,
centralized_risk_averse,8,78.95893548828144,70.03738508978073,False,,100,614.0,121.81540735155825,609.0770367577912,0.015057185532878136,600,100,0.0036617890000343323,0.96,"{'Growth Department': 124.0, 'Trading/Opportunity Team': 126.0, 'Investment Department': 122.0, 'Operations Department': 115.9954983765145, 'Risk Department': 121.08153838127677}",124.0,,115.9954983765145,121.08153838127677,aggressive,wide,
centralized_risk_averse,9,66.86958543111996,67.20345787684573,False,,100,624.0,123.23659678027668,616.1829839013834,0.019698754723861,600,100,0.0026038079959107563,0.95,"{'Growth Department': 128.0, 'Trading/Opportunity Team': 122.0, 'Investment Department': 128.0, 'Operations Department': 115.82745316888736, 'Risk Department': 122.35553073249606}",126.0,,115.82745316888736,122.35553073249606,aggressive,wide,
centralized_risk_averse,10,77.97369344163955,69.31286160764822,False,,100,584.0,115.84764567834823,579.2382283917411,0.00933884716419069,600,100,0.002271853001730051,0.98,"{'Growth Department': 116.0, 'Trading/Opportunity Team': 118.0, 'Investment Department': 118.0, 'Operations Department': 114.0, 'Risk Department': 113.23822839174117}",117.33333333333333,,114.0,113.23822839174117,aggressive,wide,
centralized_risk_averse,11,78.47078452586655,63.6233166077844,False,,100,638.0,125.2028282620571,626.0141413102855,0.026388951257152193,600,100,0.0020470520030357875,0.94,"{'Growth Department': 130.0, 'Trading/Opportunity Team': 130.0, 'Investment Department': 130.0, 'Operations Department': 112.6862170364016, 'Risk Department': 123.32792427388382}",130.0,,112.6862170364016,123.32792427388382,aggressive,wide,
centralized_risk_averse,12,71.70732625641492,70.54319812505433,False,,100,580.0,115.00075279659936,575.0037639829968,0.006951239390009789,600,100,0.00236664400290465,0.99,"{'Growth Department': 116.0, 'Trading/Opportunity Team': 116.0, 'Investment Department': 116.0, 'Operations Department': 116.0, 'Risk Department': 111.00376398299683}",116.0,,116.0,111.00376398299683,aggressive,wide,
centralized_risk_averse,13,78.619867020441,70.54842649873798,False,,100,610.0,120.9542334381373,604.7711671906865,0.014040902715601789,600,100,0.0027235149973421358,0.95,"{'Growth Department': 124.0, 'Trading/Opportunity Team': 122.0, 'Investment Department': 124.0, 'Operations Department': 116.0, 'Risk Department': 118.7711671906865}",123.33333333333333,,116.0,118.7711671906865,aggressive,wide,
centralized_risk_averse,14,55.01805639142748,68.87991139056497,False,,100,618.0,122.41279045661108,612.0639522830554,0.013067101982703732,600,100,0.0021537779975915328,0.96,"{'Growth Department': 124.0, 'Trading/Opportunity Team': 126.0, 'Investment Department': 124.0, 'Operations Department': 117.94129250589633, 'Risk Department': 120.12265977715903}",124.66666666666667,,117.94129250589633,120.12265977715903,aggressive,wide,
centralized_risk_averse,15,71.55147819311738,68.40713858452575,False,,100,622.0,122.93944374980143,614.6972187490071,0.01632116976742335,600,100,0.0021076070042909123,0.96,"{'Growth Department': 126.0, 'Trading/Opportunity Team': 126.0, 'Investment Department': 126.0, 'Operations Department': 116.2213370940792, 'Risk Department': 120.47588165492792}",126.0,,116.2213370940792,120.47588165492792,aggressive,wide,
centralized_risk_averse,16,64.32846946200779,71.7366736599377,False,,100,580.0,115.06525239478128,575.3262619739064,0.007813659232387239,600,100,0.002168678998714313,0.98,"{'Growth Department': 114.0, 'Trading/Opportunity Team': 116.0, 'Investment Department': 118.0, 'Operations Department': 113.89103234408066, 'Risk Department': 113.43522962982571}",116.0,,113.89103234408066,113.43522962982571,aggressive,wide,
centralized_risk_averse,17,70.13047100164826,71.66768063102778,False,,100,550.0,109.0814998679735,545.4074993398675,0.006736248644459053,600,100,0.002211504994193092,1.0,"{'Growth Department': 110.0, 'Trading/Opportunity Team': 110.0, 'Investment Department': 110.0, 'Operations Department': 110.0, 'Risk Department': 105.40749933986756}",110.0,,110.0,105.40749933986756,aggressive,wide,
centralized_risk_averse,18,34.65610292459822,68.9834148630799,False,,100,590.0,116.46978890589848,582.3489445294924,0.017632686619098514,600,100,0.002169440995203331,0.96,"{'Growth Department': 118.0, 'Trading/Opportunity Team': 120.0, 'Investment Department': 120.0, 'Operations Department': 109.980114365879, 'Risk Department': 114.3688301636135}",119.33333333333333,,109.980114365879,114.3688301636135,aggressive,wide,
centralized_risk_averse,19,73.54577654719984,68.04261762436686,False,,100,590.0,116.87857951751712,584.3928975875856,0.009044740194056544,600,100,0.003732413999387063,0.98,"{'Growth Department': 116.0, 'Trading/Opportunity Team': 120.0, 'Investment Department': 118.0, 'Operations Department': 116.0, 'Risk Department': 114.39289758758555}",118.0,,116.0,114.39289758758555,aggressive,wide,
structured_debate,0,4.383000979597837,32.61299932880398,True,9.0,10,110.0,14.097774260620673,70.48887130310337,0.2861357700592643,150,20,0.0004926469991914928,0.7,"{'Growth Department': 23.0, 'Trading/Opportunity Team': 21.0, 'Investment Department': 15.0, 'Operations Department': 6.401211283511419, 'Risk Department': 5.087660019591958}",19.666666666666668,,6.401211283511419,5.087660019591958,aggressive,wide,
structured_debate,1,0.2598534225389013,27.44814335933244,True,19.0,20,180.0,24.453723252792788,122.26861626396393,0.3253452940397249,300,40,0.0007072329972288571,0.75,"{'Growth Department': 37.0, 'Trading/Opportunity Team': 31.0, 'Investment Department': 39.0, 'Operations Department': 0.28258646046196567, 'Risk Department': 14.986029803501967}",35.666666666666664,,0.28258646046196567,14.986029803501967,aggressive,wide,
structured_debate,2,4.895556522241565,30.170681904874144,True,20.0,21,205.0,29.88534486106654,149.4267243053327,0.26550760093188597,315,42,0.000834313002997078,0.7142857142857143,"{'Growth Department': 38.0, 'Trading/Opportunity Team': 46.0, 'Investment Department': 40.0, 'Operations Department': 7.388447981119226, 'Risk Department': 18.038276324213488}",41.333333333333336,,7.388447981119226,18.038276324213488,aggressive,wide,
structured_debate,3,1.3543012255383662,26.750159395024124,True,21.0,22,200.0,27.867015567684728,139.33507783842364,0.31929243645863997,330,44,0.000863301997014787,0.7727272727272727,"{'Growth Department': 43.0, 'Trading/Opportunity Team': 39.0, 'Investment Department': 41.0, 'Operations Department': -0.5566690563849246, 'Risk Department': 16.891746894808563}",41.0,,-0.5566690563849246,16.891746894808563,aggressive,wide,
structured_debate,4,3.8578642382039767,27.576490619396015,True,19.0,20,186.0,25.842141164146533,129.21070582073267,0.3393883312593008,300,40,0.0008123860025079921,0.7,"{'Growth Department': 33.0, 'Trading/Opportunity Team': 41.0, 'Investment Department': 41.0, 'Operations Department': -0.8422203940699138, 'Risk Department': 15.05292621480257}",38.333333333333336,,-0.8422203940699138,15.05292621480257,aggressive,wide,
structured_debate,5,0.0,32.42741048824759,True,15.0,16,158.0,22.232598053603795,111.16299026801897,0.2936818031587345,240,32,0.0007731910009169951,0.8125,"{'Growth Department': 31.0, 'Trading/Opportunity Team': 33.0, 'Investment Department': 33.0, 'Operations Department': 3.220641165909379, 'Risk Department': 10.942349102109581}",32.333333333333336,,3.220641165909379,10.942349102109581,aggressive,wide,
structured_debate,6,4.971096001093841,28.685471121539074,True,18.0,19,187.0,26.643948405605215,133.21974202802608,0.3050080773911949,285,38,0.0006359500039252453,0.8421052631578947,"{'Growth Department': 40.0, 'Trading/Opportunity Team': 40.0, 'Investment Department': 36.0, 'Operations Department': 1.1975145056759544, 'Risk Department': 16.02222752235012}",38.666666666666664,,1.1975145056759544,16.02222752235012,aggressive,wide,
structured_debate,7,1.9264281516105939,38.98781140047292,True,11.0,12,152.0,22.851076921429495,114.25538460714748,0.2615407128046968,180,24,0.0005084930016892031,0.75,"{'Growth Department': 33.0, 'Trading/Opportunity Team': 31.0, 'Investment Department': 33.0, 'Operations Department': 10.216856044115255, 'Risk Department': 7.0385285630322105}",32.333333333333336,,10.216856044115255,7.0385285630322105,aggressive,wide,
structured_debate,8,4.0539402368553485,26.20754071702536,True,24.0,25,209.0,28.762507262268752,143.81253631134376,0.30714824632992405,375,50,0.0009676670015323907,0.92,"{'Growth Department': 42.0, 'Trading/Opportunity Team': 42.0, 'Investment Department': 40.0, 'Operations Department': -4.241957132063259, 'Risk Department': 24.05449344340704}",41.333333333333336,,-4.241957132063259,24.05449344340704,aggressive,wide,
structured_debate,9,4.717274758119613,28.423358602899103,True,20.0,21,193.0,27.202398963926743,136.0119948196337,0.29429861973158716,315,42,0.0006700689991703257,0.9047619047619048,"{'Growth Department': 40.0, 'Trading/Opportunity Team': 38.0, 'Investment Department': 40.0, 'Operations Department': 1.9176493244713182, 'Risk Department': 16.09434549516239}",39.333333333333336,,1.9176493244713182,16.09434549516239,aggressive,wide,
structured_debate,10,2.504001494792007,24.490822685672832,True,26.0,27,219.0,29.58780796521856,147.9390398260928,0.35188598332439225,405,54,0.0011719719987013377,0.8518518518518519,"{'Growth Department': 40.0, 'Trading/Opportunity Team': 46.0, 'Investment Department': 46.0, 'Operations Department': -8.0832260792705, 'Risk Department': 24.022265905363295}",44.0,,-8.0832260792705,24.022265905363295,aggressive,wide,
structured_debate,11,4.811476925419438,28.58402615850381,True,15.0,16,168.0,23.718101177932066,118.59050588966034,0.2996957564604779,240,32,0.0009115610009757802,0.8125,"{'Growth Department': 35.0, 'Trading/Opportunity Team': 35.0, 'Investment Department': 33.0, 'Operations Department': 0.5568156812583895, 'Risk Department': 15.033690208401948}",34.333333333333336,,0.5568156812583895,15.033690208401948,aggressive,wide,
structured_debate,12,2.7982391425311155,31.23660457371857,True,16.0,17,181.0,26.332044879904675,131.66022439952337,0.2877535546968078,255,34,0.0008923820059862919,0.8235294117647058,"{'Growth Department': 38.0, 'Trading/Opportunity Team': 36.0, 'Investment Department': 40.0, 'Operations Department': 5.625531642621038, 'Risk Department': 12.034692756902324}",38.0,,5.625531642621038,12.034692756902324,aggressive,wide,
structured_debate,13,2.433429582678537,25.567675061764337,True,26.0,27,221.0,30.25259205194424,151.2629602597212,0.3526616418090699,405,54,0.0009563290004734881,0.8518518518518519,"{'Growth Department': 44.0, 'Trading/Opportunity Team': 48.0, 'Investment Department': 44.0, 'Operations Department': -8.624570034954662, 'Risk Department': 23.88753029467588}",45.333333333333336,,-8.624570034954662,23.88753029467588,aggressive,wide,
structured_debate,14,4.526056685058954,35.47277019424534,True,13.0,14,166.0,24.828520535407943,124.14260267703972,0.24400993270507634,210,28,0.000698160998581443,0.7142857142857143,"{'Growth Department': 37.0, 'Trading/Opportunity Team': 33.0, 'Investment Department': 33.0, 'Operations Department': 10.127327010316538, 'Risk Department': 11.01527566672319}",34.333333333333336,,10.127327010316538,11.01527566672319,aggressive,wide,
structured_debate,15,2.0979870557239497,25.49714334465581,True,17.0,18,172.0,23.354144646781673,116.77072323390837,0.37162061209724817,270,36,0.0009453230013605207,0.7222222222222222,"{'Growth Department': 31.0, 'Trading/Opportunity Team': 37.0, 'Investment Department': 39.0, 'Operations Department': -3.256742341966853, 'Risk Department': 13.02746557587523}",35.666666666666664,,-3.256742341966853,13.02746557587523,aggressive,wide,
structured_debate,16,2.3917404945689285,27.81775970762763,True,16.0,17,169.0,23.3870247171214,116.935123585607,0.33583609313690116,255,34,0.0008573540035285987,0.8235294117647058,"{'Growth Department': 34.0, 'Trading/Opportunity Team': 36.0, 'Investment Department': 36.0, 'Operations Department': -1.1127112242843857, 'Risk Department': 12.04783480989138}",35.333333333333336,,-1.1127112242843857,12.04783480989138,aggressive,wide,
structured_debate,17,3.56731044176097,30.665462308770717,True,12.0,13,137.0,18.45739298676907,92.28696493384534,0.35323478846471923,195,26,0.0006871200021123514,0.6923076923076923,"{'Growth Department': 30.0, 'Trading/Opportunity Team': 30.0, 'Investment Department': 24.0, 'Operations Department': 0.2156187250101107, 'Risk Department': 8.07134620883522}",28.0,,0.2156187250101107,8.07134620883522,aggressive,wide,
structured_debate,18,0.0,38.70443950028498,True,12.0,13,159.0,23.901279215975602,119.50639607987802,0.23602219360203094,195,26,0.0006103439955040812,0.6923076923076923,"{'Growth Department': 34.0, 'Trading/Opportunity Team': 32.0, 'Investment Department': 32.0, 'Operations Department': 13.52819654037095, 'Risk Department': 7.97819953950708}",32.666666666666664,,13.52819654037095,7.97819953950708,aggressive,wide,
structured_debate,19,3.241530189678784,32.00546230733046,True,18.0,19,195.0,28.7811318808524,143.905659404262,0.27310534471546877,285,38,0.0008790719948592596,0.7894736842105263,"{'Growth Department': 38.0, 'Trading/Opportunity Team': 42.0, 'Investment Department': 42.0, 'Operations Department': 5.840828800468431, 'Risk Department': 16.064830603793574}",40.666666666666664,,5.840828800468431,16.064830603793574,aggressive,wide,
independent,0,0.0,36.47024301680979,True,9.0,10,116.0,7.551458229325574,37.75729114662787,1.3216762893518121,0,0,0.00034801300353137776,0.0,"{'Growth Department': 41.0, 'Compliance Department': -7.0, 'ESG Department': -13.0, 'Operations Department': 9.757291146627871, 'Risk Department': 7.000000000000002}",41.0,-10.0,9.757291146627871,7.000000000000002,conservative,wide,
independent,1,3.7083653825524543,37.63211649527804,True,15.0,16,172.0,17.75026832884674,88.7513416442337,0.7214501295059635,0,0,0.00042856999789364636,0.0,"{'Growth Department': 65.0, 'Compliance Department': -5.0, 'ESG Department': -1.0, 'Operations Department': 10.677174336582654, 'Risk Department': 19.07416730765105}",65.0,-3.0,10.677174336582654,19.07416730765105,conservative,wide,
independent,2,3.7717131649340807,40.19269115320802,True,17.0,18,204.0,24.128862200173437,120.64431100086719,0.5423177450493883,0,0,0.0005099120025988668,0.0,"{'Growth Department': 71.0, 'Compliance Department': 1.0, 'ESG Department': 5.0, 'Operations Department': 28.56887673756851, 'Risk Department': 15.075434263298684}",71.0,3.0,28.56887673756851,15.075434263298684,conservative,wide,
independent,3,0.46459341563526735,37.32022236889233,True,17.0,18,198.0,20.51121761264539,102.55608806322695,0.6651844835960212,0,0,0.00048392399912700057,0.0,"{'Growth Department': 75.0, 'Compliance Department': -2.0, 'ESG Department': 0.0, 'Operations Department': 16.546796194914243, 'Risk Department': 13.009291868312708}",75.0,-1.0,16.546796194914243,13.009291868312708,conservative,wide,
independent,4,0.0,37.61603646209486,True,17.0,18,192.0,17.312979015696385,86.56489507848192,0.8317459396759272,0,0,0.0004509130012593232,0.0,"{'Growth Department': 67.0, 'Compliance Department': -5.0, 'ESG Department': -11.0, 'Operations Department': 16.56489507848193, 'Risk Department': 19.0}",67.0,-8.0,16.56489507848193,19.0,conservative,wide,
independent,5,0.0,36.57173753632925,True,14.0,15,165.0,16.404349023412777,82.02174511706389,0.7901404432974285,0,0,0.00034058900200761855,0.0,"{'Growth Department': 64.0, 'Compliance Department': -4.0, 'ESG Department': -6.0, 'Operations Department': 18.021745117063887, 'Risk Department': 9.999999999999996}",64.0,-5.0,18.021745117063887,9.999999999999996,conservative,wide,
independent,6,2.6726579606513727,36.27306539963121,True,18.0,19,201.0,20.858335843015443,104.29167921507721,0.7334745302603866,0,0,0.000434109999332577,0.0,"{'Growth Department': 80.0, 'Compliance Department': -7.0, 'ESG Department': -1.0, 'Operations Department': 16.23822605586419, 'Risk Department': 16.053453159213028}",80.0,-4.0,16.23822605586419,16.053453159213028,conservative,wide,
independent,7,1.0109399298327162,42.511038818966036,True,13.0,14,160.0,18.360928560674903,91.80464280337452,0.609051654627819,0,0,0.00033419499959563836,0.0,"{'Growth Department': 61.0, 'Compliance Department': 4.0, 'ESG Department': -2.0, 'Operations Department': 17.78442400477786, 'Risk Department': 11.020218798596655}",61.0,1.0,17.78442400477786,11.020218798596655,conservative,wide,
independent,8,0.0,34.03174480597497,True,17.0,18,190.0,18.39715135362348,91.98575676811741,0.8131693713034271,0,0,0.0004196150039206259,0.0,"{'Growth Department': 71.0, 'Compliance Department': -8.0, 'ESG Department': -6.0, 'Operations Department': 11.985756768117408, 'Risk Department': 23.0}",71.0,-7.0,11.985756768117408,23.0,conservative,wide,
independent,9,3.3904345624765355,36.56434284309495,True,16.0,17,185.0,17.990502834358225,89.95251417179112,0.8221435817900506,0,0,0.0004312919991207309,0.0,"{'Growth Department': 72.0, 'Compliance Department': -7.0, 'ESG Department': -7.0, 'Operations Department': 19.884705480541598, 'Risk Department': 12.067808691249528}",72.0,-7.0,19.884705480541598,12.067808691249528,conservative,wide,
independent,10,0.0,36.70610926038686,True,17.0,18,194.0,19.592535175855797,97.96267587927899,0.6900587330148535,0,0,0.00041814900032477453,0.0,"{'Growth Department': 71.0, 'Compliance Department': -6.0, 'ESG Department': 2.0, 'Operations Department': 13.962675879278986, 'Risk Department': 17.0}",71.0,-2.0,13.962675879278986,17.0,conservative,wide,
independent,11,3.755534913290674,34.29636601839643,True,14.0,15,171.0,17.453337571329694,87.26668785664847,0.6695572584958007,0,0,0.0004070810027769767,0.0,"{'Growth Department': 62.0, 'Compliance Department': 4.0, 'ESG Department': -6.0, 'Operations Department': 13.191577158382653, 'Risk Department': 14.07511069826581}",62.0,-1.0,13.191577158382653,14.07511069826581,conservative,wide,
independent,12,4.994913611208849,38.55632766463396,True,18.0,19,203.0,21.614437160086094,108.07218580043047,0.729512026845446,0,0,0.0005519530022866093,0.0,"{'Growth Department': 80.0, 'Compliance Department': -7.0, 'ESG Department': -3.0, 'Operations Department': 17.972287528206298, 'Risk Department': 20.099898272224173}",80.0,-5.0,17.972287528206298,20.099898272224173,conservative,wide,
independent,13,0.5082744217199853,34.96022133197507,True,16.0,17,191.0,22.94353241917481,114.71766209587406,0.5192831531799467,0,0,0.0005160869986866601,0.0,"{'Growth Department': 72.0, 'Compliance Department': 5.0, 'ESG Department': 5.0, 'Operations Department': 12.790288849431219, 'Risk Department': 19.927373246442833}",72.0,5.0,12.790288849431219,19.927373246442833,conservative,wide,
independent,14,0.0,41.53909563541169,True,14.0,15,177.0,21.701136723969075,108.50568361984537,0.5363983849164297,0,0,0.0005167630006326362,0.0,"{'Growth Department': 64.0, 'Compliance Department': 3.0, 'ESG Department': 3.0, 'Operations Department': 26.50568361984537, 'Risk Department': 11.999999999999998}",64.0,3.0,26.50568361984537,11.999999999999998,conservative,wide,
independent,15,1.1077794443972735,38.1569545429705,True,16.0,17,193.0,24.224974793784323,121.12487396892162,0.43635582647149873,0,0,0.0004841010013478808,0.0,"{'Growth Department': 68.0, 'Compliance Department': 7.0, 'ESG Department': 9.0, 'Operations Department': 19.13386121741228, 'Risk Department': 17.99101275150933}",68.0,8.0,19.13386121741228,17.99101275150933,conservative,wide,
independent,16,0.0,33.8588631654863,True,17.0,18,190.0,20.42106356486571,102.10531782432855,0.5999281745253474,0,0,0.0004801460017915815,0.0,"{'Growth Department': 71.0, 'Compliance Department': 5.0, 'ESG Department': -1.0, 'Operations Department': 14.139642329199592, 'Risk Department': 12.96567549512896}",71.0,2.0,14.139642329199592,12.96567549512896,conservative,wide,
independent,17,1.0717057861012886,35.10114518888762,True,13.0,14,150.0,11.283454618836316,56.41727309418158,1.1132862366714844,0,0,0.00039264400402316824,0.0,"{'Growth Department': 57.0, 'Compliance Department': -10.0, 'ESG Department': -10.0, 'Operations Department': 6.395838978459558, 'Risk Department': 13.021434115722027}",57.0,-10.0,6.395838978459558,13.021434115722027,conservative,wide,
independent,18,0.07346571849588912,42.06299449923782,True,15.0,16,174.0,16.541302241935753,82.70651120967877,0.8449397240437048,0,0,0.000537291998625733,0.0,"{'Growth Department': 65.0, 'Compliance Department': -4.0, 'ESG Department': -10.0, 'Operations Department': 20.70504189530886, 'Risk Department': 11.001469314369915}",65.0,-7.0,20.70504189530886,11.001469314369915,conservative,wide,
independent,19,1.5824491603659752,38.821112568347615,True,19.0,20,210.0,22.75589288482653,113.77946442413266,0.6645545395733595,0,0,0.0005779819985036738,0.0,"{'Growth Department': 75.0, 'Compliance Department': -6.0, 'ESG Department': -2.0, 'Operations Department': 21.747815440925343, 'Risk Department': 25.031648983207322}",75.0,-4.0,21.747815440925343,25.031648983207322,conservative,wide,
voting,0,3.825611741475033,37.523140544321116,True,86.0,87,575.0,71.45608305424078,357.2804152712039,0.22559422216239006,435,87,0.0022590299995499663,1.0,"{'Growth Department': 110.0, 'Compliance Department': 55.0, 'ESG Department': 55.0, 'Operations Department': 33.59314060959885, 'Risk Department': 103.68727466160507}",110.0,55.0,33.59314060959885,103.68727466160507,conservative,wide,
voting,1,0.0,35.969485522218385,True,37.0,38,290.0,28.593448807496532,142.96724403748266,0.32653748540921174,190,38,0.0009721109963720664,1.0,"{'Growth Department': 53.0, 'Compliance Department': 13.0, 'ESG Department': 13.0, 'Operations Department': 14.256833127770893, 'Risk Department': 49.71041090971177}",53.0,13.0,14.256833127770893,49.71041090971177,conservative,wide,
voting,2,2.9285794331297863,44.81917531748371,True,54.0,55,395.0,43.99912794184523,219.99563970922617,0.29095606789067646,275,55,0.0014355759994941764,1.0,"{'Growth Department': 74.0, 'Compliance Department': 19.0, 'ESG Department': 19.0, 'Operations Department': 38.97297400200012, 'Risk Department': 69.02266570722607}",74.0,19.0,38.97297400200012,69.02266570722607,conservative,wide,
voting,3,1.5252125617864971,32.4748585253015,True,48.0,49,365.0,45.08605670860673,225.43028354303368,0.25548870202043544,245,49,0.0012899450011900626,1.0,"{'Growth Department': 68.0, 'Compliance Department': 43.0, 'ESG Department': 43.0, 'Operations Department': 6.814352398920911, 'Risk Department': 64.61593114411276}",68.0,43.0,6.814352398920911,64.61593114411276,conservative,wide,
voting,4,22.207817735761516,53.173424420267445,False,,100,720.0,136.20915689324195,681.0457844662097,0.04137026161217818,500,100,0.0024372359985136427,0.99,"{'Growth Department': 144.0, 'Compliance Department': 144.0, 'ESG Department': 144.0, 'Operations Department': 112.516609850695, 'Risk Department': 136.52917461551476}",144.0,144.0,112.516609850695,136.52917461551476,conservative,wide,
voting,5,56.61499398866349,57.449959175650655,False,,100,690.0,134.59144386544904,672.9572193272452,0.015383394404523899,500,100,0.002359821999561973,0.99,"{'Growth Department': 138.0, 'Compliance Department': 138.0, 'ESG Department': 138.0, 'Operations Department': 129.16186486704805, 'Risk Department': 129.79535446019713}",138.0,138.0,129.16186486704805,129.79535446019713,conservative,wide,
voting,6,0.0,44.24207632704063,True,54.0,55,435.0,55.28579851680873,276.42899258404367,0.1890099331130161,275,55,0.0013143800024408847,1.0,"{'Growth Department': 82.0, 'Compliance Department': 37.0, 'ESG Department': 37.0, 'Operations Department': 42.809429087022394, 'Risk Department': 77.61956349702128}",82.0,37.0,42.809429087022394,77.61956349702128,conservative,wide,
voting,7,3.4321304072657064,38.009181557559565,True,22.0,23,185.0,16.49764388875917,82.48821944379586,0.35413229777513494,115,23,0.0010922820001724176,1.0,"{'Growth Department': 32.0, 'Compliance Department': 7.0, 'ESG Department': 7.0, 'Operations Department': 6.8196209054227985, 'Risk Department': 29.668598538373068}",32.0,7.0,6.8196209054227985,29.668598538373068,conservative,wide,
voting,8,41.535398549753296,51.91047062489178,False,,100,740.0,140.85433805171743,704.2716902585871,0.03595493156094509,500,100,0.002504515003238339,0.98,"{'Growth Department': 148.0, 'Compliance Department': 148.0, 'ESG Department': 148.0, 'Operations Department': 120.42320868251628, 'Risk Department': 139.8484815760708}",148.0,148.0,120.42320868251628,139.8484815760708,conservative,wide,
voting,9,1.3159223941971163,49.56369299036781,True,67.0,68,520.0,89.5321099178753,447.6605495893765,0.05723787586525368,340,68,0.001624896001885645,0.9852941176470589,"{'Growth Department': 99.0, 'Compliance Department': 94.0, 'ESG Department': 94.0, 'Operations Department': 67.28160299270363, 'Risk Department': 93.37894659667289}",99.0,94.0,67.28160299270363,93.37894659667289,conservative,wide,
voting,10,70.6129793033026,41.49491466784229,False,,100,650.0,115.99639373517088,579.9819686758544,0.09223623970499925,500,100,0.0025774829991860315,0.97,"{'Growth Department': 130.0, 'Compliance Department': 130.0, 'ESG Department': 130.0, 'Operations Department': 66.27964160573671, 'Risk Department': 123.7023270701177}",130.0,130.0,66.27964160573671,123.7023270701177,conservative,wide,
voting,11,1.5778228510536954,36.8928933311164,True,77.0,78,560.0,76.29351841098794,381.4675920549397,0.17514385190954496,390,78,0.0018808659951901063,0.9871794871794872,"{'Growth Department': 107.0, 'Compliance Department': 67.0, 'ESG Department': 67.0, 'Operations Department': 40.14611114234568, 'Risk Department': 100.32148091259403}",107.0,67.0,40.14611114234568,100.32148091259403,conservative,wide,
voting,12,48.27036065753874,53.0281259489775,False,,100,700.0,134.10345043673482,670.517252183674,0.03024832691252346,500,100,0.002420030999928713,0.99,"{'Growth Department': 140.0, 'Compliance Department': 140.0, 'ESG Department': 140.0, 'Operations Department': 118.77768520497904, 'Risk Department': 131.73956697869505}",140.0,140.0,118.77768520497904,131.73956697869505,conservative,wide,
voting,13,4.59881575288405,49.112909643658746,True,48.0,49,405.0,56.92563408590327,284.62817042951633,0.14059947182615068,245,49,0.0012073969992343336,0.9795918367346939,"{'Growth Department': 76.0, 'Compliance Department': 41.0, 'ESG Department': 41.0, 'Operations Department': 55.58174435643226, 'Risk Department': 71.04642607308405}",76.0,41.0,55.58174435643226,71.04642607308405,conservative,wide,
voting,14,2.4618090857314385,41.8970811372668,True,46.0,47,395.0,63.38611142137432,316.9305571068716,0.0778979329137778,235,47,0.0019554960017558187,0.9787234042553191,"{'Growth Department': 74.0, 'Compliance Department': 64.0, 'ESG Department': 64.0, 'Operations Department': 45.73665630575946, 'Risk Department': 69.19390080111218}",74.0,64.0,45.73665630575946,69.19390080111218,conservative,wide,
voting,15,60.49953503234276,52.855090821715756,False,,100,720.0,137.81644359983312,689.0822179991656,0.03098275033464031,500,100,0.0025983199957408942,0.99,"{'Growth Department': 144.0, 'Compliance Department': 144.0, 'ESG Department': 144.0, 'Operations Department': 121.54362620006336, 'Risk Department': 135.5385917991022}",144.0,144.0,121.54362620006336,135.5385917991022,conservative,wide,
voting,16,4.207545010974997,44.14433876175355,True,71.0,72,510.0,49.254438710776824,246.2721935538841,0.43017992888993384,360,72,0.0018558530064183287,0.9861111111111112,"{'Growth Department': 97.0, 'Compliance Department': 7.0, 'ESG Department': 7.0, 'Operations Department': 43.41880677743936, 'Risk Department': 91.85338677644474}",97.0,7.0,43.41880677743936,91.85338677644474,conservative,wide,
voting,17,37.171761856278614,47.566994416983015,False,,100,670.0,123.11117098836989,615.5558549418495,0.06593291890961747,500,100,0.002418771997326985,0.99,"{'Growth Department': 134.0, 'Compliance Department': 134.0, 'ESG Department': 134.0, 'Operations Department': 86.98065938759754, 'Risk Department': 126.57519555425198}",134.0,134.0,86.98065938759754,126.57519555425198,conservative,wide,
voting,18,29.590888705639685,48.2010560204955,False,,100,680.0,126.71834206588267,633.5917103294133,0.053565903199439366,500,100,0.0025628820003475994,0.99,"{'Growth Department': 136.0, 'Compliance Department': 136.0, 'ESG Department': 136.0, 'Operations Department': 97.56100911190545, 'Risk Department': 128.03070121750787}",136.0,136.0,97.56100911190545,128.03070121750787,conservative,wide,
voting,19,56.58814107776991,58.465534263930415,False,,100,680.0,133.44572053818155,667.2286026909078,0.012326391393355961,500,100,0.0024248859990620986,1.0,"{'Growth Department': 136.0, 'Compliance Department': 136.0, 'ESG Department': 136.0, 'Operations Department': 131.01850764584083, 'Risk Department': 128.21009504506696}",136.0,136.0,131.01850764584083,128.21009504506696,conservative,wide,
adaptive_voting,0,62.500497739564864,61.508811490961435,False,,100,630.0,123.81121170147658,619.0560585073829,0.011799955763405201,500,100,0.0035361640038900077,1.0,"{'Growth Department': 126.0, 'Compliance Department': 126.0, 'ESG Department': 126.0, 'Operations Department': 122.37420227840362, 'Risk Department': 118.68185622897927}",126.0,126.0,122.37420227840362,118.68185622897927,conservative,wide,
adaptive_voting,1,65.93146068022361,62.65267756263238,False,,100,650.0,128.18181342635802,640.90906713179,0.009779359862822723,500,100,0.0023058730002958328,1.0,"{'Growth Department': 130.0, 'Compliance Department': 130.0, 'ESG Department': 130.0, 'Operations Department': 127.48733528064962, 'Risk Department': 123.42173185114045}",130.0,130.0,127.48733528064962,123.42173185114045,conservative,wide,
adaptive_voting,2,61.50005292326108,64.28509158756907,False,,100,650.0,128.44100798850513,642.2050399425257,0.009137020557668584,500,100,0.0022632210020674393,1.0,"{'Growth Department': 130.0, 'Compliance Department': 130.0, 'ESG Department': 130.0, 'Operations Department': 129.07968151553422, 'Risk Department': 123.1253584269914}",130.0,130.0,129.07968151553422,123.1253584269914,conservative,wide,
adaptive_voting,3,62.14753568022641,66.23380551783931,False,,100,670.0,132.61630379221089,663.0815189610545,0.008347065440503698,500,100,0.0022866170038469136,1.0,"{'Growth Department': 134.0, 'Compliance Department': 134.0, 'ESG Department': 134.0, 'Operations Department': 134.0, 'Risk Department': 127.0815189610545}",134.0,134.0,134.0,127.0815189610545,conservative,wide,
adaptive_voting,4,69.54843396099167,65.96928624834204,False,,100,660.0,130.7672112241869,653.8360561209345,0.007541883102176783,500,100,0.002447595994453877,1.0,"{'Growth Department': 132.0, 'Compliance Department': 132.0, 'ESG Department': 132.0, 'Operations Department': 132.0, 'Risk Department': 125.83605612093444}",132.0,132.0,132.0,125.83605612093444,conservative,wide,
adaptive_voting,5,66.35620896609908,64.48697206445017,False,,100,650.0,128.47954820347167,642.3977410173584,0.008946690930544676,500,100,0.002351700997678563,0.99,"{'Growth Department': 130.0, 'Compliance Department': 130.0, 'ESG Department': 130.0, 'Operations Department': 129.1638171431229, 'Risk Department': 123.23392387423537}",130.0,130.0,129.1638171431229,123.23392387423537,conservative,wide,
adaptive_voting,6,67.35224242784199,64.89370541483184,False,,100,670.0,132.40103414054863,662.0051707027432,0.008812016938513346,500,100,0.002466780999384355,1.0,"{'Growth Department': 134.0, 'Compliance Department': 134.0, 'ESG Department': 134.0, 'Operations Department': 132.59434334952618, 'Risk Department': 127.41082735321696}",134.0,134.0,132.59434334952618,127.41082735321696,conservative,wide,
adaptive_voting,7,67.808573361701,63.53289294535314,False,,100,640.0,126.35022706366433,631.7511353183216,0.009206900035615462,500,100,0.002641420993313659,1.0,"{'Growth Department': 128.0, 'Compliance Department': 128.0, 'ESG Department': 128.0, 'Operations Department': 126.04344451229929, 'Risk Department': 121.70769080602233}",128.0,128.0,126.04344451229929,121.70769080602233,conservative,wide,
adaptive_voting,8,65.75023021377912,66.55911120393348,False,,100,680.0,134.62427659402564,673.1213829701283,0.00817518766023433,500,100,0.0028240989995538257,1.0,"{'Growth Department': 136.0, 'Compliance Department': 136.0, 'ESG Department': 136.0, 'Operations Department': 136.0, 'Risk Department': 129.1213829701283}",136.0,136.0,136.0,129.1213829701283,conservative,wide,
adaptive_voting,9,65.48498474963517,65.0543785932398,False,,100,670.0,132.66069805601802,663.30349028009,0.007988200079608099,500,100,0.002442557000904344,1.0,"{'Growth Department': 134.0, 'Compliance Department': 134.0, 'ESG Department': 134.0, 'Operations Department': 133.85348304482903, 'Risk Department': 127.45000723526097}",134.0,134.0,133.85348304482903,127.45000723526097,conservative,wide,
adaptive_voting,10,71.23684481551349,65.21004261048742,False,,100,640.0,126.70179096391719,633.5089548195859,0.008116537304538873,500,100,0.0024429480035905726,1.0,"{'Growth Department': 128.0, 'Compliance Department': 128.0, 'ESG Department': 128.0, 'Operations Department': 127.87265730055337, 'Risk Department': 121.63629751903251}",128.0,128.0,127.87265730055337,121.63629751903251,conservative,wide,
adaptive_voting,11,71.86187182741101,60.573999096559284,False,,100,660.0,128.01485444153877,640.0742722076939,0.020457949668967145,500,100,0.0025011870020534843,1.0,"{'Growth Department': 132.0, 'Compliance Department': 132.0, 'ESG Department': 132.0, 'Operations Department': 119.18920967924171, 'Risk Department': 124.88506252845217}",132.0,132.0,119.18920967924171,124.88506252845217,conservative,wide,
adaptive_voting,12,62.00174023090591,64.42876219608624,False,,100,660.0,130.592998654607,652.9649932730349,0.008619153307685501,500,100,0.00248293000186095,1.0,"{'Growth Department': 132.0, 'Compliance Department': 132.0, 'ESG Department': 132.0, 'Operations Department': 132.0, 'Risk Department': 124.96499327303489}",132.0,132.0,132.0,124.96499327303489,conservative,wide,
adaptive_voting,13,69.79817263555991,63.735910951384334,False,,100,690.0,136.07623496727973,680.3811748363986,0.009839236532137008,500,100,0.0024355369969271123,0.99,"{'Growth Department': 138.0, 'Compliance Department': 138.0, 'ESG Department': 138.0, 'Operations Department': 135.49842795086903, 'Risk Department': 130.88274688552966}",138.0,138.0,135.49842795086903,130.88274688552966,conservative,wide,
adaptive_voting,14,69.45044028939141,59.64843189378073,False,,100,660.0,128.25334222546059,641.266711127303,0.018868846472823542,500,100,0.0025691749979159795,1.0,"{'Growth Department': 132.0, 'Compliance Department': 132.0, 'ESG Department': 132.0, 'Operations Department': 120.48338107171325, 'Risk Department': 124.78333005558973}",132.0,132.0,120.48338107171325,124.78333005558973,conservative,wide,
adaptive_voting,15,64.5229698898736,65.77723995515049,False,,100,680.0,134.59495728641053,672.9747864320526,0.008351235391974753,500,100,0.0024572050024289638,1.0,"{'Growth Department': 136.0, 'Compliance Department': 136.0, 'ESG Department': 136.0, 'Operations Department': 136.0, 'Risk Department': 128.97478643205264}",136.0,136.0,136.0,128.97478643205264,conservative,wide,
adaptive_voting,16,63.50763533460483,65.28969989128979,False,,100,660.0,130.71099818965754,653.5549909482877,0.007886955359065695,500,100,0.002435581998724956,0.99,"{'Growth Department': 132.0, 'Compliance Department': 132.0, 'ESG Department': 132.0, 'Operations Department': 131.9963794923348, 'Risk Department': 125.5586114559529}",132.0,132.0,131.9963794923348,125.5586114559529,conservative,wide,
adaptive_voting,17,62.26116896725149,64.63900002437077,False,,100,640.0,126.58998382662398,632.9499191331199,0.00891075979791367,500,100,0.0035817870011669584,0.99,"{'Growth Department': 128.0, 'Compliance Department': 128.0, 'ESG Department': 128.0, 'Operations Department': 128.0, 'Risk Department': 120.9499191331199}",128.0,128.0,128.0,120.9499191331199,conservative,wide,
adaptive_voting,18,66.77938108113368,64.5465311808079,False,,100,620.0,122.65312535407861,613.265626770393,0.008725234419484095,500,100,0.0025572439990355633,1.0,"{'Growth Department': 124.0, 'Compliance Department': 124.0, 'ESG Department': 124.0, 'Operations Department': 123.90846942824484, 'Risk Department': 117.35715734214813}",124.0,124.0,123.90846942824484,117.35715734214813,conservative,wide,
adaptive_voting,19,60.91591957271328,65.4183951329786,False,,100,640.0,126.5672085841403,632.8360429207015,0.008803176449129601,500,100,0.002419260999886319,1.0,"{'Growth Department': 128.0, 'Compliance Department': 128.0, 'ESG Department': 128.0, 'Operations Department': 127.59950421440291, 'Risk Department': 121.23653870629859}",128.0,128.0,127.59950421440291,121.23653870629859,conservative,wide,
centralized_profit,0,58.198337538450616,60.89027617971815,False,,100,640.0,125.89253368833526,629.4626684416763,0.06378981222722988,600,100,0.001944778996403329,0.96,"{'Growth Department': 140.0, 'Compliance Department': 140.0, 'ESG Department': 118.0, 'Operations Department': 130.65430022160837, 'Risk Department': 100.80836822006799}",140.0,129.0,130.65430022160837,100.80836822006799,conservative,wide,
centralized_profit,1,64.0437303242486,65.0253940822016,False,,100,638.0,126.33190553978314,631.6595276989157,0.05321678414827034,600,100,0.002008221999858506,0.99,"{'Growth Department': 136.0, 'Compliance Department': 136.0, 'ESG Department': 128.0, 'Operations Department': 133.6781386248552, 'Risk Department': 97.98138907406053}",136.0,132.0,133.6781386248552,97.98138907406053,conservative,wide,
centralized_profit,2,61.20064584937566,65.0705700581609,False,,100,646.0,127.8044740965457,639.0223704827285,0.05706104307524953,600,100,0.0020136820021434687,0.96,"{'Growth Department': 134.0, 'Compliance Department': 140.0, 'ESG Department': 128.0, 'Operations Department': 137.73431616195484, 'Risk Department': 99.28805432077368}",134.0,134.0,137.73431616195484,99.28805432077368,conservative,wide,
centralized_profit,3,59.111505517064884,65.19078379540062,False,,100,680.0,134.6818497658413,673.4092488292065,0.07792082010733292,600,100,0.0021001740024075843,0.94,"{'Growth Department': 150.0, 'Compliance Department': 152.0, 'ESG Department': 132.0, 'Operations Department': 144.0, 'Risk Department': 95.40924882920649}",150.0,142.0,144.0,95.40924882920649,conservative,wide,
centralized_profit,4,63.253654937795815,65.17628220167458,False,,100,670.0,132.721799330973,663.608996654865,0.06657149454561821,600,100,0.002250315999845043,0.95,"{'Growth Department': 146.0, 'Compliance Department': 148.0, 'ESG Department': 132.0, 'Operations Department': 137.83080003140572, 'Risk Department': 99.77819662345927}",146.0,140.0,137.83080003140572,99.77819662345927,conservative,wide,
centralized_profit,5,61.3852713093639,61.90653567610095,False,,100,670.0,132.276296738969,661.381483694845,0.08572779487988882,600,100,0.0022465899965027347,0.94,"{'Growth Department': 152.0, 'Compliance Department': 152.0, 'ESG Department': 124.0, 'Operations Department': 138.25495390928015, 'Risk Department': 95.1265297855648}",152.0,138.0,138.25495390928015,95.1265297855648,conservative,wide,
centralized_profit,6,64.1302388635916,64.48999316046257,False,,100,672.0,132.80538498522986,664.0269249261493,0.06306398987283099,600,100,0.002118345000781119,0.97,"{'Growth Department': 146.0, 'Compliance Department': 146.0, 'ESG Department': 134.0, 'Operations Department': 138.37215901218627, 'Risk Department': 99.65476591396289}",146.0,140.0,138.37215901218627,99.65476591396289,conservative,wide,
centralized_profit,7,56.06627045033102,62.897625294870004,False,,100,652.0,128.58223066357408,642.9111533178705,0.06627744157800386,600,100,0.0020986870003980584,0.96,"{'Growth Department': 142.0, 'Compliance Department': 144.0, 'ESG Department': 128.0, 'Operations Department': 131.17428632271074, 'Risk Department': 97.73686699515973}",142.0,136.0,131.17428632271074,97.73686699515973,conservative,wide,
centralized_profit,8,66.28701853044898,66.2904995702515,False,,100,680.0,134.77291498068217,673.8645749034108,0.07139170371757117,600,100,0.0020794930023839697,0.97,"{'Growth Department': 150.0, 'Compliance Department': 150.0, 'ESG Department': 134.0, 'Operations Department': 142.0, 'Risk Department': 97.86457490341083}",150.0,142.0,142.0,97.86457490341083,conservative,wide,
centralized_profit,9,66.10596695874005,63.11745679073916,False,,100,678.0,133.9698136232985,669.8490681164925,0.07808494034379354,600,100,0.0021504239994101226,0.95,"{'Growth Department': 152.0, 'Compliance Department': 152.0, 'ESG Department': 126.0, 'Operations Department': 140.23047377052006, 'Risk Department': 99.61859434597243}",152.0,139.0,140.23047377052006,99.61859434597243,conservative,wide,
centralized_profit,10,64.86904214334031,64.4591806621406,False,,100,650.0,128.68869457383946,643.4434728691973,0.06251174912297693,600,100,0.0021711309964302927,0.97,"{'Growth Department': 140.0, 'Compliance Department': 142.0, 'ESG Department': 128.0, 'Operations Department': 135.72194405771765, 'Risk Department': 97.72152881147962}",140.0,135.0,135.72194405771765,97.72152881147962,conservative,wide,
centralized_profit,11,72.95872338562577,64.61139555818815,False,,100,662.0,131.00563347954144,655.0281673977072,0.06958092544768615,600,100,0.002245334006147459,0.97,"{'Growth Department': 144.0, 'Compliance Department': 146.0, 'ESG Department': 128.0, 'Operations Department': 140.0, 'Risk Department': 97.02816739770714}",144.0,137.0,140.0,97.02816739770714,conservative,wide,
centralized_profit,12,62.38689231158821,63.542994078023185,False,,100,664.0,131.38720641281515,656.9360320640758,0.07792032281386004,600,100,0.0021913660020800307,0.95,"{'Growth Department': 148.0, 'Compliance Department': 148.0, 'ESG Department': 126.0, 'Operations Department': 139.92186667218706, 'Risk Department': 95.01416539188868}",148.0,137.0,139.92186667218706,95.01416539188868,conservative,wide,
centralized_profit,13,73.24319269899064,66.1761697179862,False,,100,674.0,133.48562486188032,667.4281243094016,0.06418362900862054,600,100,0.002253350001410581,0.97,"{'Growth Department': 146.0, 'Compliance Department': 146.0, 'ESG Department': 136.0, 'Operations Department': 141.97557321014412, 'Risk Department': 97.45255109925742}",146.0,141.0,141.97557321014412,97.45255109925742,conservative,wide,
centralized_profit,14,64.71580068799604,63.37266051983757,False,,100,666.0,131.67668752056787,658.3834376028393,0.06575702173556071,600,100,0.002233833001810126,0.93,"{'Growth Department': 146.0, 'Compliance Department': 148.0, 'ESG Department': 124.0, 'Operations Department': 135.50010512381823, 'Risk Department': 104.88333247902109}",146.0,136.0,135.50010512381823,104.88333247902109,conservative,wide,
centralized_profit,15,69.5869727234686,66.10324041258897,False,,100,672.0,133.0678474123493,665.3392370617464,0.06331899278426771,600,100,0.002233530998637434,0.97,"{'Growth Department': 142.0, 'Compliance Department': 146.0, 'ESG Department': 136.0, 'Operations Department': 144.0, 'Risk Department': 97.33923706174643}",142.0,141.0,144.0,97.33923706174643,conservative,wide,
centralized_profit,16,63.639817807287386,65.09928397387151,False,,100,660.0,130.7440043242202,653.7200216211011,0.0712658636182562,600,100,0.002116968003974762,0.94,"{'Growth Department': 144.0, 'Compliance Department': 148.0, 'ESG Department': 128.0, 'Operations Department': 135.95492400281717, 'Risk Department': 97.76509761828389}",144.0,138.0,135.95492400281717,97.76509761828389,conservative,wide,
centralized_profit,17,63.02326258055622,63.5692468135328,False,,100,646.0,127.771088945152,638.85544472576,0.07375143276528107,600,100,0.002244925999548286,0.95,"{'Growth Department': 144.0, 'Compliance Department': 144.0, 'ESG Department': 120.0, 'Operations Department': 133.75107519879188, 'Risk Department': 97.10436952696803}",144.0,132.0,133.75107519879188,97.10436952696803,conservative,wide,
centralized_profit,18,64.71693560879854,61.586287770669976,False,,100,640.0,126.54224247151777,632.7112123575888,0.07804113209623828,600,100,0.002007684997806791,0.95,"{'Growth Department': 144.0, 'Compliance Department': 144.0, 'ESG Department': 118.0, 'Operations Department': 131.43308648555092, 'Risk Department': 95.27812587203793}",144.0,131.0,131.43308648555092,95.27812587203793,conservative,wide,
centralized_profit,19,67.02264552610194,63.823638779613354,False,,100,646.0,127.81481771835402,639.0740885917701,0.07098666822092774,600,100,0.002031433003139682,0.97,"{'Growth Department': 142.0, 'Compliance Department': 142.0, 'ESG Department': 122.0, 'Operations Department': 137.78126396108988, 'Risk Department': 95.29282463068022}",142.0,132.0,137.78126396108988,95.29282463068022,conservative,wide,
centralized_sustainability,0,63.99064622081835,63.47560710395572,False,,100,618.0,122.04778781792993,610.2389390896496,0.042962704104665225,600,100,0.0018981820030603558,0.98,"{'Growth Department': 130.0, 'Compliance Department': 122.0, 'ESG Department': 130.0, 'Operations Department': 127.01083280621641, 'Risk Department': 101.22810628343325}",130.0,126.0,127.01083280621641,101.22810628343325,conservative,wide,
centralized_sustainability,1,59.04040326031546,65.51001579691565,False,,100,644.0,127.58776468049314,637.9388234024657,0.06528673244229229,600,100,0.0019223409981350414,0.97,"{'Growth Department': 140.0, 'Compliance Department': 124.0, 'ESG Department': 140.0, 'Operations Department': 138.0, 'Risk Department': 95.93882340246564}",140.0,132.0,138.0,95.93882340246564,conservative,wide,
centralized_sustainability,2,63.587092120522726,62.208897095121635,False,,100,656.0,129.1153198695067,645.5765993475335,0.06916063880088288,600,100,0.0019935890013584867,0.95,"{'Growth Department': 142.0, 'Compliance Department': 124.0, 'ESG Department': 146.0, 'Operations Department': 134.3872118547548, 'Risk Department': 99.1893874927787}",142.0,135.0,134.3872118547548,99.1893874927787,conservative,wide,
centralized_sustainability,3,59.711029300359485,65.94676951359074,False,,100,674.0,133.45437651638386,667.2718825819193,0.07160873278456847,600,100,0.0018960309971589595,0.94,"{'Growth Department': 146.0, 'Compliance Department': 136.0, 'ESG Department': 150.0, 'Operations Department': 140.0, 'Risk Department': 95.27188258191927}",146.0,143.0,140.0,95.27188258191927,conservative,wide,
centralized_sustainability,4,54.90823146542909,64.42826283400524,False,,100,682.0,135.0291300203173,675.1456501015865,0.0843604895424221,600,100,0.0028017309959977865,0.94,"{'Growth Department': 154.0, 'Compliance Department': 128.0, 'ESG Department': 154.0, 'Operations Department': 143.3401720453449, 'Risk Department': 95.80547805624165}",154.0,141.0,143.3401720453449,95.80547805624165,conservative,wide,
centralized_sustainability,5,68.61601451001923,65.2240948842332,False,,100,644.0,127.50801443609876,637.5400721804938,0.058158581162580526,600,100,0.0018719369982136413,0.98,"{'Growth Department': 138.0, 'Compliance Department': 130.0, 'ESG Department': 138.0, 'Operations Department': 135.88810472087692, 'Risk Department': 95.65196745961677}",138.0,134.0,135.88810472087692,95.65196745961677,conservative,wide,
centralized_sustainability,6,62.0741214795807,66.1162653715767,False,,100,670.0,132.7558076385632,663.779038192816,0.06414298583707208,600,100,0.0019974030001321808,0.97,"{'Growth Department': 146.0, 'Compliance Department': 132.0, 'ESG Department': 146.0, 'Operations Department': 140.0, 'Risk Department': 99.779038192816}",146.0,139.0,140.0,99.779038192816,conservative,wide,
centralized_sustainability,7,50.45966516366205,63.98110343169411,False,,100,652.0,128.31403116800107,641.5701558400053,0.06778152787869285,600,100,0.001990553006180562,0.96,"{'Growth Department': 142.0, 'Compliance Department': 130.0, 'ESG Department': 144.0, 'Operations Department': 129.85682519052716, 'Risk Department': 95.71333064947817}",142.0,137.0,129.85682519052716,95.71333064947817,conservative,wide,
centralized_sustainability,8,67.75362192112132,63.882360014218264,False,,100,690.0,136.22866281296092,681.1433140648046,0.08524537150167558,600,100,0.0019517089967848733,0.96,"{'Growth Department': 154.0, 'Compliance Department': 130.0, 'ESG Department': 156.0, 'Operations Department': 145.72370763147543, 'Risk Department': 95.41960643332908}",154.0,143.0,145.72370763147543,95.41960643332908,conservative,wide,
centralized_sustainability,9,70.84774963344051,66.03372593246537,False,,100,658.0,130.37542103762974,651.8771051881487,0.0651937543307568,600,100,0.0020385930038173683,0.96,"{'Growth Department': 142.0, 'Compliance Department': 132.0, 'ESG Department': 144.0, 'Operations Department': 138.0, 'Risk Department': 95.8771051881487}",142.0,138.0,138.0,95.8771051881487,conservative,wide,
centralized_sustainability,10,63.94715170154602,63.76288892174426,False,,100,656.0,129.73417551114238,648.670877555712,0.07343029094538825,600,100,0.0022186389978742227,0.97,"{'Growth Department': 144.0, 'Compliance Department': 126.0, 'ESG Department': 146.0, 'Operations Department': 137.2109916391073, 'Risk Department': 95.45988591660469}",144.0,136.0,137.2109916391073,95.45988591660469,conservative,wide,
centralized_sustainability,11,68.4504703479837,62.58630935026404,False,,100,674.0,132.97229294559403,664.8614647279702,0.07360013307927957,600,100,0.002221747003204655,0.95,"{'Growth Department': 150.0, 'Compliance Department': 126.0, 'ESG Department': 150.0, 'Operations Department': 138.02883008204935, 'Risk Department': 100.83263464592082}",150.0,138.0,138.02883008204935,100.83263464592082,conservative,wide,
centralized_sustainability,12,63.677601199303055,64.23653455015375,False,,100,656.0,129.64588634963943,648.2294317481972,0.06251455692336823,600,100,0.003131256999040488,0.98,"{'Growth Department': 142.0, 'Compliance Department': 130.0, 'ESG Department': 142.0, 'Operations Department': 136.88415138622872, 'Risk Department': 97.34528036196842}",142.0,136.0,136.88415138622872,97.34528036196842,conservative,wide,
centralized_sustainability,13,70.2701830321038,64.30492221317519,False,,100,688.0,136.1969777238192,680.9848886190961,0.0771516289006863,600,100,0.002429297994240187,0.92,"{'Growth Department': 154.0, 'Compliance Department': 128.0, 'ESG Department': 154.0, 'Operations Department': 143.65875538624067, 'Risk Department': 101.32613323285537}",154.0,141.0,143.65875538624067,101.32613323285537,conservative,wide,
centralized_sustainability,14,63.824621944724356,63.595081076301724,False,,100,662.0,130.80879555122604,654.0439777561302,0.06459716428720483,600,100,0.0022919379989616573,0.98,"{'Growth Department': 142.0, 'Compliance Department': 134.0, 'ESG Department': 144.0, 'Operations Department': 138.85571060884214, 'Risk Department': 95.18826714728802}",142.0,139.0,138.85571060884214,95.18826714728802,conservative,wide,
centralized_sustainability,15,66.98579248325363,66.08099119439207,False,,100,674.0,133.41748021801556,667.0874010900777,0.07424826049330466,600,100,0.002172555003198795,0.94,"{'Growth Department': 148.0, 'Compliance Department': 134.0, 'ESG Department': 150.0, 'Operations Department': 140.0, 'Risk Department': 95.08740109007778}",148.0,142.0,140.0,95.08740109007778,conservative,wide,
centralized_sustainability,16,58.71083233465073,64.88125750850574,False,,100,666.0,131.92575006162426,659.6287503081213,0.0756175188494435,600,100,0.0022136030020192266,0.94,"{'Growth Department': 146.0, 'Compliance Department': 130.0, 'ESG Department': 150.0, 'Operations Department': 137.97811213319528, 'Risk Department': 95.650638174926}",146.0,140.0,137.97811213319528,95.650638174926,conservative,wide,
centralized_sustainability,17,68.44283360852687,64.17343459225417,False,,100,638.0,126.18349293880324,630.9174646940162,0.07361667040841642,600,100,0.0027088450005976483,0.95,"{'Growth Department': 142.0, 'Compliance Department': 120.0, 'ESG Department': 142.0, 'Operations Department': 131.97501851063262, 'Risk Department': 94.94244618338358}",142.0,131.0,131.97501851063262,94.94244618338358,conservative,wide,
centralized_sustainability,18,65.62017270884634,63.04833705050932,False,,100,630.0,124.49560197848487,622.4780098924243,0.06505909466784683,600,100,0.002461578005750198,0.97,"{'Growth Department': 138.0, 'Compliance Department': 122.0, 'ESG Department': 138.0, 'Operations Department': 129.10032961022944, 'Risk Department': 95.3776802821949}",138.0,130.0,129.10032961022944,95.3776802821949,conservative,wide,
centralized_sustainability,19,63.71607458516084,65.48603338602419,False,,100,638.0,126.32713621283752,631.6356810641876,0.054923203657844866,600,100,0.0019974239985458553,0.99,"{'Growth Department': 136.0, 'Compliance Department': 126.0, 'ESG Department': 136.0, 'Operations Department': 136.0, 'Risk Department': 97.63568106418758}",136.0,131.0,136.0,97.63568106418758,conservative,wide,
centralized_risk_averse,0,68.50520483849856,67.25275283655114,False,,100,582.0,115.1641405238787,575.8207026193935,0.027796618722045176,600,100,0.0019931360002374277,0.96,"{'Growth Department': 124.0, 'Compliance Department': 110.0, 'ESG Department': 108.0, 'Operations Department': 115.80603131196473, 'Risk Department': 118.01467130742874}",124.0,109.0,115.80603131196473,118.01467130742874,conservative,wide,
centralized_risk_averse,1,65.87561695510033,71.66833912386399,False,,100,560.0,111.2011272365263,556.0056361826315,0.021586569797127274,600,100,0.0019344239990459755,0.96,"{'Growth Department': 118.0, 'Compliance Department': 106.0, 'ESG Department': 108.0, 'Operations Department': 110.0, 'Risk Department': 114.00563618263148}",118.0,107.0,110.0,114.00563618263148,conservative,wide,
centralized_risk_averse,2,57.42372840898055,66.07179332191578,False,,100,604.0,118.6983008080504,593.491504040252,0.03813413186942505,600,100,0.001954157996806316,0.95,"{'Growth Department': 130.0, 'Compliance Department': 110.0, 'ESG Department': 110.0, 'Operations Department': 116.9107958441161, 'Risk Department': 126.58070819613597}",130.0,110.0,116.9107958441161,126.58070819613597,conservative,wide,
centralized_risk_averse,3,68.20058052616622,75.2017240075649,False,,100,548.0,108.87855930818064,544.3927965409032,0.017922938507560104,600,100,0.0019714029986062087,0.98,"{'Growth Department': 114.0, 'Compliance Department': 106.0, 'ESG Department': 104.0, 'Operations Department': 110.0, 'Risk Department': 110.39279654090319}",114.0,105.0,110.0,110.39279654090319,conservative,wide,
centralized_risk_averse,4,63.37337282762002,74.48603471360275,False,,100,560.0,111.29740622098889,556.4870311049444,0.021913920289865628,600,100,0.0029062590037938207,0.97,"{'Growth Department': 118.0, 'Compliance Department': 108.0, 'ESG Department': 106.0, 'Operations Department': 110.0, 'Risk Department': 114.48703110494446}",118.0,107.0,110.0,114.48703110494446,conservative,wide,
centralized_risk_averse,5,63.76645194443125,72.78336696589305,False,,100,550.0,109.15013985513352,545.7506992756676,0.023494738557188023,600,100,0.002016954000282567,0.97,"{'Growth Department': 116.0, 'Compliance Department': 104.0, 'ESG Department': 104.0, 'Operations Department': 109.69502428345673, 'Risk Department': 112.05567499221075}",116.0,104.0,109.69502428345673,112.05567499221075,conservative,wide,
centralized_risk_averse,6,72.45690730547128,69.262356547236,False,,100,608.0,120.4621001318709,602.3105006593545,0.039322261158429586,600,100,0.002012939003179781,0.95,"{'Growth Department': 132.0, 'Compliance Department': 112.0, 'ESG Department': 110.0, 'Operations Department': 121.09997364587521, 'Risk Department': 127.21052701347925}",132.0,111.0,121.09997364587521,127.21052701347925,conservative,wide,
centralized_risk_averse,7,71.48492652414308,70.92967221744809,False,,100,564.0,111.93200970712624,559.6600485356312,0.01833973934910773,600,100,0.0022439969980041496,0.97,"{'Growth Department': 118.0, 'Compliance Department': 108.0, 'ESG Department': 108.0, 'Operations Department': 112.0, 'Risk Department': 113.66004853563116}",118.0,108.0,112.0,113.66004853563116,conservative,wide,
centralized_risk_averse,8,78.98047569548244,72.94196000986989,False,,100,588.0,116.78086825501168,583.9043412750584,0.02596613081676189,600,100,0.0019924950029235333,0.95,"{'Growth Department': 124.0, 'Compliance Department': 112.0, 'ESG Department': 110.0, 'Operations Department': 116.0, 'Risk Department': 121.90434127505836}",124.0,111.0,116.0,121.90434127505836,conservative,wide,
centralized_risk_averse,9,70.42319103429753,71.1827501894616,False,,100,592.0,117.47685652904427,587.3842826452213,0.03636521579137675,600,100,0.0020027899954584427,0.95,"{'Growth Department': 128.0, 'Compliance Department': 108.0, 'ESG Department': 110.0, 'Operations Department': 117.98339216807983, 'Risk Department': 123.40089047714147}",128.0,109.0,117.98339216807983,123.40089047714147,conservative,wide,
centralized_risk_averse,10,78.35988296345833,71.21885411944282,False,,100,568.0,112.74838743217974,563.7419371608987,0.011352712257370001,600,100,0.0020176539983367547,0.98,"{'Growth Department': 116.0, 'Compliance Department': 110.0, 'ESG Department': 110.0, 'Operations Department': 114.0, 'Risk Department': 113.74193716089874}",116.0,110.0,114.0,113.74193716089874,conservative,wide,
centralized_risk_averse,11,78.98038339395123,69.28649072020741,False,,100,604.0,119.68880286025828,598.4440143012914,0.031043180776411817,600,100,0.002186213001550641,0.94,"{'Growth Department': 130.0, 'Compliance Department': 112.0, 'ESG Department': 114.0, 'Operations Department': 118.0, 'Risk Department': 124.44401430129136}",130.0,113.0,118.0,124.44401430129136,conservative,wide,
centralized_risk_averse,12,72.59047397833592,71.69632093315448,False,,100,568.0,112.68234991733023,563.4117495866511,0.012779286206371055,600,100,0.00218563499947777,0.99,"{'Growth Department': 116.0, 'Compliance Department': 110.0, 'ESG Department': 110.0, 'Operations Department': 116.0, 'Risk Department': 111.41174958665113}",116.0,110.0,116.0,111.41174958665113,conservative,wide,
centralized_risk_averse,13,79.37718073085586,72.50706612705223,False,,100,590.0,117.08748067625936,585.4374033812968,0.020113100537325224,600,100,0.0022179229999892414,0.95,"{'Growth Department': 124.0, 'Compliance Department': 112.0, 'ESG Department': 114.0, 'Operations Department': 116.0, 'Risk Department': 119.43740338129682}",124.0,113.0,116.0,119.43740338129682,conservative,wide,
centralized_risk_averse,14,60.724993798661444,70.5294523209688,False,,100,598.0,118.5422515437501,592.7112577187505,0.018026489202555673,600,100,0.0021846250019734725,0.96,"{'Growth Department': 124.0, 'Compliance Department': 118.0, 'ESG Department': 112.0, 'Operations Department': 118.0, 'Risk Department': 120.71125771875049}",124.0,115.0,118.0,120.71125771875049,conservative,wide,
centralized_risk_averse,15,71.66985534003506,71.39362159779488,False,,100,602.0,119.42401123615784,597.1200561807892,0.01682747442211756,600,100,0.0022114469975349493,0.96,"{'Growth Department': 126.0, 'Compliance Department': 116.0, 'ESG Department': 116.0, 'Operations Department': 118.0, 'Risk Department': 121.12005618078918}",126.0,116.0,118.0,121.12005618078918,conservative,wide,
centralized_risk_averse,16,70.18360586568446,73.4154086247963,False,,100,560.0,111.20486549295285,556.0243274647643,0.01586164765851965,600,100,0.0022090380007284693,0.97,"{'Growth Department': 114.0, 'Compliance Department': 106.0, 'ESG Department': 108.0, 'Operations Department': 114.0, 'Risk Department': 114.02432746476426}",114.0,107.0,114.0,114.02432746476426,conservative,wide,
centralized_risk_averse,17,70.1304825427409,72.12140687498812,False,,100,546.0,108.30797604866844,541.5398802433422,0.00806606487293866,600,100,0.0022230689937714487,1.0,"{'Growth Department': 110.0, 'Compliance Department': 108.0, 'ESG Department': 108.0, 'Operations Department': 110.0, 'Risk Department': 105.53988024334214}",110.0,108.0,110.0,105.53988024334214,conservative,wide,
centralized_risk_averse,18,49.15442251279805,70.55018397202812,False,,100,566.0,112.17468087976188,560.8734043988094,0.019241692253891253,600,100,0.002077732999168802,0.95,"{'Growth Department': 118.0, 'Compliance Department': 108.0, 'ESG Department': 108.0, 'Operations Department': 111.89302079672397, 'Risk Department': 114.98038360208537}",118.0,108.0,111.89302079672397,114.98038360208537,conservative,wide,
centralized_risk_averse,19,73.69928645305826,70.51358102994404,False,,100,568.0,112.62473335461864,563.1236667730932,0.0170477651117233,600,100,0.001970288001757581,0.98,"{'Growth Department': 116.0, 'Compliance Department': 108.0, 'ESG Department': 108.0, 'Operations Department': 116.0, 'Risk Department': 115.12366677309322}",116.0,108.0,116.0,115.12366677309322,conservative,wide,
structured_debate,0,0.9929209214541519,36.5695351089552,True,9.0,10,114.0,7.167344964068841,35.8367248203442,1.348525759623306,150,20,0.00046532800479326397,0.1,"{'Growth Department': 39.0, 'Compliance Department': -7.0, 'ESG Department': -13.0, 'Operations Department': 9.81686640191512, 'Risk Department': 7.019858418429084}",39.0,-10.0,9.81686640191512,7.019858418429084,conservative,wide,
structured_debate,1,0.0,35.15139344863613,True,18.0,19,191.0,18.524586206512183,92.62293103256091,0.7903010537883655,285,38,0.0007060950010782108,0.15789473684210525,"{'Growth Department': 74.0, 'Compliance Department': -7.0, 'ESG Department': -3.0, 'Operations Department': 10.622931032560917, 'Risk Department': 18.0}",74.0,-5.0,10.622931032560917,18.0,conservative,wide,
structured_debate,2,0.35712623882221983,38.20134563139825,True,18.0,19,209.0,22.54348936733486,112.7174468366743,0.6448347062906528,285,38,0.000660826000967063,0.05263157894736842,"{'Growth Department': 74.0, 'Compliance Department': -3.0, 'ESG Department': -1.0, 'Operations Department': 26.71030431189784, 'Risk Department': 16.007142524776448}",74.0,-2.0,26.71030431189784,16.007142524776448,conservative,wide,
structured_debate,3,2.4645934156352673,37.43133348000344,True,17.0,18,196.0,20.14321761264539,100.71608806322695,0.6936996841468385,270,36,0.000616818004345987,0.05555555555555555,"{'Growth Department': 75.0, 'Compliance Department': -4.0, 'ESG Department': 0.0, 'Operations Department': 16.66679619491424, 'Risk Department': 13.049291868312707}",75.0,-2.0,16.66679619491424,13.049291868312707,conservative,wide,
structured_debate,4,4.174843078277355,39.31975446289776,True,18.0,19,199.0,22.969518529737694,114.84759264868848,0.5599215171323273,285,38,0.0006537049994221888,0.10526315789473684,"{'Growth Department': 72.0, 'Compliance Department': 4.0, 'ESG Department': 0.0, 'Operations Department': 20.76409578712293, 'Risk Department': 18.083496861565546}",72.0,2.0,20.76409578712293,18.083496861565546,conservative,wide,
structured_debate,5,0.0,36.57173753632925,True,14.0,15,165.0,16.404349023412777,82.02174511706389,0.7901404432974285,225,30,0.00048145199980353937,0.0,"{'Growth Department': 64.0, 'Compliance Department': -4.0, 'ESG Department': -6.0, 'Operations Department': 18.021745117063887, 'Risk Department': 9.999999999999996}",64.0,-5.0,18.021745117063887,9.999999999999996,conservative,wide,
structured_debate,6,3.751819603565142,36.60384447339808,True,19.0,20,208.0,22.17731625208672,110.88658126043359,0.7171707977953576,300,40,0.0007303079983103089,0.05,"{'Growth Department': 83.0, 'Compliance Department': -6.0, 'ESG Department': -2.0, 'Operations Department': 18.811544868362297, 'Risk Department': 17.075036392071304}",83.0,-4.0,18.811544868362297,17.075036392071304,conservative,wide,
structured_debate,7,4.618636112851023,43.7811925462406,True,13.0,14,158.0,18.1887451715891,90.94372585794551,0.6195099301548253,210,28,0.00046923199988668784,0.07142857142857142,"{'Growth Department': 59.0, 'Compliance Department': 2.0, 'ESG Department': -2.0, 'Operations Department': 20.851353135688488, 'Risk Department': 11.09237272225702}",59.0,0.0,20.851353135688488,11.09237272225702,conservative,wide,
structured_debate,8,0.0,35.39536946997079,True,19.0,20,204.0,21.125827453854136,105.62913726927067,0.7232852788074988,300,40,0.000616024000919424,0.1,"{'Growth Department': 77.0, 'Compliance Department': -6.0, 'ESG Department': -4.0, 'Operations Department': 17.629137269270668, 'Risk Department': 21.0}",77.0,-5.0,17.629137269270668,21.0,conservative,wide,
structured_debate,9,3.3904345624765355,36.56434284309495,True,16.0,17,185.0,17.990502834358225,89.95251417179112,0.8221435817900506,255,34,0.0005412989994511008,0.0,"{'Growth Department': 72.0, 'Compliance Department': -7.0, 'ESG Department': -7.0, 'Operations Department': 19.884705480541598, 'Risk Department': 12.067808691249528}",72.0,-7.0,19.884705480541598,12.067808691249528,conservative,wide,
structured_debate,10,3.3747664322241064,38.76342930892807,True,18.0,19,199.0,18.79249900133024,93.9624950066512,0.7998723306132152,285,38,0.0007944760000100359,0.10526315789473684,"{'Growth Department': 70.0, 'Compliance Department': -10.0, 'ESG Department': -6.0, 'Operations Department': 21.89499967800671, 'Risk Department': 18.067495328644483}",70.0,-8.0,21.89499967800671,18.067495328644483,conservative,wide,
structured_debate,11,3.48489301034844,34.91994741059698,True,17.0,18,190.0,18.821617761095517,94.10808880547759,0.7526226495841899,270,36,0.0007127290009520948,0.1111111111111111,"{'Growth Department': 71.0, 'Compliance Department': -2.0, 'ESG Department': -8.0, 'Operations Department': 16.03839094527062, 'Risk Department': 17.069697860206972}",71.0,-5.0,16.03839094527062,17.069697860206972,conservative,wide,
structured_debate,12,4.994913611208849,38.55632766463396,True,18.0,19,203.0,21.614437160086094,108.07218580043047,0.729512026845446,285,38,0.0008084110013442114,0.0,"{'Growth Department': 80.0, 'Compliance Department': -7.0, 'ESG Department': -3.0, 'Operations Department': 17.972287528206298, 'Risk Department': 20.099898272224173}",80.0,-5.0,17.972287528206298,20.099898272224173,conservative,wide,
structured_debate,13,0.945703915659303,33.08822275601109,True,19.0,20,204.0,20.552166224778805,102.76083112389402,0.6887143052727083,300,40,0.0007942340016597882,0.1,"{'Growth Department': 77.0, 'Compliance Department': -2.0, 'ESG Department': -2.0, 'Operations Department': 12.828695082047098, 'Risk Department': 16.932136041846935}",77.0,-2.0,12.828695082047098,16.932136041846935,conservative,wide,
structured_debate,14,4.556064726895237,41.84283328387137,True,14.0,15,169.0,20.174033759599396,100.87016879799698,0.5622238931210133,225,30,0.0010096639962284826,0.06666666666666667,"{'Growth Department': 62.0, 'Compliance Department': 3.0, 'ESG Department': 1.0, 'Operations Department': 22.779047503459086, 'Risk Department': 12.091121294537903}",62.0,2.0,22.779047503459086,12.091121294537903,conservative,wide,
structured_debate,15,0.0,35.70705798624,True,20.0,21,215.0,21.338081333582334,106.69040666791167,0.707565186994493,315,42,0.0010328310017939657,0.14285714285714285,"{'Growth Department': 76.0, 'Compliance Department': -4.0, 'ESG Department': -6.0, 'Operations Department': 20.72604386124858, 'Risk Department': 19.964362806663097}",76.0,-5.0,20.72604386124858,19.964362806663097,conservative,wide,
structured_debate,16,0.38644216019007427,34.46172544287807,True,19.0,20,202.0,20.555731864421098,102.77865932210548,0.7037307518565002,300,40,0.0008311589990626089,0.1,"{'Growth Department': 77.0, 'Compliance Department': -2.0, 'ESG Department': -4.0, 'Operations Department': 16.82125799887098, 'Risk Department': 14.957401323234501}",77.0,-3.0,16.82125799887098,14.957401323234501,conservative,wide,
structured_debate,17,1.0717057861012886,35.10114518888762,True,13.0,14,150.0,11.283454618836316,56.41727309418158,1.1132862366714844,210,28,0.0005218619990046136,0.0,"{'Growth Department': 57.0, 'Compliance Department': -10.0, 'ESG Department': -10.0, 'Operations Department': 6.395838978459558, 'Risk Department': 13.021434115722027}",57.0,-10.0,6.395838978459558,13.021434115722027,conservative,wide,
structured_debate,18,2.073465718495889,42.18799449923782,True,15.0,16,172.0,16.173302241935755,80.86651120967878,0.8746515176687627,240,32,0.0005810500006191432,0.0625,"{'Growth Department': 65.0, 'Compliance Department': -6.0, 'ESG Department': -10.0, 'Operations Department': 20.825041895308857, 'Risk Department': 11.041469314369916}",65.0,-8.0,20.825041895308857,11.041469314369916,conservative,wide,
structured_debate,19,4.934334895041006,40.50148543164829,True,20.0,21,217.0,26.4414532492047,132.2072662460235,0.5328257199431189,315,42,0.0008427849970757961,0.09523809523809523,"{'Growth Department': 78.0, 'Compliance Department': 0.0, 'ESG Department': 6.0, 'Operations Department': 26.108579548122655, 'Risk Department': 22.098686697900817}",78.0,3.0,26.108579548122655,22.098686697900817,conservative,wide,
independent,0,4.204222218765583,39.534094073246266,True,5.0,6,108.0,17.056356006211217,85.28178003105609,0.43018905062977775,0,0,0.0002344919994357042,0.0,"{'Growth Department': 25.0, 'Trading/Opportunity Team': 23.0, 'Compliance Department': -2.0, 'Operations Department': 5.281780031056094, 'Saboteur Department': 34.0}",24.0,-2.0,5.281780031056094,,free_rider,wide,34.0
independent,1,1.1783041662846685,39.78286328990419,True,6.0,7,125.0,20.092133712757523,100.46066856378762,0.4620289038292954,0,0,0.0002630870003486052,0.0,"{'Growth Department': 26.0, 'Trading/Opportunity Team': 20.0, 'Compliance Department': -2.0, 'Operations Department': 8.960668563787618, 'Saboteur Department': 47.5}",23.0,-2.0,8.960668563787618,,free_rider,wide,47.5
independent,2,0.0,36.07553760759552,True,8.0,9,153.0,24.84706203350207,124.23531016751035,0.4999051867722354,0,0,0.00032973499764921144,0.0,"{'Growth Department': 28.0, 'Trading/Opportunity Team': 34.0, 'Compliance Department': -5.0, 'Operations Department': 7.735310167510349, 'Saboteur Department': 59.5}",31.0,-5.0,7.735310167510349,,free_rider,wide,59.5
independent,3,0.39844422233826826,35.60373599061063,True,7.0,8,136.0,21.353759936753313,106.76879968376656,0.5590816821327363,0,0,0.0002550170029280707,0.0,"{'Growth Department': 29.0, 'Trading/Opportunity Team': 25.0, 'Compliance Department': -8.0, 'Operations Department': 5.768799683766565, 'Saboteur Department': 55.0}",27.0,-8.0,5.768799683766565,,free_rider,wide,55.0
independent,4,0.0,34.970581073644155,True,7.0,8,138.0,21.679741051937317,108.39870525968658,0.5520408915657042,0,0,0.00023665100161451846,0.0,"{'Growth Department': 25.0, 'Trading/Opportunity Team': 31.0, 'Compliance Department': -6.0, 'Operations Department': 3.398705259686583, 'Saboteur Department': 55.0}",28.0,-6.0,3.398705259686583,,free_rider,wide,55.0
independent,5,0.0,35.02997360070198,True,6.0,7,125.0,18.778512079860995,93.89256039930497,0.5777132459653271,0,0,0.00018014799570664763,0.0,"{'Growth Department': 26.0, 'Trading/Opportunity Team': 26.0, 'Compliance Department': -9.0, 'Operations Department': 3.392560399304969, 'Saboteur Department': 47.5}",26.0,-9.0,3.392560399304969,,free_rider,wide,47.5
independent,6,1.5949401547854585,35.34068341460144,True,7.0,8,138.0,22.160080886877182,110.80040443438591,0.45920263997209326,0,0,0.0002524369992897846,0.0,"{'Growth Department': 31.0, 'Trading/Opportunity Team': 33.0, 'Compliance Department': -3.0, 'Operations Department': 3.8004044343859134, 'Saboteur Department': 46.0}",32.0,-3.0,3.8004044343859134,,free_rider,wide,46.0
independent,7,0.0,34.220552595264785,True,7.0,8,142.0,22.4283300379965,112.1416501899825,0.5488000205074975,0,0,0.00020557000243570656,0.0,"{'Growth Department': 31.0, 'Trading/Opportunity Team': 31.0, 'Compliance Department': -8.0, 'Operations Department': 3.1416501899824922, 'Saboteur Department': 55.0}",31.0,-8.0,3.1416501899824922,,free_rider,wide,55.0
independent,8,0.0,34.92221724042541,True,6.0,7,131.0,20.988173368080947,104.94086684040474,0.4709666953580836,0,0,0.00023033599427435547,0.0,"{'Growth Department': 28.0, 'Trading/Opportunity Team': 28.0, 'Compliance Department': -2.0, 'Operations Department': 3.4408668404047305, 'Saboteur Department': 47.5}",28.0,-2.0,3.4408668404047305,,free_rider,wide,47.5
independent,9,4.266545257402633,39.183350122034504,True,6.0,7,131.0,21.34924573675865,106.74622868379325,0.4412475185986022,0,0,0.00022896900190971792,0.0,"{'Growth Department': 28.0, 'Trading/Opportunity Team': 22.0, 'Compliance Department': -4.0, 'Operations Department': 13.246228683793248, 'Saboteur Department': 47.5}",25.0,-4.0,13.246228683793248,,free_rider,wide,47.5
independent,10,0.0,35.07284569617847,True,7.0,8,144.0,22.715544649497396,113.57772324748697,0.4558016239522626,0,0,0.0002508489997126162,0.0,"{'Growth Department': 25.0, 'Trading/Opportunity Team': 31.0, 'Compliance Department': 0.0, 'Operations Department': 5.577723247486972, 'Saboteur Department': 52.0}",28.0,0.0,5.577723247486972,,free_rider,wide,52.0
independent,11,2.630761047901963,34.79694221744975,True,6.0,7,127.0,19.870173260084727,99.35086630042363,0.47165822729852486,0,0,0.00024496200057910755,0.0,"{'Growth Department': 28.0, 'Trading/Opportunity Team': 30.0, 'Compliance Department': -4.0, 'Operations Department': 3.8508663004236237, 'Saboteur Department': 41.5}",29.0,-4.0,3.8508663004236237,,free_rider,wide,41.5
independent,12,1.7578935641693114,38.59377125490561,True,6.0,7,135.0,22.05087230164839,110.25436150824194,0.4435040458063682,0,0,0.0002786920013022609,0.0,"{'Growth Department': 30.0, 'Trading/Opportunity Team': 28.0, 'Compliance Department': -2.0, 'Operations Department': 6.7543615082419475, 'Saboteur Department': 47.5}",29.0,-2.0,6.7543615082419475,,free_rider,wide,47.5
independent,13,1.5914177550532802,36.32554294167055,True,6.0,7,127.0,19.281409219298695,96.40704609649347,0.5273181123143205,0,0,0.0002888730014092289,0.0,"{'Growth Department': 26.0, 'Trading/Opportunity Team': 24.0, 'Compliance Department': -5.0, 'Operations Department': 3.907046096493475, 'Saboteur Department': 47.5}",25.0,-5.0,3.907046096493475,,free_rider,wide,47.5
independent,14,0.0,33.404544616863,True,8.0,9,153.0,24.66465472689911,123.32327363449554,0.5195344614034003,0,0,0.00027343900001142174,0.0,"{'Growth Department': 34.0, 'Trading/Opportunity Team': 30.0, 'Compliance Department': -7.0, 'Operations Department': 6.823273634495532, 'Saboteur Department': 59.5}",32.0,-7.0,6.823273634495532,,free_rider,wide,59.5
independent,15,0.0,29.828436855623238,True,7.0,8,130.0,18.39870795189852,91.99353975949259,0.6392034076516256,0,0,0.000277512997854501,0.0,"{'Growth Department': 23.0, 'Trading/Opportunity Team': 29.0, 'Compliance Department': -11.0, 'Operations Department': 1.9935397594925863, 'Saboteur Department': 49.0}",26.0,-11.0,1.9935397594925863,,free_rider,wide,49.0
independent,16,0.0,35.17863842383512,True,6.0,7,127.0,19.784205450688773,98.92102725344387,0.4511840438562433,0,0,0.0002385280022281222,0.0,"{'Growth Department': 28.0, 'Trading/Opportunity Team': 28.0, 'Compliance Department': -2.0, 'Operations Department': 3.421027253443871, 'Saboteur Department': 41.5}",28.0,-2.0,3.421027253443871,,free_rider,wide,41.5
independent,17,0.0,37.01763518596399,True,6.0,7,123.0,19.146755832455085,95.73377916227543,0.4795223664708267,0,0,0.0002850460004992783,0.0,"{'Growth Department': 28.0, 'Trading/Opportunity Team': 26.0, 'Compliance Department': -4.0, 'Operations Department': 4.233779162275429, 'Saboteur Department': 41.5}",27.0,-4.0,4.233779162275429,,free_rider,wide,41.5
independent,18,0.0,39.61020528119215,True,7.0,8,142.0,23.883358643320115,119.41679321660058,0.46754967378908124,0,0,0.00025070999981835485,0.0,"{'Growth Department': 31.0, 'Trading/Opportunity Team': 29.0, 'Compliance Department': -3.0, 'Operations Department': 7.4167932166005865, 'Saboteur Department': 55.0}",30.0,-3.0,7.4167932166005865,,free_rider,wide,55.0
independent,19,4.86261518162307,38.9314397596805,True,7.0,8,142.0,23.866448839846417,119.33224419923208,0.4480524327610964,0,0,0.00026109600003110245,0.0,"{'Growth Department': 29.0, 'Trading/Opportunity Team': 29.0, 'Compliance Department': -1.0, 'Operations Department': 7.332244199232079, 'Saboteur Department': 55.0}",29.0,-1.0,7.332244199232079,,free_rider,wide,55.0
voting,0,0.0,27.911699499477933,True,5.0,6,120.0,16.50964236396241,82.54821181981205,0.3074653552456924,30,6,0.00027031700301449746,1.0,"{'Growth Department': 19.0, 'Trading/Opportunity Team': 19.0, 'Compliance Department': 4.0, 'Operations Department': 9.548211819812057, 'Saboteur Department': 31.0}",19.0,4.0,9.548211819812057,,free_rider,wide,31.0
voting,1,2.7725596057689685,40.82431454928765,True,4.0,5,115.0,18.378241455850194,91.89120727925098,0.16371008210375776,25,5,0.00030094799876678735,1.0,"{'Growth Department': 18.0, 'Trading/Opportunity Team': 18.0, 'Compliance Department': 13.0, 'Operations Department': 13.39120727925098, 'Saboteur Department': 29.5}",18.0,13.0,13.39120727925098,,free_rider,wide,29.5
voting,2,0.0,34.55094977214069,True,6.0,7,145.0,23.239426745722977,116.19713372861489,0.19726085982540412,35,7,0.00030311800219351426,1.0,"{'Growth Department': 24.0, 'Trading/Opportunity Team': 24.0, 'Compliance Department': 14.0, 'Operations Department': 15.697133728614883, 'Saboteur Department': 38.5}",24.0,14.0,15.697133728614883,,free_rider,wide,38.5
voting,3,0.0,29.73185730562093,True,6.0,7,135.0,18.62527240164649,93.12636200823246,0.33233828240784347,35,7,0.00027130400121677667,1.0,"{'Growth Department': 22.0, 'Trading/Opportunity Team': 22.0, 'Compliance Department': 2.0, 'Operations Department': 11.626362008232462, 'Saboteur Department': 35.5}",22.0,2.0,11.626362008232462,,free_rider,wide,35.5
voting,4,0.0,30.331259848300828,True,6.0,7,135.0,18.66160893235412,93.3080446617706,0.3309123264474788,35,7,0.0002575249964138493,1.0,"{'Growth Department': 22.0, 'Trading/Opportunity Team': 22.0, 'Compliance Department': 2.0, 'Operations Department': 11.808044661770595, 'Saboteur Department': 35.5}",22.0,2.0,11.808044661770595,,free_rider,wide,35.5
voting,5,0.0,36.06022312933355,True,4.0,5,115.0,17.098907456008583,85.49453728004292,0.22927997169894726,25,5,0.0001609270038898103,1.0,"{'Growth Department': 18.0, 'Trading/Opportunity Team': 18.0, 'Compliance Department': 8.0, 'Operations Department': 11.994537280042923, 'Saboteur Department': 29.5}",18.0,8.0,11.994537280042923,,free_rider,wide,29.5
voting,6,3.669206330779609,31.6222431975072,True,5.0,6,120.0,16.73802604340316,83.69013021701579,0.2978122730668922,30,6,0.00021843799913767725,1.0,"{'Growth Department': 19.0, 'Trading/Opportunity Team': 19.0, 'Compliance Department': 4.0, 'Operations Department': 10.690130217015799, 'Saboteur Department': 31.0}",19.0,4.0,10.690130217015799,,free_rider,wide,31.0
voting,7,0.0,32.57950602735765,True,5.0,6,130.0,18.98130848484258,94.90654242421289,0.2701329368392852,30,6,0.00022125699615571648,1.0,"{'Growth Department': 21.0, 'Trading/Opportunity Team': 21.0, 'Compliance Department': 6.0, 'Operations Department': 12.906542424212883, 'Saboteur Department': 34.0}",21.0,6.0,12.906542424212883,,free_rider,wide,34.0
voting,8,3.906072239198423,36.35071089898001,True,4.0,5,115.0,17.128855104410157,85.64427552205079,0.22817975482959324,25,5,0.0002054189972113818,1.0,"{'Growth Department': 18.0, 'Trading/Opportunity Team': 18.0, 'Compliance Department': 8.0, 'Operations Department': 12.144275522050787, 'Saboteur Department': 29.5}",18.0,8.0,12.144275522050787,,free_rider,wide,29.5
voting,9,0.08294689546795908,37.522059402879634,True,4.0,5,125.0,20.402457450227004,102.01228725113502,0.16066858846858773,25,5,0.00020584999583661556,1.0,"{'Growth Department': 20.0, 'Trading/Opportunity Team': 20.0, 'Compliance Department': 15.0, 'Operations Department': 14.512287251135017, 'Saboteur Department': 32.5}",20.0,15.0,14.512287251135017,,free_rider,wide,32.5
voting,10,0.0,31.17056921954198,True,6.0,7,135.0,19.759623123586355,98.79811561793177,0.27005326555018583,35,7,0.0002835429986589588,1.0,"{'Growth Department': 22.0, 'Trading/Opportunity Team': 22.0, 'Compliance Department': 7.0, 'Operations Department': 12.298115617931767, 'Saboteur Department': 35.5}",22.0,7.0,12.298115617931767,,free_rider,wide,35.5
voting,11,0.0,32.25218352497832,True,4.0,5,115.0,16.935131011498697,84.67565505749349,0.23536561912004822,25,5,0.0002373449970036745,1.0,"{'Growth Department': 18.0, 'Trading/Opportunity Team': 18.0, 'Compliance Department': 8.0, 'Operations Department': 11.175655057493493, 'Saboteur Department': 29.5}",18.0,8.0,11.175655057493493,,free_rider,wide,29.5
voting,12,2.2594084852969623,39.28925134975633,True,4.0,5,125.0,20.481512211245885,102.40756105622943,0.15696058952317635,25,5,0.00023981300182640553,1.0,"{'Growth Department': 20.0, 'Trading/Opportunity Team': 20.0, 'Compliance Department': 15.0, 'Operations Department': 14.907561056229422, 'Saboteur Department': 32.5}",20.0,15.0,14.907561056229422,,free_rider,wide,32.5
voting,13,3.4330804017394563,38.08377185132416,True,4.0,5,115.0,17.206748091357223,86.03374045678612,0.22533605669537504,25,5,0.0002398450014879927,1.0,"{'Growth Department': 18.0, 'Trading/Opportunity Team': 18.0, 'Compliance Department': 8.0, 'Operations Department': 12.533740456786125, 'Saboteur Department': 29.5}",18.0,8.0,12.533740456786125,,free_rider,wide,29.5
voting,14,0.0,33.94239198034948,True,5.0,6,130.0,20.094053988830826,100.47026994415413,0.21311669645398634,30,6,0.0002637349971337244,1.0,"{'Growth Department': 21.0, 'Trading/Opportunity Team': 21.0, 'Compliance Department': 11.0, 'Operations Department': 13.470269944154118, 'Saboteur Department': 34.0}",21.0,11.0,13.470269944154118,,free_rider,wide,34.0
voting,15,0.3576541987062285,34.785673045063945,True,4.0,5,115.0,18.207140382703834,91.03570191351918,0.17104760156599869,25,5,0.00024104800104396418,1.0,"{'Growth Department': 18.0, 'Trading/Opportunity Team': 18.0, 'Compliance Department': 13.0, 'Operations Department': 12.53570191351918, 'Saboteur Department': 29.5}",18.0,13.0,12.53570191351918,,free_rider,wide,29.5
voting,16,0.8506584241380679,35.37537768846931,True,4.0,5,115.0,17.04332992742189,85.21664963710946,0.23133202524511845,25,5,0.00021133499831194058,1.0,"{'Growth Department': 18.0, 'Trading/Opportunity Team': 18.0, 'Compliance Department': 8.0, 'Operations Department': 11.716649637109455, 'Saboteur Department': 29.5}",18.0,8.0,11.716649637109455,,free_rider,wide,29.5
voting,17,0.0,36.384441591856515,True,4.0,5,115.0,17.121641175057995,85.60820587528997,0.2284444283106847,25,5,0.00023377999605145305,1.0,"{'Growth Department': 18.0, 'Trading/Opportunity Team': 18.0, 'Compliance Department': 8.0, 'Operations Department': 12.108205875289965, 'Saboteur Department': 29.5}",18.0,8.0,12.108205875289965,,free_rider,wide,29.5
voting,18,3.940573927276162,34.348409839759675,True,6.0,7,135.0,20.010185685388123,100.05092842694062,0.26166302542950104,35,7,0.0003441240041865967,1.0,"{'Growth Department': 22.0, 'Trading/Opportunity Team': 22.0, 'Compliance Department': 7.0, 'Operations Department': 13.550928426940617, 'Saboteur Department': 35.5}",22.0,7.0,13.550928426940617,,free_rider,wide,35.5
voting,19,0.0,33.586422539323834,True,7.0,8,150.0,24.05211816711782,120.26059083558908,0.19869986917354154,40,8,0.00031049099925439805,1.0,"{'Growth Department': 25.0, 'Trading/Opportunity Team': 25.0, 'Compliance Department': 15.0, 'Operations Department': 15.260590835589085, 'Saboteur Department': 40.0}",25.0,15.0,15.260590835589085,,free_rider,wide,40.0
adaptive_voting,0,3.7380942182599064,28.10046202559168,True,8.0,9,105.0,12.4348498987639,62.1742494938195,0.41384174979112454,45,9,0.0004285670001991093,1.0,"{'Growth Department': 16.0, 'Trading/Opportunity Team': 16.0, 'Compliance Department': 1.0, 'Operations Department': 2.674249493819504, 'Saboteur Department': 26.5}",16.0,1.0,2.674249493819504,,free_rider,wide,26.5
adaptive_voting,1,4.64291860108313,28.829160726222295,True,8.0,9,125.0,14.842331941324943,74.21165970662472,0.4758731479252657,45,9,0.0003847170009976253,1.0,"{'Growth Department': 20.0, 'Trading/Opportunity Team': 20.0, 'Compliance Department': -5.0, 'Operations Department': 6.7116597066247214, 'Saboteur Department': 32.5}",20.0,-5.0,6.7116597066247214,,free_rider,wide,32.5
adaptive_voting,2,2.571585293551105,27.65952864177604,True,14.0,15,175.0,24.115862120382847,120.57931060191423,0.3546900006787347,75,15,0.0005371330043999478,1.0,"{'Growth Department': 30.0, 'Trading/Opportunity Team': 30.0, 'Compliance Department': 5.0, 'Operations Department': 8.079310601914234, 'Saboteur Department': 47.5}",30.0,5.0,8.079310601914234,,free_rider,wide,47.5
adaptive_voting,3,0.9318728066251758,37.28866950768687,True,11.0,12,170.0,29.197364797081242,145.9868239854062,0.1672105752099604,60,12,0.0004942570012644865,1.0,"{'Growth Department': 29.0, 'Trading/Opportunity Team': 29.0, 'Compliance Department': 24.0, 'Operations Department': 17.98682398540622, 'Saboteur Department': 46.0}",29.0,24.0,17.98682398540622,,free_rider,wide,46.0
adaptive_voting,4,0.0,32.06414832641478,True,25.0,26,240.0,37.81779738293826,189.0889869146913,0.2703954963348238,130,26,0.0009204950038110837,1.0,"{'Growth Department': 43.0, 'Trading/Opportunity Team': 43.0, 'Compliance Department': 23.0, 'Operations Department': 13.088986914691297, 'Saboteur Department': 67.0}",43.0,23.0,13.088986914691297,,free_rider,wide,67.0
adaptive_voting,5,2.929529398158433,29.928299781339398,True,14.0,15,155.0,18.122388028889663,90.61194014444831,0.5336517887723801,75,15,0.00041308400250272825,1.0,"{'Growth Department': 26.0, 'Trading/Opportunity Team': 26.0, 'Compliance Department': -9.0, 'Operations Department': 6.111940144448313, 'Saboteur Department': 41.5}",26.0,-9.0,6.111940144448313,,free_rider,wide,41.5
adaptive_voting,6,4.377701381946887,27.195079838105816,True,16.0,17,175.0,19.50902082015623,97.54510410078115,0.6149151094012437,85,17,0.0004358600053819828,1.0,"{'Growth Department': 30.0, 'Trading/Opportunity Team': 30.0, 'Compliance Department': -15.0, 'Operations Department': 5.045104100781142, 'Saboteur Department': 47.5}",30.0,-15.0,5.045104100781142,,free_rider,wide,47.5
adaptive_voting,7,0.0,25.018140993629668,True,11.0,12,140.0,12.838196353955496,64.19098176977748,0.8587437950363677,60,12,0.0004266920004738495,1.0,"{'Growth Department': 23.0, 'Trading/Opportunity Team': 23.0, 'Compliance Department': -22.0, 'Operations Department': 3.1909817697774816, 'Saboteur Department': 37.0}",23.0,-22.0,3.1909817697774816,,free_rider,wide,37.0
adaptive_voting,8,3.926097580572577,23.727621595924816,True,9.0,10,130.0,13.095127041982334,65.47563520991167,0.6935365463878879,50,10,0.00033005500154104084,1.0,"{'Growth Department': 21.0, 'Trading/Opportunity Team': 21.0, 'Compliance Department': -14.0, 'Operations Department': 3.4756352099116716, 'Saboteur Department': 34.0}",21.0,-14.0,3.4756352099116716,,free_rider,wide,34.0
adaptive_voting,9,0.5870430102205972,35.86906629122815,True,6.0,7,135.0,22.16413545451739,110.82067727258695,0.1709379390935771,35,7,0.0002843429974745959,1.0,"{'Growth Department': 22.0, 'Trading/Opportunity Team': 22.0, 'Compliance Department': 17.0, 'Operations Department': 14.320677272586948, 'Saboteur Department': 35.5}",22.0,17.0,14.320677272586948,,free_rider,wide,35.5
adaptive_voting,10,2.2799013876109413,36.32875083503104,True,6.0,7,135.0,22.192910379287433,110.96455189643717,0.16967903858542782,35,7,0.00028354999813018367,1.0,"{'Growth Department': 22.0, 'Trading/Opportunity Team': 22.0, 'Compliance Department': 17.0, 'Operations Department': 14.464551896437175, 'Saboteur Department': 35.5}",22.0,17.0,14.464551896437175,,free_rider,wide,35.5
adaptive_voting,11,2.5476250422688294,27.22336785285684,True,15.0,16,170.0,24.726886627748513,123.63443313874257,0.3097232099251359,80,16,0.0004894529993180186,1.0,"{'Growth Department': 29.0, 'Trading/Opportunity Team': 29.0, 'Compliance Department': 14.0, 'Operations Department': 5.634433138742562, 'Saboteur Department': 46.0}",29.0,14.0,5.634433138742562,,free_rider,wide,46.0
adaptive_voting,12,2.2594084852969623,39.28925134975633,True,4.0,5,125.0,20.481512211245885,102.40756105622943,0.15696058952317635,25,5,0.0002676270014490001,1.0,"{'Growth Department': 20.0, 'Trading/Opportunity Team': 20.0, 'Compliance Department': 15.0, 'Operations Department': 14.907561056229422, 'Saboteur Department': 32.5}",20.0,15.0,14.907561056229422,,free_rider,wide,32.5
adaptive_voting,13,1.6321802074440992,33.94984343651433,True,5.0,6,120.0,17.866110507706807,89.33055253853404,0.2313629368369913,30,6,0.0002537620021030307,1.0,"{'Growth Department': 19.0, 'Trading/Opportunity Team': 19.0, 'Compliance Department': 9.0, 'Operations Department': 11.330552538534036, 'Saboteur Department': 31.0}",19.0,9.0,11.330552538534036,,free_rider,wide,31.0
adaptive_voting,14,0.0,30.484130885118226,True,12.0,13,165.0,23.905726184324106,119.52863092162053,0.30108725711876383,65,13,0.0004514980028034188,1.0,"{'Growth Department': 28.0, 'Trading/Opportunity Team': 28.0, 'Compliance Department': 8.0, 'Operations Department': 11.028630921620525, 'Saboteur Department': 44.5}",28.0,8.0,11.028630921620525,,free_rider,wide,44.5
adaptive_voting,15,2.6924373982906395,26.0651359905854,True,14.0,15,165.0,25.811724478305372,129.05862239152685,0.2568840537147645,75,15,0.0005840330049977638,1.0,"{'Growth Department': 28.0, 'Trading/Opportunity Team': 28.0, 'Compliance Department': 23.0, 'Operations Department': 5.558622391526859, 'Saboteur Department': 44.5}",28.0,23.0,5.558622391526859,,free_rider,wide,44.5
adaptive_voting,16,3.4020773096880816,29.647745761153775,True,21.0,22,200.0,24.24781214705833,121.23906073529164,0.5237946856462059,110,22,0.0007341800010181032,1.0,"{'Growth Department': 35.0, 'Trading/Opportunity Team': 35.0, 'Compliance Department': -10.0, 'Operations Department': 6.239060735291646, 'Saboteur Department': 55.0}",35.0,-10.0,6.239060735291646,,free_rider,wide,55.0
adaptive_voting,17,2.723937327663224,30.73183190148756,True,16.0,17,165.0,22.859747759035844,114.29873879517922,0.3408699813711319,85,17,0.0006024110043654218,1.0,"{'Growth Department': 28.0, 'Trading/Opportunity Team': 28.0, 'Compliance Department': 8.0, 'Operations Department': 5.798738795179226, 'Saboteur Department': 44.5}",28.0,8.0,5.798738795179226,,free_rider,wide,44.5
adaptive_voting,18,0.0,30.315121313507532,True,11.0,12,150.0,19.790296727993393,98.95148363996697,0.3882650884124331,60,12,0.00037956400046823546,1.0,"{'Growth Department': 25.0, 'Trading/Opportunity Team': 25.0, 'Compliance Department': 0.0, 'Operations Department': 8.951483639966973, 'Saboteur Department': 40.0}",25.0,0.0,8.951483639966973,,free_rider,wide,40.0
adaptive_voting,19,2.4050119008785753,30.55790831931956,True,9.0,10,150.0,22.294770601661078,111.47385300830538,0.2638328002754745,50,10,0.00032868400012375787,1.0,"{'Growth Department': 25.0, 'Trading/Opportunity Team': 25.0, 'Compliance Department': 10.0, 'Operations Department': 11.473853008305383, 'Saboteur Department': 40.0}",25.0,10.0,11.473853008305383,,free_rider,wide,40.0
centralized_profit,0,0.0,36.95988306211241,True,6.0,7,111.0,16.41453141015493,82.07265705077465,0.49920325053377124,42,7,0.00033996000274783,0.2857142857142857,"{'Growth Department': 24.0, 'Trading/Opportunity Team': 24.0, 'Compliance Department': -6.0, 'Operations Department': 4.572657050774655, 'Saboteur Department': 35.5}",24.0,-6.0,4.572657050774655,,free_rider,wide,35.5
centralized_profit,1,3.360534014657743,43.620786718872516,True,8.0,9,129.0,19.348379880818126,96.74189940409063,0.5199736675444758,54,9,0.0003216780023649335,0.4444444444444444,"{'Growth Department': 26.0, 'Trading/Opportunity Team': 28.0, 'Compliance Department': -7.0, 'Operations Department': 5.2418994040906295, 'Saboteur Department': 44.5}",27.0,-7.0,5.2418994040906295,,free_rider,wide,44.5
centralized_profit,2,3.145772780734008,37.96087458091097,True,8.0,9,147.0,23.250678426620137,116.25339213310069,0.4687918532679305,54,9,0.0003087349978159182,0.3333333333333333,"{'Growth Department': 28.0, 'Trading/Opportunity Team': 34.0, 'Compliance Department': -5.0, 'Operations Department': 8.753392133100686, 'Saboteur Department': 50.5}",31.0,-5.0,8.753392133100686,,free_rider,wide,50.5
centralized_profit,3,0.6502596788235628,34.335086254328175,True,9.0,10,148.0,24.056011632174073,120.28005816087037,0.444695301561241,60,10,0.00034164899989264086,0.4,"{'Growth Department': 31.0, 'Trading/Opportunity Team': 33.0, 'Compliance Department': -1.0, 'Operations Department': 5.2800581608703645, 'Saboteur Department': 52.0}",32.0,-1.0,5.2800581608703645,,free_rider,wide,52.0
centralized_profit,4,4.284828722214545,36.98164625833226,True,7.0,8,134.0,21.672803309667376,108.36401654833688,0.46744662106604673,48,8,0.0002782599985948764,0.25,"{'Growth Department': 25.0, 'Trading/Opportunity Team': 31.0, 'Compliance Department': -1.0, 'Operations Department': 4.364016548336873, 'Saboteur Department': 49.0}",28.0,-1.0,4.364016548336873,,free_rider,wide,49.0
centralized_profit,5,3.5654322985224827,35.82503535763376,True,6.0,7,121.0,17.64529726744326,88.22648633721631,0.55889571842003,42,7,0.0002575370017439127,0.2857142857142857,"{'Growth Department': 26.0, 'Trading/Opportunity Team': 26.0, 'Compliance Department': -9.0, 'Operations Department': 3.7264863372163184, 'Saboteur Department': 41.5}",26.0,-9.0,3.7264863372163184,,free_rider,wide,41.5
centralized_profit,6,0.0,33.20948649550768,True,8.0,9,145.0,22.253999820590273,111.26999910295137,0.48972769657705584,54,9,0.00027359900559531525,0.3333333333333333,"{'Growth Department': 32.0, 'Trading/Opportunity Team': 34.0, 'Compliance Department': -5.0, 'Operations Department': 2.7699991029513704, 'Saboteur Department': 47.5}",33.0,-5.0,2.7699991029513704,,free_rider,wide,47.5
centralized_profit,7,0.5931939252598006,34.54470183592226,True,7.0,8,138.0,21.259448365099615,106.29724182549808,0.533232116811185,48,8,0.00031758800469106063,0.25,"{'Growth Department': 31.0, 'Trading/Opportunity Team': 31.0, 'Compliance Department': -8.0, 'Operations Department': 3.2972418254980793, 'Saboteur Department': 49.0}",31.0,-8.0,3.2972418254980793,,free_rider,wide,49.0
centralized_profit,8,1.8885321189202813,35.192007543128305,True,6.0,7,129.0,20.41083575350799,102.05417876753995,0.46032733848157,42,7,0.0002454369969200343,0.14285714285714285,"{'Growth Department': 28.0, 'Trading/Opportunity Team': 28.0, 'Compliance Department': -2.0, 'Operations Department': 3.5541787675399474, 'Saboteur Department': 44.5}",28.0,-2.0,3.5541787675399474,,free_rider,wide,44.5
centralized_profit,9,0.0,34.84236089508215,True,8.0,9,145.0,22.42081930317662,112.10409651588311,0.45456288376069187,54,9,0.0002847889991244301,0.4444444444444444,"{'Growth Department': 30.0, 'Trading/Opportunity Team': 30.0, 'Compliance Department': -7.0, 'Operations Department': 11.604096515883114, 'Saboteur Department': 47.5}",30.0,-7.0,11.604096515883114,,free_rider,wide,47.5
centralized_profit,10,0.0,35.65463550221902,True,7.0,8,142.0,22.971396470877288,114.85698235438645,0.37313540874695195,48,8,0.0002733430010266602,0.25,"{'Growth Department': 27.0, 'Trading/Opportunity Team': 31.0, 'Compliance Department': 5.0, 'Operations Department': 5.856982354386442, 'Saboteur Department': 46.0}",29.0,5.0,5.856982354386442,,free_rider,wide,46.0
centralized_profit,11,2.630761047901963,34.79694221744975,True,6.0,7,127.0,19.870173260084727,99.35086630042363,0.47165822729852486,42,7,0.0002609430011943914,0.0,"{'Growth Department': 28.0, 'Trading/Opportunity Team': 30.0, 'Compliance Department': -4.0, 'Operations Department': 3.8508663004236237, 'Saboteur Department': 41.5}",29.0,-4.0,3.8508663004236237,,free_rider,wide,41.5
centralized_profit,12,0.0,34.26954984804241,True,7.0,8,142.0,21.99887230164839,109.99436150824195,0.49459131041573273,48,8,0.0003408129996387288,0.25,"{'Growth Department': 31.0, 'Trading/Opportunity Team': 31.0, 'Compliance Department': -6.0, 'Operations Department': 4.994361508241948, 'Saboteur Department': 49.0}",31.0,-6.0,4.994361508241948,,free_rider,wide,49.0
centralized_profit,13,4.964107930546321,38.159692496706654,True,6.0,7,125.0,19.63547778192173,98.17738890960864,0.42503721986919246,42,7,0.00027359299565432593,0.2857142857142857,"{'Growth Department': 26.0, 'Trading/Opportunity Team': 26.0, 'Compliance Department': 0.0, 'Operations Department': 4.677388909608636, 'Saboteur Department': 41.5}",26.0,0.0,4.677388909608636,,free_rider,wide,41.5
centralized_profit,14,0.47651797246311745,36.676026550355324,True,9.0,10,156.0,25.913683334696437,129.56841667348218,0.39649039981763695,60,10,0.00040683900442672893,0.4,"{'Growth Department': 33.0, 'Trading/Opportunity Team': 35.0, 'Compliance Department': 1.0, 'Operations Department': 8.568416673482176, 'Saboteur Department': 52.0}",34.0,1.0,8.568416673482176,,free_rider,wide,52.0
centralized_profit,15,2.1825617406784694,30.351257073208046,True,7.0,8,126.0,17.24889869278666,86.2444934639333,0.6249929757772665,48,8,0.00030503900052281097,0.25,"{'Growth Department': 23.0, 'Trading/Opportunity Team': 29.0, 'Compliance Department': -11.0, 'Operations Department': 2.244493463933294, 'Saboteur Department': 43.0}",26.0,-11.0,2.244493463933294,,free_rider,wide,43.0
centralized_profit,16,1.2205011507414056,35.35299573108389,True,6.0,7,125.0,19.19885146449767,95.99425732248835,0.43963355984127217,42,7,0.00028169100551167503,0.14285714285714285,"{'Growth Department': 28.0, 'Trading/Opportunity Team': 28.0, 'Compliance Department': -2.0, 'Operations Department': 3.4942573224883553, 'Saboteur Department': 38.5}",28.0,-2.0,3.4942573224883553,,free_rider,wide,38.5
centralized_profit,17,0.0,34.67578714094227,True,7.0,8,128.0,18.66615004236457,93.33075021182285,0.5214540738697051,48,8,0.0004974679977749474,0.25,"{'Growth Department': 29.0, 'Trading/Opportunity Team': 29.0, 'Compliance Department': -8.0, 'Operations Department': 3.3307502118228385, 'Saboteur Department': 40.0}",29.0,-8.0,3.3307502118228385,,free_rider,wide,40.0
centralized_profit,18,3.7844540541151375,42.20380851945937,True,7.0,8,138.0,23.93234455419377,119.66172277096885,0.38889053085655884,48,8,0.0003167950053466484,0.125,"{'Growth Department': 29.0, 'Trading/Opportunity Team': 31.0, 'Compliance Department': 2.0, 'Operations Department': 8.661722770968856, 'Saboteur Department': 49.0}",30.0,2.0,8.661722770968856,,free_rider,wide,49.0
centralized_profit,19,4.783598160413099,40.335988098674136,True,8.0,9,149.0,25.139633275357983,125.69816637678991,0.42260547612166877,54,9,0.0002861280008801259,0.2222222222222222,"{'Growth Department': 30.0, 'Trading/Opportunity Team': 34.0, 'Compliance Department': 0.0, 'Operations Department': 8.19816637678991, 'Saboteur Department': 53.5}",32.0,0.0,8.19816637678991,,free_rider,wide,53.5
centralized_sustainability,0,58.36393483878798,60.22715637972149,False,,100,638.0,139.41401454593097,697.0700727296548,0.08140349734722178,600,100,0.001986122995731421,0.99,"{'Growth Department': 128.0, 'Trading/Opportunity Team': 128.0, 'Compliance Department': 128.0, 'Operations Department': 121.07007272965484, 'Saboteur Department': 192.0}",128.0,128.0,121.07007272965484,,free_rider,wide,192.0
centralized_sustainability,1,52.33653234076404,63.68960751524239,False,,100,662.0,145.7648894957775,728.8244474788876,0.08132304180172537,600,100,0.0019479900001897477,0.99,"{'Growth Department': 134.0, 'Trading/Opportunity Team': 128.0, 'Compliance Department': 134.0, 'Operations Department': 131.82444747888758, 'Saboteur Department': 201.0}",131.0,134.0,131.82444747888758,,free_rider,wide,201.0
centralized_sustainability,2,3.4839235137269355,48.5591182327971,True,47.0,48,366.0,68.32923434263954,341.6461717131977,0.17527801447080743,288,48,0.0010597189975669608,0.9375,"{'Growth Department': 67.0, 'Trading/Opportunity Team': 69.0, 'Compliance Department': 56.0, 'Operations Department': 40.64617171319771, 'Saboteur Department': 109.0}",68.0,56.0,40.64617171319771,,free_rider,wide,109.0
centralized_sustainability,3,54.57062974785414,61.447089632837624,False,,100,696.0,151.99619878973917,759.9809939486959,0.08739061288357278,600,100,0.0020579669944709167,0.96,"{'Growth Department': 140.0, 'Trading/Opportunity Team': 140.0, 'Compliance Department': 142.0, 'Operations Department': 127.98099394869587, 'Saboteur Department': 210.0}",140.0,142.0,127.98099394869587,,free_rider,wide,210.0
centralized_sustainability,4,27.33479489825981,57.25344659736416,False,,100,726.0,157.021306521906,785.1065326095301,0.09873153603082763,600,100,0.0019871609983965755,0.95,"{'Growth Department': 148.0, 'Trading/Opportunity Team': 148.0, 'Compliance Department': 148.0, 'Operations Department': 122.10653260953009, 'Saboteur Department': 219.0}",148.0,148.0,122.10653260953009,,free_rider,wide,219.0
centralized_sustainability,5,60.71947449087075,62.339579639441226,False,,100,668.0,146.61892705625354,733.0946352812678,0.08174154998691865,600,100,0.0029058939981041476,0.98,"{'Growth Department': 132.0, 'Trading/Opportunity Team': 136.0, 'Compliance Department': 136.0, 'Operations Department': 128.09463528126776, 'Saboteur Department': 201.0}",134.0,136.0,128.09463528126776,,free_rider,wide,201.0
centralized_sustainability,6,59.211346062389126,62.778076978644975,False,,100,690.0,151.3957278893136,756.9786394465681,0.08034188188877991,600,100,0.002255379004054703,0.97,"{'Growth Department': 140.0, 'Trading/Opportunity Team': 138.0, 'Compliance Department': 140.0, 'Operations Department': 131.97863944656808, 'Saboteur Department': 207.0}",139.0,140.0,131.97863944656808,,free_rider,wide,207.0
centralized_sustainability,7,4.687425786189529,62.44210305562731,True,92.0,93,647.0,133.69553945410198,668.4776972705099,0.09756173235081125,558,93,0.0022094230007496662,0.967741935483871,"{'Growth Department': 126.0, 'Trading/Opportunity Team': 126.0, 'Compliance Department': 116.0, 'Operations Department': 111.97769727050986, 'Saboteur Department': 188.5}",126.0,116.0,111.97769727050986,,free_rider,wide,188.5
centralized_sustainability,8,3.467646072142845,56.33893089036143,True,75.0,76,574.0,107.9535870187389,539.7679350936945,0.18024936206266826,456,76,0.0021291609955369495,0.9342105263157895,"{'Growth Department': 109.0, 'Trading/Opportunity Team': 113.0, 'Compliance Department': 68.0, 'Operations Department': 77.76793509369452, 'Saboteur Department': 172.0}",111.0,68.0,77.76793509369452,,free_rider,wide,172.0
centralized_sustainability,9,71.286001912901,63.997425632005886,False,,100,672.0,147.98243742150547,739.9121871075273,0.08118564791966118,600,100,0.002430582004308235,0.97,"{'Growth Department': 136.0, 'Trading/Opportunity Team': 134.0, 'Compliance Department': 136.0, 'Operations Department': 129.9121871075273, 'Saboteur Department': 204.0}",135.0,136.0,129.9121871075273,,free_rider,wide,204.0
centralized_sustainability,10,62.66721018723878,58.79364204849175,False,,100,672.0,146.43588038495568,732.1794019247784,0.09814053532683183,600,100,0.0028345989994704723,0.96,"{'Growth Department': 134.0, 'Trading/Opportunity Team': 134.0, 'Compliance Department': 138.0, 'Operations Department': 119.17940192477835, 'Saboteur Department': 207.0}",134.0,138.0,119.17940192477835,,free_rider,wide,207.0
centralized_sustainability,11,58.25175165565163,55.24186079325305,False,,100,696.0,149.27712864846143,746.3856432423071,0.10033886112924809,600,100,0.002648339002917055,0.95,"{'Growth Department': 142.0, 'Trading/Opportunity Team': 142.0, 'Compliance Department': 142.0, 'Operations Department': 113.38564324230708, 'Saboteur Department': 207.0}",142.0,142.0,113.38564324230708,,free_rider,wide,207.0
centralized_sustainability,12,65.84796954613367,58.58496136244987,False,,100,674.0,146.51635337801753,732.5817668900876,0.08454289921908771,600,100,0.0026441309964866377,0.98,"{'Growth Department': 136.0, 'Trading/Opportunity Team': 136.0, 'Compliance Department': 136.0, 'Operations Department': 123.58176689008761, 'Saboteur Department': 201.0}",136.0,136.0,123.58176689008761,,free_rider,wide,201.0
centralized_sustainability,13,72.58742415293489,56.73157032209103,False,,100,698.0,150.01023943001294,750.0511971500647,0.10233840379377579,600,100,0.0024100420050672255,0.94,"{'Growth Department': 142.0, 'Trading/Opportunity Team': 142.0, 'Compliance Department': 142.0, 'Operations Department': 114.05119715006467, 'Saboteur Department': 210.0}",142.0,142.0,114.05119715006467,,free_rider,wide,210.0
centralized_sustainability,14,62.78549872398278,60.89806035568759,False,,100,672.0,146.86554289203403,734.3277144601701,0.08570809352896572,600,100,0.0025656059951870702,0.99,"{'Growth Department': 134.0, 'Trading/Opportunity Team': 134.0, 'Compliance Department': 136.0, 'Operations Department': 126.3277144601701, 'Saboteur Department': 204.0}",134.0,136.0,126.3277144601701,,free_rider,wide,204.0
centralized_sustainability,15,68.30203363859442,62.698174077510714,False,,100,694.0,152.93977485944183,764.6988742972092,0.08819275512104507,600,100,0.0024660180060891435,0.95,"{'Growth Department': 142.0, 'Trading/Opportunity Team': 136.0, 'Compliance Department': 142.0, 'Operations Department': 131.69887429720922, 'Saboteur Department': 213.0}",139.0,142.0,131.69887429720922,,free_rider,wide,213.0
centralized_sustainability,16,44.029147253552125,60.91785996314382,False,,100,694.0,151.45934984442562,757.2967492221281,0.08419764205747934,600,100,0.0027211140040890314,0.96,"{'Growth Department': 140.0, 'Trading/Opportunity Team': 140.0, 'Compliance Department': 142.0, 'Operations Department': 128.2967492221281, 'Saboteur Department': 207.0}",140.0,142.0,128.2967492221281,,free_rider,wide,207.0
centralized_sustainability,17,64.55287257839443,58.760861763695054,False,,100,668.0,146.01720536423562,730.0860268211782,0.08756663762134469,600,100,0.002301662003446836,0.96,"{'Growth Department': 136.0, 'Trading/Opportunity Team': 136.0, 'Compliance Department': 136.0, 'Operations Department': 121.08602682117815, 'Saboteur Department': 201.0}",136.0,136.0,121.08602682117815,,free_rider,wide,201.0
centralized_sustainability,18,60.64988622845914,60.44579821008245,False,,100,648.0,142.09491508711116,710.4745754355558,0.08842025010260705,600,100,0.002041400999587495,0.98,"{'Growth Department': 130.0, 'Trading/Opportunity Team': 130.0, 'Compliance Department': 132.0, 'Operations Department': 120.47457543555578, 'Saboteur Department': 198.0}",130.0,132.0,120.47457543555578,,free_rider,wide,198.0
centralized_sustainability,19,62.418225880726325,63.09873955377032,False,,100,656.0,144.31666418900028,721.5833209450013,0.07649844224185909,600,100,0.0020204050015308894,1.0,"{'Growth Department': 130.0, 'Trading/Opportunity Team': 130.0, 'Compliance Department': 132.0, 'Operations Department': 131.5833209450014, 'Saboteur Department': 198.0}",130.0,132.0,131.5833209450014,,free_rider,wide,198.0
centralized_risk_averse,0,0.0,36.29480406752689,True,6.0,7,111.0,16.558664774609746,82.79332387304873,0.5251953710356492,42,7,0.00031179600046016276,0.14285714285714285,"{'Growth Department': 24.0, 'Trading/Opportunity Team': 22.0, 'Compliance Department': -6.0, 'Operations Department': 4.293323873048731, 'Saboteur Department': 38.5}",23.0,-6.0,4.293323873048731,,free_rider,wide,38.5
centralized_risk_averse,1,1.1783041662846685,39.78286328990419,True,6.0,7,125.0,20.092133712757523,100.46066856378762,0.4620289038292954,42,7,0.0003009270003531128,0.0,"{'Growth Department': 26.0, 'Trading/Opportunity Team': 20.0, 'Compliance Department': -2.0, 'Operations Department': 8.960668563787618, 'Saboteur Department': 47.5}",23.0,-2.0,8.960668563787618,,free_rider,wide,47.5
centralized_risk_averse,2,0.8925624032180455,37.15878645813345,True,8.0,9,149.0,24.164052909360166,120.82026454680083,0.505477242665885,54,9,0.00031059799948707223,0.1111111111111111,"{'Growth Department': 26.0, 'Trading/Opportunity Team': 32.0, 'Compliance Department': -5.0, 'Operations Department': 8.320264546800828, 'Saboteur Department': 59.5}",29.0,-5.0,8.320264546800828,,free_rider,wide,59.5
centralized_risk_averse,3,0.0,33.57689094124019,True,8.0,9,145.0,22.862105503308634,114.31052751654316,0.5395460097448762,54,9,0.00028214100166223943,0.2222222222222222,"{'Growth Department': 32.0, 'Trading/Opportunity Team': 28.0, 'Compliance Department': -7.0, 'Operations Department': 4.8105275165431625, 'Saboteur Department': 56.5}",30.0,-7.0,4.8105275165431625,,free_rider,wide,56.5
centralized_risk_averse,4,4.284828722214545,36.98164625833226,True,7.0,8,134.0,21.672803309667376,108.36401654833688,0.46744662106604673,48,8,0.0002692679991014302,0.25,"{'Growth Department': 25.0, 'Trading/Opportunity Team': 31.0, 'Compliance Department': -1.0, 'Operations Department': 4.364016548336873, 'Saboteur Department': 49.0}",28.0,-1.0,4.364016548336873,,free_rider,wide,49.0
centralized_risk_averse,5,0.0,35.02997360070198,True,6.0,7,125.0,18.778512079860995,93.89256039930497,0.5777132459653271,42,7,0.00022705999435856938,0.0,"{'Growth Department': 26.0, 'Trading/Opportunity Team': 26.0, 'Compliance Department': -9.0, 'Operations Department': 3.392560399304969, 'Saboteur Department': 47.5}",26.0,-9.0,3.392560399304969,,free_rider,wide,47.5
centralized_risk_averse,6,0.0,35.74898730668607,True,8.0,9,149.0,24.72826590819754,123.6413295409877,0.41687895443180273,54,9,0.0002696680021472275,0.2222222222222222,"{'Growth Department': 30.0, 'Trading/Opportunity Team': 32.0, 'Compliance Department': 2.0, 'Operations Department': 6.141329540987698, 'Saboteur Department': 53.5}",31.0,2.0,6.141329540987698,,free_rider,wide,53.5
centralized_risk_averse,7,0.0,34.220552595264785,True,7.0,8,142.0,22.4283300379965,112.1416501899825,0.5488000205074975,48,8,0.0002308510011062026,0.0,"{'Growth Department': 31.0, 'Trading/Opportunity Team': 31.0, 'Compliance Department': -8.0, 'Operations Department': 3.1416501899824922, 'Saboteur Department': 55.0}",31.0,-8.0,3.1416501899824922,,free_rider,wide,55.0
centralized_risk_averse,8,0.0,34.92221724042541,True,6.0,7,131.0,20.988173368080947,104.94086684040474,0.4709666953580836,42,7,0.00025014099810505286,0.0,"{'Growth Department': 28.0, 'Trading/Opportunity Team': 28.0, 'Compliance Department': -2.0, 'Operations Department': 3.4408668404047305, 'Saboteur Department': 47.5}",28.0,-2.0,3.4408668404047305,,free_rider,wide,47.5
centralized_risk_averse,9,0.0,34.877525994780136,True,7.0,8,144.0,23.706086822006643,118.53043411003321,0.4369158583179697,48,8,0.0002600450025056489,0.125,"{'Growth Department': 31.0, 'Trading/Opportunity Team': 27.0, 'Compliance Department': -3.0, 'Operations Department': 11.53043411003322, 'Saboteur Department': 52.0}",29.0,-3.0,11.53043411003322,,free_rider,wide,52.0
centralized_risk_averse,10,0.0,36.7913320858327,True,7.0,8,142.0,23.280519342904203,116.40259671452101,0.3800513267129967,48,8,0.0002753309963736683,0.25,"{'Growth Department': 27.0, 'Trading/Opportunity Team': 29.0, 'Compliance Department': 5.0, 'Operations Department': 6.402596714521005, 'Saboteur Department': 49.0}",28.0,5.0,6.402596714521005,,free_rider,wide,49.0
centralized_risk_averse,11,1.1905009408780707,32.50529885141544,True,8.0,9,139.0,21.257802389771815,106.28901194885907,0.5351860383068222,54,9,0.0003800529957516119,0.3333333333333333,"{'Growth Department': 30.0, 'Trading/Opportunity Team': 30.0, 'Compliance Department': -7.0, 'Operations Department': 2.789011948859068, 'Saboteur Department': 50.5}",30.0,-7.0,2.789011948859068,,free_rider,wide,50.5
centralized_risk_averse,12,1.7578935641693114,38.59377125490561,True,6.0,7,135.0,22.05087230164839,110.25436150824194,0.4435040458063682,42,7,0.00030385300487978384,0.0,"{'Growth Department': 30.0, 'Trading/Opportunity Team': 28.0, 'Compliance Department': -2.0, 'Operations Department': 6.7543615082419475, 'Saboteur Department': 47.5}",29.0,-2.0,6.7543615082419475,,free_rider,wide,47.5
centralized_risk_averse,13,1.5914177550532802,36.32554294167055,True,6.0,7,127.0,19.281409219298695,96.40704609649347,0.5273181123143205,42,7,0.00024454800586681813,0.0,"{'Growth Department': 26.0, 'Trading/Opportunity Team': 24.0, 'Compliance Department': -5.0, 'Operations Department': 3.907046096493475, 'Saboteur Department': 47.5}",25.0,-5.0,3.907046096493475,,free_rider,wide,47.5
centralized_risk_averse,14,4.089982880196953,36.882116382899646,True,8.0,9,147.0,23.640232477631066,118.20116238815532,0.522156752080491,54,9,0.0003967649972764775,0.2222222222222222,"{'Growth Department': 34.0, 'Trading/Opportunity Team': 28.0, 'Compliance Department': -7.0, 'Operations Department': 6.701162388155322, 'Saboteur Department': 56.5}",31.0,-7.0,6.701162388155322,,free_rider,wide,56.5
centralized_risk_averse,15,0.0,28.125144025381456,True,8.0,9,137.0,18.672693568499884,93.36346784249942,0.7117838957643113,54,9,0.00030261099891504273,0.2222222222222222,"{'Growth Department': 24.0, 'Trading/Opportunity Team': 30.0, 'Compliance Department': -15.0, 'Operations Department': 0.863467842499416, 'Saboteur Department': 53.5}",27.0,-15.0,0.863467842499416,,free_rider,wide,53.5
centralized_risk_averse,16,0.0,36.329357095584804,True,7.0,8,134.0,21.616818104262766,108.08409052131383,0.477094857742322,48,8,0.00031198599754134193,0.125,"{'Growth Department': 29.0, 'Trading/Opportunity Team': 29.0, 'Compliance Department': -3.0, 'Operations Department': 4.084090521313829, 'Saboteur Department': 49.0}",29.0,-3.0,4.084090521313829,,free_rider,wide,49.0
centralized_risk_averse,17,0.0,38.90562183608911,True,7.0,8,124.0,18.523076286895552,92.61538143447775,0.5717608307176487,48,8,0.0003371540005900897,0.125,"{'Growth Department': 27.0, 'Trading/Opportunity Team': 25.0, 'Compliance Department': -8.0, 'Operations Department': 2.6153814344777544, 'Saboteur Department': 46.0}",26.0,-8.0,2.6153814344777544,,free_rider,wide,46.0
centralized_risk_averse,18,0.0,40.676996262572764,True,7.0,8,142.0,24.785770577532656,123.92885288766328,0.39723161877047614,48,8,0.00027342900284565985,0.125,"{'Growth Department': 31.0, 'Trading/Opportunity Team': 31.0, 'Compliance Department': 2.0, 'Operations Department': 7.9288528876632824, 'Saboteur Department': 52.0}",31.0,2.0,7.9288528876632824,,free_rider,wide,52.0
centralized_risk_averse,19,0.0,36.197997604091995,True,8.0,9,151.0,24.538414364159024,122.69207182079512,0.5047039336178736,54,9,0.00028689299506368116,0.1111111111111111,"{'Growth Department': 32.0, 'Trading/Opportunity Team': 30.0, 'Compliance Department': -5.0, 'Operations Department': 6.1920718207951175, 'Saboteur Department': 59.5}",31.0,-5.0,6.1920718207951175,,free_rider,wide,59.5
structured_debate,0,4.684736926275193,41.589215561743664,True,6.0,7,103.0,15.803395340123956,79.01697670061978,0.37704820614224294,105,14,0.00037966499803587794,0.5714285714285714,"{'Growth Department': 22.0, 'Trading/Opportunity Team': 20.0, 'Compliance Department': -1.0, 'Operations Department': 8.516976700619775, 'Saboteur Department': 29.5}",21.0,-1.0,8.516976700619775,,free_rider,wide,29.5
structured_debate,1,0.0,36.24833645233248,True,9.0,10,146.0,23.12817357068547,115.64086785342734,0.5027950234023241,150,20,0.0004303250025259331,0.4,"{'Growth Department': 29.0, 'Trading/Opportunity Team': 25.0, 'Compliance Department': -4.0, 'Operations Department': 7.640867853427338, 'Saboteur Department': 58.0}",27.0,-4.0,7.640867853427338,,free_rider,wide,58.0
structured_debate,2,0.0,34.08475831412101,True,13.0,14,182.0,27.87695462601016,139.3847731300508,0.5240607643693271,210,28,0.0005441079993033782,0.5714285714285714,"{'Growth Department': 33.0, 'Trading/Opportunity Team': 39.0, 'Compliance Department': -10.0, 'Operations Department': 10.38477313005081, 'Saboteur Department': 67.0}",36.0,-10.0,10.38477313005081,,free_rider,wide,67.0
structured_debate,3,2.5938273360367363,34.7369655609087,True,10.0,11,151.0,23.75821496314069,118.79107481570345,0.49737381503941175,165,22,0.0004668019973905757,0.5454545454545454,"{'Growth Department': 32.0, 'Trading/Opportunity Team': 28.0, 'Compliance Department': -5.0, 'Operations Department': 7.291074815703454, 'Saboteur Department': 56.5}",30.0,-5.0,7.291074815703454,,free_rider,wide,56.5
structured_debate,4,0.0,36.71254657539538,True,9.0,10,152.0,24.669532551596056,123.34766275798027,0.5144883452013536,150,20,0.00039318299968726933,0.3,"{'Growth Department': 25.0, 'Trading/Opportunity Team': 35.0, 'Compliance Department': -4.0, 'Operations Department': 6.347662757980276, 'Saboteur Department': 61.0}",30.0,-4.0,6.347662757980276,,free_rider,wide,61.0
structured_debate,5,4.792958528364036,33.44342830538492,True,11.0,12,148.0,22.279847973377457,111.39923986688729,0.47612806080745074,180,24,0.00042860599933192134,0.8333333333333334,"{'Growth Department': 31.0, 'Trading/Opportunity Team': 31.0, 'Compliance Department': -4.0, 'Operations Department': 4.39923986688728, 'Saboteur Department': 49.0}",31.0,-4.0,4.39923986688728,,free_rider,wide,49.0
structured_debate,6,0.0,35.06696535843476,True,12.0,13,171.0,26.716520098378215,133.58260049189107,0.4758625716910065,195,26,0.00047506300325039774,0.6923076923076923,"{'Growth Department': 36.0, 'Trading/Opportunity Team': 36.0, 'Compliance Department': -6.0, 'Operations Department': 8.08260049189106, 'Saboteur Department': 59.5}",36.0,-6.0,8.08260049189106,,free_rider,wide,59.5
structured_debate,7,0.0,36.551927929045654,True,11.0,12,162.0,26.15068915699377,130.75344578496885,0.45963317697070805,180,24,0.0004522200033534318,0.6666666666666666,"{'Growth Department': 35.0, 'Trading/Opportunity Team': 33.0, 'Compliance Department': -4.0, 'Operations Department': 8.753445784968854, 'Saboteur Department': 58.0}",34.0,-4.0,8.753445784968854,,free_rider,wide,58.0
structured_debate,8,0.0,32.62107892433333,True,12.0,13,167.0,25.52525165743288,127.62625828716439,0.5104709450820469,195,26,0.000514070998178795,0.6923076923076923,"{'Growth Department': 34.0, 'Trading/Opportunity Team': 36.0, 'Compliance Department': -6.0, 'Operations Department': 4.126258287164395, 'Saboteur Department': 59.5}",35.0,-6.0,4.126258287164395,,free_rider,wide,59.5
structured_debate,9,4.742355244943742,35.52299601855178,True,12.0,13,163.0,24.92980749158158,124.64903745790791,0.4905002578738967,195,26,0.00047991400060709566,0.7692307692307693,"{'Growth Department': 34.0, 'Trading/Opportunity Team': 32.0, 'Compliance Department': -8.0, 'Operations Department': 10.149037457907909, 'Saboteur Department': 56.5}",33.0,-8.0,10.149037457907909,,free_rider,wide,56.5
structured_debate,10,1.2232905310413145,37.10229176851513,True,9.0,10,152.0,24.34699919219995,121.73499596099974,0.45431472830802494,150,20,0.0003900849987985566,0.4,"{'Growth Department': 27.0, 'Trading/Opportunity Team': 33.0, 'Compliance Department': -2.0, 'Operations Department': 8.734995960999743, 'Saboteur Department': 55.0}",30.0,-2.0,8.734995960999743,,free_rider,wide,55.0
structured_debate,11,0.7166537039822067,34.19660907345494,True,10.0,11,155.0,24.461182511515,122.30591255757498,0.4748554976819309,165,22,0.00045206600043457,0.5454545454545454,"{'Growth Department': 34.0, 'Trading/Opportunity Team': 34.0, 'Compliance Department': -5.0, 'Operations Department': 5.805912557574991, 'Saboteur Department': 53.5}",34.0,-5.0,5.805912557574991,,free_rider,wide,53.5
structured_debate,12,3.0764068218398517,36.418380997022226,True,11.0,12,162.0,25.88124237980752,129.4062118990376,0.434581264802507,180,24,0.0005707420059479773,0.6666666666666666,"{'Growth Department': 35.0, 'Trading/Opportunity Team': 33.0, 'Compliance Department': -2.0, 'Operations Department': 8.406211899037588, 'Saboteur Department': 55.0}",34.0,-2.0,8.406211899037588,,free_rider,wide,55.0
structured_debate,13,3.8835871715627697,34.45265286307867,True,10.0,11,149.0,22.908597814976112,114.54298907488055,0.4468436242447618,165,22,0.00044409399561118335,0.7272727272727273,"{'Growth Department': 30.0, 'Trading/Opportunity Team': 30.0, 'Compliance Department': -1.0, 'Operations Department': 5.042989074880552, 'Saboteur Department': 50.5}",30.0,-1.0,5.042989074880552,,free_rider,wide,50.5
structured_debate,14,0.0,35.017699316783684,True,12.0,13,175.0,28.87532124207205,144.37660621036025,0.463020701694946,195,26,0.0004831990008824505,0.5384615384615384,"{'Growth Department': 38.0, 'Trading/Opportunity Team': 36.0, 'Compliance Department': -3.0, 'Operations Department': 7.876606210360256, 'Saboteur Department': 65.5}",37.0,-3.0,7.876606210360256,,free_rider,wide,65.5
structured_debate,15,4.715386685816643,35.66705841274264,True,8.0,9,135.0,21.593310877737178,107.96655438868589,0.4613778639743802,135,18,0.0006491199965239502,0.3333333333333333,"{'Growth Department': 24.0, 'Trading/Opportunity Team': 32.0, 'Compliance Department': -2.0, 'Operations Department': 6.4665543886858945, 'Saboteur Department': 47.5}",28.0,-2.0,6.4665543886858945,,free_rider,wide,47.5
structured_debate,16,0.0,34.224064755977764,True,10.0,11,153.0,23.94677637087569,119.73388185437844,0.46692253180467846,165,22,0.00045155199768487364,0.6363636363636364,"{'Growth Department': 32.0, 'Trading/Opportunity Team': 32.0, 'Compliance Department': -3.0, 'Operations Department': 5.2338818543784456, 'Saboteur Department': 53.5}",32.0,-3.0,5.2338818543784456,,free_rider,wide,53.5
structured_debate,17,2.627145791628477,38.70679953343181,True,8.0,9,125.0,19.36134447329743,96.80672236648715,0.44498264170461965,135,18,0.00047405799705302343,0.6666666666666666,"{'Growth Department': 26.0, 'Trading/Opportunity Team': 26.0, 'Compliance Department': -2.0, 'Operations Department': 5.306722366487151, 'Saboteur Department': 41.5}",26.0,-2.0,5.306722366487151,,free_rider,wide,41.5
structured_debate,18,0.0,35.708636391437686,True,11.0,12,164.0,25.54953833996668,127.74769169983341,0.5111710626717476,180,24,0.00043027399806305766,0.5833333333333334,"{'Growth Department': 33.0, 'Trading/Opportunity Team': 33.0, 'Compliance Department': -9.0, 'Operations Department': 9.747691699833403, 'Saboteur Department': 61.0}",33.0,-9.0,9.747691699833403,,free_rider,wide,61.0
structured_debate,19,3.2781560679817687,37.2774531473908,True,12.0,13,173.0,28.728322239994117,143.64161119997058,0.43958957987533837,195,26,0.0005032070039305836,0.6153846153846154,"{'Growth Department': 32.0, 'Trading/Opportunity Team': 36.0, 'Compliance Department': -1.0, 'Operations Department': 11.14161119997059, 'Saboteur Department': 65.5}",34.0,-1.0,11.14161119997059,,free_rider,wide,65.5
independent,0,4.394496252220508,33.19044427275451,True,14.0,15,131.5,8.974851835257478,44.874259176287396,1.7623790063879963,0,0,0.0003872500019497238,0.0,"{'Growth Department': 43.0, 'Trading/Opportunity Team': 37.0, 'Compliance Department': -36.0, 'Operations Department': -2.7136307487570104, 'Risk Department': 3.5878899250444096}",40.0,-36.0,-2.7136307487570104,3.5878899250444096,standard,asymmetric,
independent,1,1.0066819832754144,36.60604480472022,True,20.0,21,193.0,20.48392911335093,102.41964556675464,0.9142796258568572,0,0,0.0004933849995722994,0.0,"{'Growth Department': 61.0, 'Trading/Opportunity Team': 56.5, 'Compliance Department': -28.5, 'Operations Department': 1.399511927089133, 'Risk Department': 12.02013363966551}",58.75,-28.5,1.399511927089133,12.02013363966551,standard,asymmetric,
independent,2,0.0,39.90733008633247,True,21.0,22,224.0,30.08417380148716,150.4208690074358,0.5810363985842917,0,0,0.0005065430013928562,0.0,"{'Growth Department': 66.5, 'Trading/Opportunity Team': 73.0, 'Compliance Department': -6.5, 'Operations Department': 10.420869007435822, 'Risk Department': 6.999999999999997}",69.75,-6.5,10.420869007435822,6.999999999999997,standard,asymmetric,
independent,3,2.644590013422455,39.51593847739261,True,21.0,22,217.0,28.877102658179627,144.38551329089813,0.6134884398092624,0,0,0.0006366520028677769,0.0,"{'Growth Department': 73.0, 'Trading/Opportunity Team': 66.0, 'Compliance Department': -7.5, 'Operations Department': 7.332621490629685, 'Risk Department': 5.55289180026845}",69.5,-7.5,7.332621490629685,5.55289180026845,standard,asymmetric,
independent,4,3.288472242392606,37.62334966949102,True,20.0,21,204.5,26.140013301780424,130.70006650890213,0.6835978248587412,0,0,0.0005829950023326091,0.0,"{'Growth Department': 64.0, 'Trading/Opportunity Team': 67.5, 'Compliance Department': -13.5, 'Operations Department': 2.6342970640542607, 'Risk Department': 10.06576944484785}",65.75,-13.5,2.6342970640542607,10.06576944484785,standard,asymmetric,
independent,5,4.696924063107417,41.12030256382855,True,14.0,15,159.5,20.982378279656032,104.91189139828016,0.6287411629734135,0,0,0.0003846100007649511,0.0,"{'Growth Department': 51.0, 'Trading/Opportunity Team': 49.0, 'Compliance Department': -8.0, 'Operations Department': 10.817952917018019, 'Risk Department': 2.093938481262149}",50.0,-8.0,10.817952917018019,2.093938481262149,standard,asymmetric,
independent,6,2.6500611109772443,32.509181041883544,True,26.0,27,237.0,22.24062785918801,111.20313929594005,1.2134250431994704,0,0,0.0005236200013314374,0.0,"{'Growth Department': 77.5, 'Trading/Opportunity Team': 79.0, 'Compliance Department': -47.0, 'Operations Department': -7.841685260231948, 'Risk Department': 9.544824556171982}",78.25,-47.0,-7.841685260231948,9.544824556171982,standard,asymmetric,
independent,7,0.0,37.685977126921884,True,18.0,19,176.0,18.77299009760104,93.86495048800519,0.9444848086946663,0,0,0.00037321800482459366,0.0,"{'Growth Department': 59.0, 'Trading/Opportunity Team': 53.5, 'Compliance Department': -26.0, 'Operations Department': 1.8649504880051921, 'Risk Department': 5.499999999999998}",56.25,-26.0,1.8649504880051921,5.499999999999998,standard,asymmetric,
independent,8,1.643321805623967,33.28012246881703,True,20.0,21,199.5,21.349520735687996,106.74760367843999,0.9341109464474885,0,0,0.0006015799954184331,0.0,"{'Growth Department': 59.5, 'Trading/Opportunity Team': 65.0, 'Compliance Department': -28.5, 'Operations Department': -2.785262757672477, 'Risk Department': 13.532866436112478}",62.25,-28.5,-2.785262757672477,13.532866436112478,standard,asymmetric,
independent,9,2.0254135353822953,35.88000130863017,True,21.0,22,207.5,23.14254839043606,115.7127419521803,0.8709827024353729,0,0,0.00044442599755711854,0.0,"{'Growth Department': 69.0, 'Trading/Opportunity Team': 63.5, 'Compliance Department': -28.0, 'Operations Department': 5.672233681472643, 'Risk Department': 5.540508270707645}",66.25,-28.0,5.672233681472643,5.540508270707645,standard,asymmetric,
independent,10,2.5113715238453533,35.24488087096869,True,21.0,22,208.5,23.236707783233935,116.18353891616968,0.8309841162213569,0,0,0.00047822600026847795,0.0,"{'Growth Department': 63.5, 'Trading/Opportunity Team': 67.0, 'Compliance Department': -21.0, 'Operations Department': -1.8666885143072225, 'Risk Department': 8.550227430476905}",65.25,-21.0,-1.8666885143072225,8.550227430476905,standard,asymmetric,
independent,11,0.0,32.90071671057973,True,23.0,24,216.0,22.11535530929814,110.57677654649069,1.063236721609199,0,0,0.0005177500061108731,0.0,"{'Growth Department': 71.0, 'Trading/Opportunity Team': 71.0, 'Compliance Department': -40.0, 'Operations Department': -0.9232234535093049, 'Risk Department': 9.499999999999996}",71.0,-40.0,-0.9232234535093049,9.499999999999996,standard,asymmetric,
independent,12,4.936929936105539,36.09542938309048,True,23.0,24,225.5,26.480095657891486,132.40047828945742,0.8341513503294424,0,0,0.0005170369986444712,0.0,"{'Growth Department': 75.0, 'Trading/Opportunity Team': 73.5, 'Compliance Department': -25.5, 'Operations Department': -1.6050943735373462, 'Risk Department': 11.005572662994776}",74.25,-25.5,-1.6050943735373462,11.005572662994776,standard,asymmetric,
independent,13,1.1202654134074104,34.55510110690559,True,20.0,21,207.0,25.120824186475442,125.60412093237721,0.7367541149762282,0,0,0.00048281300405506045,0.0,"{'Growth Department': 65.5, 'Trading/Opportunity Team': 65.0, 'Compliance Department': -18.5, 'Operations Department': 1.651617612748221, 'Risk Department': 11.952503319628986}",65.25,-18.5,1.651617612748221,11.952503319628986,standard,asymmetric,
independent,14,0.0,45.186769683615076,True,16.0,17,181.5,25.441292238708236,127.20646119354117,0.5094080866018948,0,0,0.0004806680008186959,0.0,"{'Growth Department': 55.0, 'Trading/Opportunity Team': 51.5, 'Compliance Department': -2.5, 'Operations Department': 18.70646119354117, 'Risk Department': 4.5}",53.25,-2.5,18.70646119354117,4.5,standard,asymmetric,
independent,15,4.543408698208182,35.78506694505754,True,24.0,25,230.5,27.6053977097008,138.026988548504,0.7534264451699101,0,0,0.0006333709970931523,0.0,"{'Growth Department': 73.5, 'Trading/Opportunity Team': 71.5, 'Compliance Department': -22.5, 'Operations Department': 3.5170417009818813, 'Risk Department': 12.009946847522109}",72.5,-22.5,3.5170417009818813,12.009946847522109,standard,asymmetric,
independent,16,1.071388059166111,34.13428855229031,True,20.0,21,202.0,24.13970589367769,120.69852946838844,0.766583402862419,0,0,0.0006243850002647378,0.0,"{'Growth Department': 61.5, 'Trading/Opportunity Team': 69.0, 'Compliance Department': -17.0, 'Operations Department': 2.186276399082063, 'Risk Department': 5.012253069306386}",65.25,-17.0,2.186276399082063,5.012253069306386,standard,asymmetric,
independent,17,0.0,35.16454953292668,True,15.0,16,160.5,16.825764999570094,84.12882499785047,0.8837454939226769,0,0,0.0004656099990825169,0.0,"{'Growth Department': 51.0, 'Trading/Opportunity Team': 47.0, 'Compliance Department': -17.5, 'Operations Department': -1.8711750021495241, 'Risk Department': 5.500000000000002}",49.0,-17.5,-1.8711750021495241,5.500000000000002,standard,asymmetric,
independent,18,0.0,37.92120612653059,True,20.0,21,191.5,21.24788192460765,106.23940962303826,0.8763625144486387,0,0,0.0005255000069155358,0.0,"{'Growth Department': 63.5, 'Trading/Opportunity Team': 58.5, 'Compliance Department': -25.0, 'Operations Department': 2.7394096230382576, 'Risk Department': 6.5}",61.0,-25.0,2.7394096230382576,6.5,standard,asymmetric,
independent,19,0.0,39.177846220619756,True,22.0,23,220.0,26.964541090866305,134.82270545433153,0.7244031969863183,0,0,0.0006301969988271594,0.0,"{'Growth Department': 64.5, 'Trading/Opportunity Team': 71.5, 'Compliance Department': -21.0, 'Operations Department': 5.335002856343792, 'Risk Department': 14.487702597987738}",68.0,-21.0,5.335002856343792,14.487702597987738,standard,asymmetric,
voting,0,3.177571567489931,38.44361571715765,True,6.0,7,102.5,12.718225949066946,63.59112974533473,0.11916657840739156,35,7,0.00035327699879417196,1.0,"{'Growth Department': 15.5, 'Trading/Opportunity Team': 15.5, 'Compliance Department': 10.5, 'Operations Department': 8.527578313984936, 'Risk Department': 13.563551431349799}",15.5,10.5,8.527578313984936,13.563551431349799,standard,asymmetric,
voting,1,4.7436250763529575,26.631825715399504,True,23.0,24,195.0,13.18463583447956,65.9231791723978,1.0104414549070149,120,24,0.000830124001367949,1.0,"{'Growth Department': 34.0, 'Trading/Opportunity Team': 34.0, 'Compliance Department': -31.0, 'Operations Department': -2.5287826876336315, 'Risk Department': 31.451961860031425}",34.0,-31.0,-2.5287826876336315,31.451961860031425,standard,asymmetric,
voting,2,0.5985709939736541,26.345687517630466,True,22.0,23,210.0,16.22298335130619,81.11491675653096,0.8185575456739222,115,23,0.0009070050000445917,1.0,"{'Growth Department': 37.0, 'Trading/Opportunity Team': 37.0, 'Compliance Department': -28.0, 'Operations Department': 1.0069320555737526, 'Risk Department': 34.1079847009572}",37.0,-28.0,1.0069320555737526,34.1079847009572,standard,asymmetric,
voting,3,0.0,26.546388269445274,True,30.0,31,247.5,20.52895735798433,102.64478678992164,0.7265255938320843,155,31,0.0008748209947953001,1.0,"{'Growth Department': 44.5, 'Trading/Opportunity Team': 44.5, 'Compliance Department': -25.5, 'Operations Department': -1.9351616907887443, 'Risk Department': 41.079948480710385}",44.5,-25.5,-1.9351616907887443,41.079948480710385,standard,asymmetric,
voting,4,2.177266457774534,34.0989839436118,True,10.0,11,147.5,18.409611786449865,92.04805893224932,0.18826365028452924,55,11,0.00037631199666066095,1.0,"{'Growth Department': 24.5, 'Trading/Opportunity Team': 24.5, 'Compliance Department': 9.5, 'Operations Department': 11.176741059523177, 'Risk Department': 22.371317872726145}",24.5,9.5,11.176741059523177,22.371317872726145,standard,asymmetric,
voting,5,1.2898625256789948,29.98335281866329,True,14.0,15,150.0,13.317338589760615,66.58669294880308,0.5457949474866428,75,15,0.00040734600042924285,1.0,"{'Growth Department': 25.0, 'Trading/Opportunity Team': 25.0, 'Compliance Department': -10.0, 'Operations Department': 4.143298546747031, 'Risk Department': 22.443394402056043}",25.0,-10.0,4.143298546747031,22.443394402056043,standard,asymmetric,
voting,6,4.517128953791426,28.7477857485993,True,33.0,34,277.5,29.4359211657986,147.179605828993,0.4237542509680964,170,34,0.0009184689988614991,1.0,"{'Growth Department': 50.5, 'Trading/Opportunity Team': 50.5, 'Compliance Department': -4.5, 'Operations Department': 4.580040935388504, 'Risk Department': 46.099564893604494}",50.5,-4.5,4.580040935388504,46.099564893604494,standard,asymmetric,
voting,7,4.432385591307991,24.951127428201737,True,27.0,28,190.0,6.4468925620580135,32.23446281029007,2.6656230893288337,140,28,0.0006733670015819371,1.0,"{'Growth Department': 33.0, 'Trading/Opportunity Team': 33.0, 'Compliance Department': -52.0, 'Operations Department': -11.812320848052048, 'Risk Department': 30.046783658342115}",33.0,-52.0,-11.812320848052048,30.046783658342115,standard,asymmetric,
voting,8,4.013082963552699,24.7167674591771,True,13.0,14,147.5,11.305993752515954,56.52996876257977,0.7349063478063057,70,14,0.00047057100164238364,1.0,"{'Growth Department': 24.5, 'Trading/Opportunity Team': 24.5, 'Compliance Department': -15.5, 'Operations Department': 0.6394177877198866, 'Risk Department': 22.390550974859885}",24.5,-15.5,0.6394177877198866,22.390550974859885,standard,asymmetric,
voting,9,3.731688745694103,29.709424027357493,True,16.0,17,172.5,18.32985563239597,91.64927816197984,0.3640409487693894,85,17,0.00045920299453428015,1.0,"{'Growth Department': 29.5, 'Trading/Opportunity Team': 29.5, 'Compliance Department': -0.5, 'Operations Department': 6.089774559707934, 'Risk Department': 27.059503602271903}",29.5,-0.5,6.089774559707934,27.059503602271903,standard,asymmetric,
voting,10,0.0,28.732879091534972,True,48.0,49,357.5,42.31389925191375,211.56949625956878,0.34115682380057244,245,49,0.0011673409971990623,1.0,"{'Growth Department': 66.5, 'Trading/Opportunity Team': 66.5, 'Compliance Department': 16.5, 'Operations Department': 1.277028303748022, 'Risk Department': 60.79246795582078}",66.5,16.5,1.277028303748022,60.79246795582078,standard,asymmetric,
voting,11,4.367544386897689,23.900476287094616,True,40.0,41,267.5,16.34275317959909,81.71376589799544,1.2059246675917197,205,41,0.0011143320007249713,1.0,"{'Growth Department': 48.5, 'Trading/Opportunity Team': 48.5, 'Compliance Department': -41.5, 'Operations Department': -17.851614945519366, 'Risk Department': 44.06538084351481}",48.5,-41.5,-17.851614945519366,44.06538084351481,standard,asymmetric,
voting,12,4.569490032418474,24.743442432692476,True,31.0,32,245.0,16.020827271104764,80.10413635552382,1.1058456784026132,160,32,0.0009905800034175627,1.0,"{'Growth Department': 44.0, 'Trading/Opportunity Team': 44.0, 'Compliance Department': -41.0, 'Operations Department': -7.457032527324194, 'Risk Department': 40.561168882848015}",44.0,-41.0,-7.457032527324194,40.561168882848015,standard,asymmetric,
voting,13,4.840458834265503,27.58375177955893,True,44.0,45,330.0,33.21975667220375,166.09878336101875,0.49003974490270696,225,45,0.0014781680001760833,1.0,"{'Growth Department': 61.0, 'Trading/Opportunity Team': 61.0, 'Compliance Department': -9.0, 'Operations Department': -2.4875135672090485, 'Risk Department': 55.586296928227796}",61.0,-9.0,-2.4875135672090485,55.586296928227796,standard,asymmetric,
voting,14,0.0,33.31116255693178,True,20.0,21,195.0,21.407024895338076,107.03512447669038,0.355168608269417,105,21,0.0007469400006812066,1.0,"{'Growth Department': 34.0, 'Trading/Opportunity Team': 34.0, 'Compliance Department': -1.0, 'Operations Department': 8.961209509175186, 'Risk Department': 31.073914967515186}",34.0,-1.0,8.961209509175186,31.073914967515186,standard,asymmetric,
voting,15,4.684483740830005,35.21967704333922,True,16.0,17,187.5,25.49114631384645,127.45573156923224,0.15354139172738462,85,17,0.0006785290024708956,1.0,"{'Growth Department': 32.5, 'Trading/Opportunity Team': 32.5, 'Compliance Department': 17.5, 'Operations Department': 15.53783698903517, 'Risk Department': 29.417894580197075}",32.5,17.5,15.53783698903517,29.417894580197075,standard,asymmetric,
voting,16,0.0,34.62391477835433,True,48.0,49,397.5,57.56491851145283,287.82459255726417,0.1752049990488457,245,49,0.001407638999808114,1.0,"{'Growth Department': 74.5, 'Trading/Opportunity Team': 74.5, 'Compliance Department': 44.5, 'Operations Department': 26.46461566846267, 'Risk Department': 67.85997688880147}",74.5,44.5,26.46461566846267,67.85997688880147,standard,asymmetric,
voting,17,0.0,30.858223983616178,True,13.0,14,147.5,14.169029704509768,70.84514852254884,0.44580125083533984,70,14,0.0005799339996883646,1.0,"{'Growth Department': 24.5, 'Trading/Opportunity Team': 24.5, 'Compliance Department': -5.5, 'Operations Department': 5.542860432580708, 'Risk Department': 21.802288089968137}",24.5,-5.5,5.542860432580708,21.802288089968137,standard,asymmetric,
voting,18,0.3684946608280022,31.65124780740811,True,24.0,25,190.0,15.60126027294611,78.00630136473055,0.6848350207721008,125,25,0.0008251480030594394,1.0,"{'Growth Department': 33.0, 'Trading/Opportunity Team': 33.0, 'Compliance Department': -17.0, 'Operations Department': -0.553617538675014, 'Risk Department': 29.559918903405567}",33.0,-17.0,-0.553617538675014,29.559918903405567,standard,asymmetric,
voting,19,0.0,30.605103450371455,True,22.0,23,212.5,22.836213119773127,114.18106559886563,0.3859497552242427,115,23,0.000876828002219554,1.0,"{'Growth Department': 37.5, 'Trading/Opportunity Team': 37.5, 'Compliance Department': -2.5, 'Operations Department': 7.329614202186523, 'Risk Department': 34.35145139667911}",37.5,-2.5,7.329614202186523,34.35145139667911,standard,asymmetric,
adaptive_voting,0,69.25246085037826,66.68940782302812,False,,100,587.5,115.25683442093964,576.2841721046982,0.01518128133011043,500,100,0.002479702001437545,1.0,"{'Growth Department': 117.5, 'Trading/Opportunity Team': 117.5, 'Compliance Department': 117.5, 'Operations Department': 116.9401745664243, 'Risk Department': 106.84399753827388}",117.5,117.5,116.9401745664243,106.84399753827388,standard,asymmetric,
adaptive_voting,1,70.50456951153184,66.01481397564837,False,,100,620.0,121.69400732963342,608.4700366481671,0.014456474552433995,500,100,0.00243714899988845,1.0,"{'Growth Department': 124.0, 'Trading/Opportunity Team': 124.0, 'Compliance Department': 124.0, 'Operations Department': 122.93090229814109, 'Risk Department': 113.53913435002607}",124.0,124.0,122.93090229814109,113.53913435002607,standard,asymmetric,
adaptive_voting,2,50.4842802804588,60.72658516703131,False,,100,657.5,127.16581728362937,635.8290864181469,0.020623109786133575,500,100,0.0027261080031166784,1.0,"{'Growth Department': 131.5, 'Trading/Opportunity Team': 131.5, 'Compliance Department': 131.5, 'Operations Department': 120.9401054723399, 'Risk Department': 120.388980945807}",131.5,131.5,120.9401054723399,120.388980945807,standard,asymmetric,
adaptive_voting,3,62.21638132378385,66.33108059510629,False,,100,657.5,129.0565089015118,645.2825445075589,0.014090666152291575,500,100,0.003587293002055958,1.0,"{'Growth Department': 131.5, 'Trading/Opportunity Team': 131.5, 'Compliance Department': 131.5, 'Operations Department': 129.79624128651074, 'Risk Department': 120.9863032210481}",131.5,131.5,129.79624128651074,120.9863032210481,standard,asymmetric,
adaptive_voting,4,53.94610874047605,66.24389202320546,False,,100,665.0,130.8481040182509,654.2405200912544,0.012869826638674909,500,100,0.0024737330022617243,1.0,"{'Growth Department': 133.0, 'Trading/Opportunity Team': 133.0, 'Compliance Department': 133.0, 'Operations Department': 132.5309453664363, 'Risk Department': 122.70957472481811}",133.0,133.0,132.5309453664363,122.70957472481811,standard,asymmetric,
adaptive_voting,5,57.888743702855194,66.05137790625649,False,,100,637.5,125.04508892093686,625.2254446046843,0.01462100806566724,500,100,0.0023516270011896268,1.0,"{'Growth Department': 127.5, 'Trading/Opportunity Team': 127.5, 'Compliance Department': 127.5, 'Operations Department': 125.80445488043215, 'Risk Department': 116.92098972425208}",127.5,127.5,125.80445488043215,116.92098972425208,standard,asymmetric,
adaptive_voting,6,66.96094690538035,64.7376230837487,False,,100,667.5,131.2530692506537,656.2653462532686,0.01317383285547873,500,100,0.002537803004088346,1.0,"{'Growth Department': 133.5, 'Trading/Opportunity Team': 133.5, 'Compliance Department': 133.5, 'Operations Department': 132.6445174574955, 'Risk Department': 123.120828795773}",133.5,133.5,132.6445174574955,123.120828795773,standard,asymmetric,
adaptive_voting,7,68.39217806769014,64.9510564847357,False,,100,620.0,120.94294191511146,604.7147095755573,0.017380664209409424,500,100,0.0024271530055557378,1.0,"{'Growth Department': 124.0, 'Trading/Opportunity Team': 124.0, 'Compliance Department': 124.0, 'Operations Department': 119.70527742517312, 'Risk Department': 113.0094321503842}",124.0,124.0,119.70527742517312,113.0094321503842,standard,asymmetric,
adaptive_voting,8,68.69286238614025,64.06967520737234,False,,100,677.5,132.57832526956764,662.8916263478382,0.01520834648526872,500,100,0.003075597996939905,1.0,"{'Growth Department': 135.5, 'Trading/Opportunity Team': 135.5, 'Compliance Department': 135.5, 'Operations Department': 131.48696653487923, 'Risk Department': 124.90465981295895}",135.5,135.5,131.48696653487923,124.90465981295895,standard,asymmetric,
adaptive_voting,9,74.62293544037189,66.58185806636823,False,,100,640.0,125.78325336129792,628.9162668064896,0.013795856274733254,500,100,0.00254928399954224,1.0,"{'Growth Department': 128.0, 'Trading/Opportunity Team': 128.0, 'Compliance Department': 128.0, 'Operations Department': 127.52362967723985, 'Risk Department': 117.3926371292498}",128.0,128.0,127.52362967723985,117.3926371292498,standard,asymmetric,
adaptive_voting,10,71.54220795530867,66.05227127181844,False,,100,627.5,123.41218050566692,617.0609025283346,0.013287977458785072,500,100,0.0025941080020857044,1.0,"{'Growth Department': 125.5, 'Trading/Opportunity Team': 125.5, 'Compliance Department': 125.5, 'Operations Department': 125.12053346540435, 'Risk Department': 115.44036906293024}",125.5,125.5,125.12053346540435,115.44036906293024,standard,asymmetric,
adaptive_voting,11,68.67180558385165,58.76054850918194,False,,100,657.5,125.59936142653142,627.9968071326571,0.030378167381648245,500,100,0.003222314000595361,1.0,"{'Growth Department': 131.5, 'Trading/Opportunity Team': 131.5, 'Compliance Department': 131.5, 'Operations Department': 113.30971256180159, 'Risk Department': 120.1870945708555}",131.5,131.5,113.30971256180159,120.1870945708555,standard,asymmetric,
adaptive_voting,12,72.98646287850687,62.87029226452534,False,,100,632.5,122.53821151251914,612.6910575625957,0.019949194031120675,500,100,0.0025580379951861687,1.0,"{'Growth Department': 126.5, 'Trading/Opportunity Team': 126.5, 'Compliance Department': 126.5, 'Operations Department': 117.43884709631327, 'Risk Department': 115.75221046628239}",126.5,126.5,117.43884709631327,115.75221046628239,standard,asymmetric,
adaptive_voting,13,73.84930220508714,65.27649190283033,False,,100,665.0,130.26001841623005,651.3000920811503,0.014994394460134331,500,100,0.002859090003767051,1.0,"{'Growth Department': 133.0, 'Trading/Opportunity Team': 133.0, 'Compliance Department': 133.0, 'Operations Department': 130.014810393767, 'Risk Department': 122.28528168738329}",133.0,133.0,130.014810393767,122.28528168738329,standard,asymmetric,
adaptive_voting,14,62.78778264508361,65.70181611733636,False,,100,632.5,123.6492424640705,618.2462123203525,0.01625941329390539,500,100,0.0025718710021465085,1.0,"{'Growth Department': 126.5, 'Trading/Opportunity Team': 126.5, 'Compliance Department': 126.5, 'Operations Department': 123.1232263494754, 'Risk Department': 115.62298597087707}",126.5,126.5,123.1232263494754,115.62298597087707,standard,asymmetric,
adaptive_voting,15,58.13525467272307,64.53093193044894,False,,100,677.5,132.45751609836162,662.2875804918082,0.015898430745741977,500,100,0.002629595997859724,1.0,"{'Growth Department': 135.5, 'Trading/Opportunity Team': 135.5, 'Compliance Department': 135.5, 'Operations Department': 131.39849406415118, 'Risk Department': 124.38908642765689}",135.5,135.5,131.39849406415118,124.38908642765689,standard,asymmetric,
adaptive_voting,16,57.515425410151764,64.10043399598173,False,,100,650.0,126.63739274652376,633.1869637326188,0.017626118946225768,500,100,0.0024666800018167123,1.0,"{'Growth Department': 130.0, 'Trading/Opportunity Team': 130.0, 'Compliance Department': 130.0, 'Operations Department': 124.27549931011451, 'Risk Department': 118.91146442250434}",130.0,130.0,124.27549931011451,118.91146442250434,standard,asymmetric,
adaptive_voting,17,66.4683960172333,67.58078995011323,False,,100,605.0,118.84114795406921,594.2057397703461,0.014494878117528032,500,100,0.0024429890036117285,1.0,"{'Growth Department': 121.0, 'Trading/Opportunity Team': 121.0, 'Compliance Department': 121.0, 'Operations Department': 120.9438289774589, 'Risk Department': 110.26191079288714}",121.0,121.0,120.9438289774589,110.26191079288714,standard,asymmetric,
adaptive_voting,18,38.096018074576506,66.79279549460638,False,,100,620.0,121.55421795328702,607.7710897664351,0.014954742673419652,500,100,0.0026434600003995,1.0,"{'Growth Department': 124.0, 'Trading/Opportunity Team': 124.0, 'Compliance Department': 124.0, 'Operations Department': 122.26483016237246, 'Risk Department': 113.50625960406266}",124.0,124.0,122.26483016237246,113.50625960406266,standard,asymmetric,
adaptive_voting,19,38.75941842063561,66.44372270259619,False,,100,642.5,125.86713116965045,629.3356558482523,0.015338481878728594,500,100,0.002732683002250269,1.0,"{'Growth Department': 128.5, 'Trading/Opportunity Team': 128.5, 'Compliance Department': 128.5, 'Operations Department': 126.30394557866991, 'Risk Department': 117.53171026958229}",128.5,128.5,126.30394557866991,117.53171026958229,standard,asymmetric,
centralized_profit,0,3.6463584805485123,31.67170533163322,True,31.0,32,240.5,28.61646498455367,143.08232492276835,0.7450721823529685,192,32,0.0007641499978490174,0.59375,"{'Growth Department': 75.0, 'Trading/Opportunity Team': 75.0, 'Compliance Department': -12.5, 'Operations Department': -14.508325107929437, 'Risk Department': 20.090650030697798}",75.0,-12.5,-14.508325107929437,20.090650030697798,standard,asymmetric,
centralized_profit,1,2.422311538639925,36.899951780836254,True,43.0,44,316.5,41.92333041530402,209.6166520765201,0.639321887742087,264,44,0.0010228569954051636,0.5909090909090909,"{'Growth Department': 100.5, 'Trading/Opportunity Team': 102.5, 'Compliance Department': -13.5, 'Operations Department': -2.5312842693426454, 'Risk Department': 22.647936345862732}",101.5,-13.5,-2.5312842693426454,22.647936345862732,standard,asymmetric,
centralized_profit,2,3.91500867071038,40.14130722736042,True,29.0,30,266.5,36.61262608263429,183.06313041317148,0.5342472908562963,180,30,0.0007856550000724383,0.3333333333333333,"{'Growth Department': 78.5, 'Trading/Opportunity Team': 83.5, 'Compliance Department': -6.0, 'Operations Department': 12.997546302725691, 'Risk Department': 14.06558411044579}",81.0,-6.0,12.997546302725691,14.06558411044579,standard,asymmetric,
centralized_profit,3,0.0,36.12503754965324,True,50.0,51,394.0,56.718148187189925,283.5907409359496,0.5241549934306625,306,51,0.001216871001815889,0.5686274509803921,"{'Growth Department': 126.5, 'Trading/Opportunity Team': 128.5, 'Compliance Department': 3.5, 'Operations Department': 4.886242619301633, 'Risk Department': 20.20449831664795}",127.5,3.5,4.886242619301633,20.20449831664795,standard,asymmetric,
centralized_profit,4,2.5695355959371735,37.15831229885109,True,34.0,35,288.0,36.28259210618344,181.41296053091722,0.673171790906703,210,35,0.0009400609997101128,0.4,"{'Growth Department': 85.0, 'Trading/Opportunity Team': 92.0, 'Compliance Department': -21.5, 'Operations Department': 6.694781164288585, 'Risk Department': 19.218179366628615}",88.5,-21.5,6.694781164288585,19.218179366628615,standard,asymmetric,
centralized_profit,5,3.943453592078626,35.86399862346617,True,21.0,22,181.0,19.117009280942376,95.58504640471189,0.8865396803197415,132,22,0.0005424259943538345,0.3181818181818182,"{'Growth Department': 55.5, 'Trading/Opportunity Team': 55.5, 'Compliance Department': -24.5, 'Operations Department': 3.6501587925476695, 'Risk Department': 5.434887612164217}",55.5,-24.5,3.6501587925476695,5.434887612164217,standard,asymmetric,
centralized_profit,6,1.1137013962827815,37.40782125621769,True,67.0,68,513.5,79.50488185504226,397.52440927521127,0.4852686118316341,408,68,0.0015434900051332079,0.6323529411764706,"{'Growth Department': 166.5, 'Trading/Opportunity Team': 170.0, 'Compliance Department': 12.0, 'Operations Department': 6.117352177284865, 'Risk Department': 42.90705709792636}",168.25,12.0,6.117352177284865,42.90705709792636,standard,asymmetric,
centralized_profit,7,1.2571247055713712,35.20880453482802,True,28.0,29,224.5,26.96563106126747,134.82815530633735,0.7430492064123271,174,29,0.0006361400010064244,0.5172413793103449,"{'Growth Department': 71.5, 'Trading/Opportunity Team': 71.5, 'Compliance Department': -16.0, 'Operations Department': -3.9598845060298684, 'Risk Department': 11.788039812367206}",71.5,-16.0,-3.9598845060298684,11.788039812367206,standard,asymmetric,
centralized_profit,8,1.526877269884892,36.96087806553253,True,66.0,67,528.5,82.4328346406825,412.1641732034125,0.465611526359526,402,67,0.0014208829961717129,0.6119402985074627,"{'Growth Department': 168.0, 'Trading/Opportunity Team': 173.0, 'Compliance Department': 19.5, 'Operations Department': 7.364512755058828, 'Risk Department': 44.29966044835363}",170.5,19.5,7.364512755058828,44.29966044835363,standard,asymmetric,
centralized_profit,9,0.0,38.605899740726926,True,33.0,34,287.0,39.75572980458263,198.77864902291316,0.5738781370183986,204,34,0.000864936999278143,0.4411764705882353,"{'Growth Department': 91.5, 'Trading/Opportunity Team': 91.5, 'Compliance Department': -10.5, 'Operations Department': 10.313198049241212, 'Risk Department': 15.965450973671942}",91.5,-10.5,10.313198049241212,15.965450973671942,standard,asymmetric,
centralized_profit,10,3.4132203690802676,36.17150396071792,True,59.0,60,447.0,66.50395118264514,332.5197559132257,0.4993207490734754,360,60,0.0014083959977142513,0.65,"{'Growth Department': 140.0, 'Trading/Opportunity Team': 146.5, 'Compliance Department': 12.5, 'Operations Department': 2.707482994598611, 'Risk Department': 30.812272918627137}",143.25,12.5,2.707482994598611,30.812272918627137,standard,asymmetric,
centralized_profit,11,3.7023349588945162,36.20322824027525,True,31.0,32,263.5,35.13175198598647,175.65875992993233,0.6302903593440442,192,32,0.0007150180026656017,0.46875,"{'Growth Department': 85.0, 'Trading/Opportunity Team': 85.0, 'Compliance Department': -13.0, 'Operations Department': 4.209942704584371, 'Risk Department': 14.448817225347973}",85.0,-13.0,4.209942704584371,14.448817225347973,standard,asymmetric,
centralized_profit,12,4.211648015904132,37.295975218354585,True,48.0,49,410.5,61.70722229075392,308.5361114537696,0.4990434911874523,294,49,0.0010834569984581321,0.4489795918367347,"{'Growth Department': 134.0, 'Trading/Opportunity Team': 134.0, 'Compliance Department': 2.0, 'Operations Department': 13.06765445677484, 'Risk Department': 25.468456996994757}",134.0,2.0,13.06765445677484,25.468456996994757,standard,asymmetric,
centralized_profit,13,1.5002280606962168,36.47200426247382,True,49.0,50,402.0,57.52511215707172,287.6255607853586,0.5213404058696378,300,50,0.0010692959986045025,0.54,"{'Growth Department': 126.5, 'Trading/Opportunity Team': 126.5, 'Compliance Department': -2.0, 'Operations Department': 8.6229335041974, 'Risk Department': 28.00262728116116}",126.5,-2.0,8.6229335041974,28.00262728116116,standard,asymmetric,
centralized_profit,14,2.1357483719363213,43.07133974847926,True,20.0,21,195.5,23.05068772540242,115.2534386270121,0.707170593525845,126,21,0.0006475780028267764,0.19047619047619047,"{'Growth Department': 55.5, 'Trading/Opportunity Team': 57.5, 'Compliance Department': -20.5, 'Operations Department': 15.013045126408862, 'Risk Department': 7.7403935006032425}",56.5,-20.5,15.013045126408862,7.7403935006032425,standard,asymmetric,
centralized_profit,15,2.848934095469975,39.11945797562159,True,51.0,52,436.0,68.85078812768735,344.25394063843675,0.4411182743854205,312,52,0.0011544920052983798,0.5,"{'Growth Department': 138.0, 'Trading/Opportunity Team': 143.5, 'Compliance Department': 11.0, 'Operations Department': 23.35823938797951, 'Risk Department': 28.395701250457247}",140.75,11.0,23.35823938797951,28.395701250457247,standard,asymmetric,
centralized_profit,16,0.0,37.15719865736589,True,51.0,52,419.0,62.13206311212527,310.6603155606264,0.516293092205229,312,52,0.001238258002558723,0.5,"{'Growth Department': 136.0, 'Trading/Opportunity Team': 140.0, 'Compliance Department': 0.5, 'Operations Department': 14.020562634380003, 'Risk Department': 20.13975292624638}",138.0,0.5,14.020562634380003,20.13975292624638,standard,asymmetric,
centralized_profit,17,1.6535210184726994,31.65254010380206,True,25.0,26,210.0,18.759345884448663,93.79672942224332,1.1936250002211999,156,26,0.0007603490012115799,0.2692307692307692,"{'Growth Department': 64.0, 'Trading/Opportunity Team': 65.5, 'Compliance Department': -37.5, 'Operations Department': -9.895302943432503, 'Risk Department': 11.692032365675814}",64.75,-37.5,-9.895302943432503,11.692032365675814,standard,asymmetric,
centralized_profit,18,4.829334400435712,41.39249193206132,True,26.0,27,219.0,30.750952118507946,153.75476059253972,0.5284725919092591,162,27,0.0007345929989241995,0.4074074074074074,"{'Growth Department': 65.0, 'Trading/Opportunity Team': 72.5, 'Compliance Department': -0.5, 'Operations Department': 7.862057878182326, 'Risk Department': 8.89270271435741}",68.75,-0.5,7.862057878182326,8.89270271435741,standard,asymmetric,
centralized_profit,19,4.210044017323376,38.979951237642446,True,30.0,31,257.5,31.01192195399924,155.0596097699962,0.743084338666766,186,31,0.0008531069979653694,0.2903225806451613,"{'Growth Department': 77.0, 'Trading/Opportunity Team': 82.0, 'Compliance Department': -25.5, 'Operations Department': 3.9440810503389034, 'Risk Department': 17.6155287196573}",79.5,-25.5,3.9440810503389034,17.6155287196573,standard,asymmetric,
centralized_sustainability,0,73.04690718394633,69.68996635181145,False,,100,556.5,109.6791085953123,548.3955429765615,0.10700955974264534,600,100,0.002272452002216596,0.99,"{'Growth Department': 125.5, 'Trading/Opportunity Team': 121.0, 'Compliance Department': 125.5, 'Operations Department': 122.0, 'Risk Department': 54.395542976561465}",123.25,125.5,122.0,54.395542976561465,standard,asymmetric,
centralized_sustainability,1,67.96759766281245,70.14866887919966,False,,100,587.5,116.01739228225162,580.0869614112581,0.12158596135207791,600,100,0.002078951001749374,0.98,"{'Growth Department': 133.0, 'Trading/Opportunity Team': 128.5, 'Compliance Department': 136.0, 'Operations Department': 132.5, 'Risk Department': 50.086961411258095}",130.75,136.0,132.5,50.086961411258095,standard,asymmetric,
centralized_sustainability,2,68.99352718529235,69.35145723895117,False,,100,595.0,117.47397856061892,587.3698928030946,0.11969303605605894,600,100,0.0023116390002542175,0.96,"{'Growth Department': 133.0, 'Trading/Opportunity Team': 136.0, 'Compliance Department': 137.5, 'Operations Department': 126.5, 'Risk Department': 54.369892803094594}",134.5,137.5,126.5,54.369892803094594,standard,asymmetric,
centralized_sustainability,3,63.62527948916954,70.07042851819153,False,,100,626.0,123.71528101381338,618.5764050690669,0.1298770455620213,600,100,0.00214667300315341,0.96,"{'Growth Department': 143.5, 'Trading/Opportunity Team': 141.5, 'Compliance Department': 146.5, 'Operations Department': 138.5, 'Risk Department': 48.576405069066915}",142.5,146.5,138.5,48.576405069066915,standard,asymmetric,
centralized_sustainability,4,72.41965692880973,69.91747793269388,False,,100,617.5,122.06681824804096,610.3340912402048,0.13522549074741813,600,100,0.002107927000906784,0.95,"{'Growth Department': 142.5, 'Trading/Opportunity Team': 141.0, 'Compliance Department': 145.5, 'Operations Department': 135.5, 'Risk Department': 45.83409124020477}",141.75,145.5,135.5,45.83409124020477,standard,asymmetric,
centralized_sustainability,5,67.71703985640339,70.44177019304077,False,,100,592.0,116.91737478377463,584.5868739188732,0.1271504787074928,600,100,0.0019219799942220561,0.99,"{'Growth Department': 133.0, 'Trading/Opportunity Team': 136.0, 'Compliance Department': 137.5, 'Operations Department': 131.0, 'Risk Department': 47.08687391887313}",134.5,137.5,131.0,47.08687391887313,standard,asymmetric,
centralized_sustainability,6,71.25520583430453,70.42003257827355,False,,100,616.0,121.68919114543105,608.4459557271553,0.11248860276584302,600,100,0.002021630003582686,0.97,"{'Growth Department': 140.0, 'Trading/Opportunity Team': 137.0, 'Compliance Department': 140.0, 'Operations Department': 134.0, 'Risk Department': 57.445955727155294}",138.5,140.0,134.0,57.445955727155294,standard,asymmetric,
centralized_sustainability,7,69.10182548001967,68.87098916083552,False,,100,595.0,117.49757098707755,587.4878549353878,0.1233182142904207,600,100,0.002246268995804712,0.97,"{'Growth Department': 135.5, 'Trading/Opportunity Team': 135.5, 'Compliance Department': 138.5, 'Operations Department': 124.5955928406299, 'Risk Department': 53.39226209475782}",135.5,138.5,124.5955928406299,53.39226209475782,standard,asymmetric,
centralized_sustainability,8,71.91603766582458,70.46043205293205,False,,100,630.5,124.5802399007689,622.9011995038445,0.13016356440075202,600,100,0.002136512004653923,0.95,"{'Growth Department': 142.0, 'Trading/Opportunity Team': 147.0, 'Compliance Department': 147.0, 'Operations Department': 135.5, 'Risk Department': 51.40119950384455}",144.5,147.0,135.5,51.40119950384455,standard,asymmetric,
centralized_sustainability,9,74.37552759728456,70.4688979159515,False,,100,608.0,120.13713728152513,600.6856864076257,0.12261229548246551,600,100,0.0023012009987724014,0.97,"{'Growth Department': 140.0, 'Trading/Opportunity Team': 133.5, 'Compliance Department': 141.5, 'Operations Department': 132.5, 'Risk Department': 53.185686407625674}",136.75,141.5,132.5,53.185686407625674,standard,asymmetric,
centralized_sustainability,10,71.68746216071676,69.65995299773061,False,,100,597.0,117.81717555381074,589.0858777690537,0.12142762283770167,600,100,0.0022532989969477057,0.96,"{'Growth Department': 134.0, 'Trading/Opportunity Team': 135.5, 'Compliance Department': 139.0, 'Operations Department': 126.5, 'Risk Department': 54.08587776905368}",134.75,139.0,126.5,54.08587776905368,standard,asymmetric,
centralized_sustainability,11,69.77249151250875,69.46875478756373,False,,100,615.0,121.40763636383254,607.0381818191627,0.11658155395199206,600,100,0.0020960109977750108,0.95,"{'Growth Department': 139.5, 'Trading/Opportunity Team': 139.5, 'Compliance Department': 141.0, 'Operations Department': 129.5, 'Risk Department': 57.53818181916271}",139.5,141.0,129.5,57.53818181916271,standard,asymmetric,
centralized_sustainability,12,71.63847906933604,69.74828491364123,False,,100,598.0,118.02543861509818,590.1271930754909,0.12244859193439872,600,100,0.002257817002828233,0.96,"{'Growth Department': 136.5, 'Trading/Opportunity Team': 133.5, 'Compliance Department': 138.0, 'Operations Department': 132.40499578671404, 'Risk Department': 49.72219728877688}",135.0,138.0,132.40499578671404,49.72219728877688,standard,asymmetric,
centralized_sustainability,13,73.7737405970414,70.25069931105287,False,,100,629.0,124.26119894800452,621.3059947400226,0.12868893087284333,600,100,0.0024312309978995472,0.94,"{'Growth Department': 143.0, 'Trading/Opportunity Team': 144.5, 'Compliance Department': 147.5, 'Operations Department': 133.0, 'Risk Department': 53.305994740022626}",143.75,147.5,133.0,53.305994740022626,standard,asymmetric,
centralized_sustainability,14,71.90088669543563,69.90681419005378,False,,100,599.5,118.37519997381597,591.8759998690798,0.11775980124241095,600,100,0.002137525996658951,0.99,"{'Growth Department': 134.5, 'Trading/Opportunity Team': 136.0, 'Compliance Department': 137.5, 'Operations Department': 131.0, 'Risk Department': 52.87599986907986}",135.25,137.5,131.0,52.87599986907986,standard,asymmetric,
centralized_sustainability,15,71.92824453882872,70.47464256869722,False,,100,622.5,122.9908650430552,614.954325215276,0.13177651819817804,600,100,0.002408912005193997,0.95,"{'Growth Department': 144.0, 'Trading/Opportunity Team': 138.5, 'Compliance Department': 147.0, 'Operations Department': 135.5, 'Risk Department': 49.954325215276}",141.25,147.0,135.5,49.954325215276,standard,asymmetric,
centralized_sustainability,16,67.07516021492887,70.13943147759646,False,,100,607.0,119.86171848375893,599.3085924187947,0.12940432866473978,600,100,0.0022371410013874993,0.96,"{'Growth Department': 139.0, 'Trading/Opportunity Team': 139.0, 'Compliance Department': 142.0, 'Operations Department': 129.5, 'Risk Department': 49.80859241879467}",139.0,142.0,129.5,49.80859241879467,standard,asymmetric,
centralized_sustainability,17,68.32598141577584,69.35521952903144,False,,100,586.0,115.52645140888788,577.6322570444394,0.12896474089866744,600,100,0.002949001995148137,0.96,"{'Growth Department': 134.5, 'Trading/Opportunity Team': 134.5, 'Compliance Department': 136.0, 'Operations Department': 125.0, 'Risk Department': 47.632257044439335}",134.5,136.0,125.0,47.632257044439335,standard,asymmetric,
centralized_sustainability,18,70.32693389174291,69.85857208911602,False,,100,562.0,110.89903273089651,554.4951636544826,0.11902880090675438,600,100,0.0022554019960807636,0.98,"{'Growth Department': 126.0, 'Trading/Opportunity Team': 127.5, 'Compliance Department': 129.0, 'Operations Department': 123.49256340493389, 'Risk Department': 48.502600249548635}",126.75,129.0,123.49256340493389,48.502600249548635,standard,asymmetric,
centralized_sustainability,19,70.1376010668089,70.14285128781654,False,,100,581.5,114.79845522438332,573.9922761219166,0.11813082148175909,600,100,0.002008832001592964,1.0,"{'Growth Department': 129.5, 'Trading/Opportunity Team': 129.5, 'Compliance Department': 134.0, 'Operations Department': 131.0, 'Risk Department': 49.992276121916625}",129.5,134.0,131.0,49.992276121916625,standard,asymmetric,
centralized_risk_averse,0,84.43798127230727,81.44482089054313,False,,100,365.0,71.60209848142169,358.0104924071085,0.0245685621614534,600,100,0.002183328993851319,0.96,"{'Growth Department': 74.5, 'Trading/Opportunity Team': 74.5, 'Compliance Department': 67.0, 'Operations Department': 74.5, 'Risk Department': 67.5104924071085}",74.5,67.0,74.5,67.5104924071085,standard,asymmetric,
centralized_risk_averse,1,81.03590743035488,83.9862512242157,False,,100,350.0,68.98699710729066,344.9349855364533,0.019209433844797452,600,100,0.002028955001151189,0.96,"{'Growth Department': 71.5, 'Trading/Opportunity Team': 71.5, 'Compliance Department': 65.0, 'Operations Department': 69.0, 'Risk Department': 67.93498553645333}",71.5,65.0,69.0,67.93498553645333,standard,asymmetric,
centralized_risk_averse,2,76.56822628897737,81.37539863433335,False,,100,394.0,77.5117138975448,387.55856948772396,0.02729025504168465,600,100,0.001945756004715804,0.95,"{'Growth Department': 79.5, 'Trading/Opportunity Team': 82.5, 'Compliance Department': 71.0, 'Operations Department': 78.5, 'Risk Department': 76.05856948772397}",81.0,71.0,78.5,76.05856948772397,standard,asymmetric,
centralized_risk_averse,3,79.58880955638288,85.63747749927506,False,,100,347.0,68.46708352978536,342.3354176489268,0.018303198025671465,600,100,0.0018892149964813143,0.98,"{'Growth Department': 70.5, 'Trading/Opportunity Team': 70.5, 'Compliance Department': 65.0, 'Operations Department': 70.5, 'Risk Department': 65.8354176489268}",70.5,65.0,70.5,65.8354176489268,standard,asymmetric,
centralized_risk_averse,4,78.15624262487864,84.82301875883273,False,,100,370.0,73.00139225110131,365.00696125550655,0.018622153052690216,600,100,0.0020638409987441264,0.97,"{'Growth Department': 75.5, 'Trading/Opportunity Team': 75.5, 'Compliance Department': 69.5, 'Operations Department': 74.0, 'Risk Department': 70.50696125550657}",75.5,69.5,74.0,70.50696125550657,standard,asymmetric,
centralized_risk_averse,5,83.62104552427955,84.01897189351418,False,,100,351.5,69.25753882183237,346.28769410916186,0.026812741296571473,600,100,0.0018045460019493476,0.97,"{'Growth Department': 72.5, 'Trading/Opportunity Team': 72.5, 'Compliance Department': 63.5, 'Operations Department': 70.5, 'Risk Department': 67.28769410916185}",72.5,63.5,70.5,67.28769410916185,standard,asymmetric,
centralized_risk_averse,6,83.70333220499337,82.89188519927622,False,,100,401.5,79.15228930183945,395.76144650919724,0.03005704952123143,600,100,0.001960066001629457,0.95,"{'Growth Department': 84.0, 'Trading/Opportunity Team': 80.5, 'Compliance Department': 71.0, 'Operations Department': 82.0, 'Risk Department': 78.26144650919724}",82.25,71.0,82.0,78.26144650919724,standard,asymmetric,
centralized_risk_averse,7,88.26897168423764,84.18560140685553,False,,100,347.0,68.37345522433172,341.8672761216586,0.020046053044567635,600,100,0.0021433380024973303,0.97,"{'Growth Department': 71.0, 'Trading/Opportunity Team': 71.0, 'Compliance Department': 65.0, 'Operations Department': 69.0, 'Risk Department': 65.86727612165859}",71.0,65.0,69.0,65.86727612165859,standard,asymmetric,
centralized_risk_averse,8,87.13404548172058,84.28685606242878,False,,100,386.0,76.1911066018706,380.955533009353,0.02414980018094166,600,100,0.002100769997923635,0.96,"{'Growth Department': 79.0, 'Trading/Opportunity Team': 80.5, 'Compliance Department': 71.0, 'Operations Department': 75.0, 'Risk Department': 75.45553300935303}",79.75,71.0,75.0,75.45553300935303,standard,asymmetric,
centralized_risk_averse,9,85.90546043953796,83.49411228871196,False,,100,384.0,75.69145390841469,378.45726954207345,0.025939763807547145,600,100,0.0027949319992330857,0.95,"{'Growth Department': 81.0, 'Trading/Opportunity Team': 75.5, 'Compliance Department': 69.5, 'Operations Department': 77.0, 'Risk Department': 75.45726954207343}",78.25,69.5,77.0,75.45726954207343,standard,asymmetric,
centralized_risk_averse,10,88.77039530467255,84.07599565082384,False,,100,354.0,69.77122601001243,348.8561300500621,0.016382386513116742,600,100,0.0031669679956394248,0.98,"{'Growth Department': 70.0, 'Trading/Opportunity Team': 72.0, 'Compliance Department': 68.0, 'Operations Department': 72.0, 'Risk Department': 66.85613005006215}",71.0,68.0,72.0,66.85613005006215,standard,asymmetric,
centralized_risk_averse,11,83.60890208744601,82.12990390151015,False,,100,399.0,78.4583204151342,392.291602075671,0.02723320895273922,600,100,0.0022278230026131496,0.94,"{'Growth Department': 83.0, 'Trading/Opportunity Team': 83.0, 'Compliance Department': 73.0, 'Operations Department': 77.0, 'Risk Department': 76.291602075671}",83.0,73.0,77.0,76.291602075671,standard,asymmetric,
centralized_risk_averse,12,88.54669553249069,84.69804566726036,False,,100,340.5,67.09913738386345,335.4956869193173,0.01431747307589486,600,100,0.0021746320053352974,0.99,"{'Growth Department': 68.5, 'Trading/Opportunity Team': 68.5, 'Compliance Department': 66.5, 'Operations Department': 68.5, 'Risk Department': 63.495686919317265}",68.5,66.5,68.5,63.495686919317265,standard,asymmetric,
centralized_risk_averse,13,89.37366868506626,84.5869889109427,False,,100,376.0,74.10706644134402,370.5353322067201,0.02101248232103341,600,100,0.0021815439977217466,0.95,"{'Growth Department': 78.0, 'Trading/Opportunity Team': 76.0, 'Compliance Department': 70.0, 'Operations Department': 74.0, 'Risk Department': 72.53533220672014}",77.0,70.0,74.0,72.53533220672014,standard,asymmetric,
centralized_risk_averse,14,76.34026951892001,83.99384458375602,False,,100,366.5,72.14329899248074,360.71649496240366,0.025264722135838014,600,100,0.0024315510017913766,0.96,"{'Growth Department': 74.0, 'Trading/Opportunity Team': 76.0, 'Compliance Department': 66.5, 'Operations Department': 74.0, 'Risk Department': 70.21649496240366}",75.0,66.5,74.0,70.21649496240366,standard,asymmetric,
centralized_risk_averse,15,85.60025950505252,84.31693926458928,False,,100,376.0,74.10021816243767,370.50109081218835,0.021591201412089055,600,100,0.0034315879966015927,0.96,"{'Growth Department': 77.5, 'Trading/Opportunity Team': 76.0, 'Compliance Department': 69.5, 'Operations Department': 75.5, 'Risk Department': 72.00109081218834}",76.75,69.5,75.5,72.00109081218834,standard,asymmetric,
centralized_risk_averse,16,86.01952547376247,84.82686619283187,False,,100,351.0,69.21556391351636,346.0778195675818,0.014267728432016114,600,100,0.0020796070020878688,0.98,"{'Growth Department': 68.5, 'Trading/Opportunity Team': 70.5, 'Compliance Department': 68.0, 'Operations Department': 72.0, 'Risk Department': 67.07781956758178}",69.5,68.0,72.0,67.07781956758178,standard,asymmetric,
centralized_risk_averse,17,86.14191402755426,84.52317916818927,False,,100,325.0,63.98582167432939,319.9291083716469,0.01268003816011003,600,100,0.0021220290000201203,1.0,"{'Growth Department': 65.0, 'Trading/Opportunity Team': 65.0, 'Compliance Department': 65.0, 'Operations Department': 65.0, 'Risk Department': 59.92910837164694}",65.0,65.0,65.0,59.92910837164694,standard,asymmetric,
centralized_risk_averse,18,60.76689549570857,83.12630882482239,False,,100,357.5,70.26506511482428,351.3253255741214,0.023539065271873483,600,100,0.0020865149999735877,0.96,"{'Growth Department': 73.0, 'Trading/Opportunity Team': 74.5, 'Compliance Department': 66.5, 'Operations Department': 69.0, 'Risk Department': 68.32532557412138}",73.75,66.5,69.0,68.32532557412138,standard,asymmetric,
centralized_risk_averse,19,89.26869143827423,83.20931630602492,False,,100,356.5,70.14591483142969,350.7295741571485,0.013732348308110608,600,100,0.002079794001474511,0.98,"{'Growth Department': 70.0, 'Trading/Opportunity Team': 73.5, 'Compliance Department': 69.5, 'Operations Department': 70.0, 'Risk Department': 67.72957415714845}",71.75,69.5,70.0,67.72957415714845,standard,asymmetric,
structured_debate,0,1.4287205325329992,32.62250531032685,True,18.0,19,152.5,12.02077027719054,60.103851385952694,1.4569763366336583,285,38,0.0006463039972004481,0.21052631578947367,"{'Growth Department': 49.5, 'Trading/Opportunity Team': 45.5, 'Compliance Department': -34.0, 'Operations Department': -6.424723024697963, 'Risk Department': 5.528574410650659}",47.5,-34.0,-6.424723024697963,5.528574410650659,standard,asymmetric,
structured_debate,1,1.7410038861263892,47.06081806910927,True,38.0,39,318.5,52.110034112898106,260.55017056449054,0.409706162599914,585,78,0.0015990590036381036,0.5384615384615384,"{'Growth Department': 101.0, 'Trading/Opportunity Team': 92.5, 'Compliance Department': 5.5, 'Operations Department': 44.92269693131672, 'Risk Department': 16.627473633173814}",96.75,5.5,44.92269693131672,16.627473633173814,standard,asymmetric,
structured_debate,2,3.281027350750456,51.70845361770849,True,40.0,41,337.0,55.513412723013516,277.5670636150676,0.36458510500418717,615,82,0.0013891929993405938,0.6097560975609756,"{'Growth Department': 92.5, 'Trading/Opportunity Team': 103.0, 'Compliance Department': 12.5, 'Operations Department': 49.059106199575936, 'Risk Department': 20.50795741549168}",97.75,12.5,49.059106199575936,20.50795741549168,standard,asymmetric,
structured_debate,3,43.989562275876445,56.11183938644708,False,,100,753.5,149.55932053456135,747.7966026728068,0.257660959589532,1500,200,0.00299663999612676,0.83,"{'Growth Department': 217.0, 'Trading/Opportunity Team': 216.0, 'Compliance Department': 60.5, 'Operations Department': 200.39409045089116, 'Risk Department': 53.90251222191569}",216.5,60.5,200.39409045089116,53.90251222191569,standard,asymmetric,
structured_debate,4,3.892880547449714,44.752442904537794,True,57.0,58,453.0,71.64510888259565,358.22554441297825,0.41600283552242107,870,116,0.0018509020010242239,0.5862068965517241,"{'Growth Department': 132.5, 'Trading/Opportunity Team': 137.0, 'Compliance Department': 2.5, 'Operations Department': 57.282649993883204, 'Risk Department': 28.942894419095083}",134.75,2.5,57.282649993883204,28.942894419095083,standard,asymmetric,
structured_debate,5,2.7767385942365355,40.4557964129812,True,25.0,26,203.5,22.608932106863545,113.04466053431773,0.8194878020844492,390,52,0.0008921560001908801,0.4230769230769231,"{'Growth Department': 60.0, 'Trading/Opportunity Team': 62.0, 'Compliance Department': -27.5, 'Operations Department': 11.141461530944527, 'Risk Department': 7.4031990033732065}",61.0,-27.5,11.141461530944527,7.4031990033732065,standard,asymmetric,
structured_debate,6,1.3963058716569945,49.82679493300815,True,65.0,66,507.0,84.96041548742821,424.802077437141,0.3697829003788081,990,132,0.002120209996064659,0.7121212121212122,"{'Growth Department': 144.5, 'Trading/Opportunity Team': 149.0, 'Compliance Department': 8.5, 'Operations Department': 90.0134381412635, 'Risk Department': 32.7886392958775}",146.75,8.5,90.0134381412635,32.7886392958775,standard,asymmetric,
structured_debate,7,4.518890484811511,39.658409371650734,True,28.0,29,223.0,22.579838050133944,112.89919025066972,0.9889979040349001,435,58,0.0009223659944836982,0.3793103448275862,"{'Growth Department': 69.5, 'Trading/Opportunity Team': 66.0, 'Compliance Department': -41.0, 'Operations Department': 7.857343687125546, 'Risk Department': 10.541846563544166}",67.75,-41.0,7.857343687125546,10.541846563544166,standard,asymmetric,
structured_debate,8,1.4432634974977292,51.67604239127008,True,91.0,92,714.0,126.56779581520217,632.8389790760109,0.31981587823157887,1380,184,0.002633102994877845,0.75,"{'Growth Department': 194.0, 'Trading/Opportunity Team': 217.5, 'Compliance Department': 36.0, 'Operations Department': 134.31886375693628, 'Risk Department': 51.02011531907464}",205.75,36.0,134.31886375693628,51.02011531907464,standard,asymmetric,
structured_debate,9,2.138126464837681,46.31102168365321,True,51.0,52,399.5,59.34497840401631,296.72489202008154,0.5032260996049455,780,104,0.0014518249954562634,0.6153846153846154,"{'Growth Department': 125.0, 'Trading/Opportunity Team': 115.0, 'Compliance Department': -16.5, 'Operations Department': 48.52416718749208, 'Risk Department': 24.700724832589447}",120.0,-16.5,48.52416718749208,24.700724832589447,standard,asymmetric,
structured_debate,10,4.092519507244688,47.67713552536429,True,68.0,69,521.5,84.72389428676401,423.61947143382,0.38603406937080553,1035,138,0.002164698002161458,0.6956521739130435,"{'Growth Department': 143.0, 'Trading/Opportunity Team': 155.0, 'Compliance Department': 5.0, 'Operations Department': 86.44834248958804, 'Risk Department': 34.17112894423194}",149.0,5.0,86.44834248958804,34.17112894423194,standard,asymmetric,
structured_debate,11,2.31877783131608,37.93202660349834,True,55.0,56,384.5,37.871613867953386,189.35806933976693,1.0621242607226429,840,112,0.001796830001694616,0.5178571428571429,"{'Growth Department': 117.0, 'Trading/Opportunity Team': 117.0, 'Compliance Department': -81.0, 'Operations Department': 10.195501476582702, 'Risk Department': 26.162567863184236}",117.0,-81.0,10.195501476582702,26.162567863184236,standard,asymmetric,
structured_debate,12,3.587060904981719,54.622836579739285,True,79.0,80,603.5,103.28852938373527,516.4426469186764,0.359863183477359,1200,160,0.0029371569980867207,0.7375,"{'Growth Department': 172.5, 'Trading/Opportunity Team': 178.5, 'Compliance Department': 12.0, 'Operations Department': 112.56438442774785, 'Risk Department': 40.87826249092846}",175.5,12.0,112.56438442774785,40.87826249092846,standard,asymmetric,
structured_debate,13,50.579502209654,54.19762310258541,False,,100,765.5,151.7652152624742,758.8260763123709,0.25724155004175275,1500,200,0.0030642450001323596,0.8,"{'Growth Department': 220.0, 'Trading/Opportunity Team': 223.5, 'Compliance Department': 65.0, 'Operations Department': 193.32807141574037, 'Risk Department': 56.998004896630505}",221.75,65.0,193.32807141574037,56.998004896630505,standard,asymmetric,
structured_debate,14,1.0259195655617432,41.32933422813215,True,30.0,31,258.0,32.66906635549155,163.34533177745774,0.6459036934426184,465,62,0.0009573179995641112,0.3548387096774194,"{'Growth Department': 79.0, 'Trading/Opportunity Team': 77.5, 'Compliance Department': -20.5, 'Operations Department': 14.608714531632444, 'Risk Department': 12.73661724582531}",78.25,-20.5,14.608714531632444,12.73661724582531,standard,asymmetric,
structured_debate,15,49.86078340014162,54.99593825214113,False,,100,753.5,149.05209255130575,745.2604627565287,0.2500879397831815,1500,200,0.003192151001712773,0.82,"{'Growth Department': 218.0, 'Trading/Opportunity Team': 212.5, 'Compliance Department': 62.0, 'Operations Department': 192.4862799223297, 'Risk Department': 60.27418283419898}",215.25,62.0,192.4862799223297,60.27418283419898,standard,asymmetric,
structured_debate,16,1.859039813488578,45.53420325350556,True,91.0,92,706.5,124.73145577224383,623.6572788612192,0.3275379020336411,1380,184,0.002786864002700895,0.6847826086956522,"{'Growth Department': 204.0, 'Trading/Opportunity Team': 212.0, 'Compliance Department': 34.5, 'Operations Department': 124.83577062675229, 'Risk Department': 48.32150823446693}",208.0,34.5,124.83577062675229,48.32150823446693,standard,asymmetric,
structured_debate,17,2.3676709681470527,40.2370564420358,True,40.0,41,326.5,45.86214162619405,229.31070813097026,0.5415124350510544,615,82,0.001287382998270914,0.5121951219512195,"{'Growth Department': 101.5, 'Trading/Opportunity Team': 95.5, 'Compliance Department': -15.5, 'Operations Department': 28.747207989178587, 'Risk Department': 19.063500141791682}",98.5,-15.5,28.747207989178587,19.063500141791682,standard,asymmetric,
structured_debate,18,4.94939002743639,45.75968188879259,True,29.0,30,240.0,32.8173519474728,164.08675973736402,0.5670558195974847,450,60,0.0010105629989993758,0.4,"{'Growth Department': 73.5, 'Trading/Opportunity Team': 68.5, 'Compliance Department': -14.0, 'Operations Department': 25.202639807280317, 'Risk Department': 10.884119930083688}",71.0,-14.0,25.202639807280317,10.884119930083688,standard,asymmetric,
structured_debate,19,2.091979402515383,43.03302693864896,True,40.0,41,326.0,43.30497480913401,216.52487404567006,0.6252530549950873,615,82,0.001357692999590654,0.36585365853658536,"{'Growth Department': 96.5, 'Trading/Opportunity Team': 104.0, 'Compliance Department': -27.0, 'Operations Department': 20.042902551295782, 'Risk Department': 22.981971494374264}",100.25,-27.0,20.042902551295782,22.981971494374264,standard,asymmetric,
independent,0,0.3138077706292801,39.07231592525821,True,8.0,9,110.0,14.717440748452892,73.58720374226446,0.39630858886699477,0,0,0.000308695001876913,0.0,"{'Growth Department': 27.0, 'Trading/Opportunity Team': 23.0, 'Investment Department': 20.0, 'Operations Department': 3.0825096689410643, 'Risk Department': 0.5046940733233969}",23.333333333333332,,3.0825096689410643,0.5046940733233969,aggressive,asymmetric,
independent,1,0.0,40.49368632813785,True,11.0,12,152.5,22.673878221612632,113.36939110806316,0.3449298503885874,0,0,0.0003590359992813319,0.0,"{'Growth Department': 35.0, 'Trading/Opportunity Team': 32.0, 'Investment Department': 37.0, 'Operations Department': 1.8693911080631516, 'Risk Department': 7.499999999999999}",34.666666666666664,,1.8693911080631516,7.499999999999999,aggressive,asymmetric,
independent,2,1.6683520345293736,42.741607172347024,True,13.0,14,179.5,28.091549579651723,140.45774789825862,0.31186285327705593,0,0,0.0003722750043380074,0.0,"{'Growth Department': 40.0, 'Trading/Opportunity Team': 45.0, 'Investment Department': 38.0, 'Operations Department': 14.424380857568018, 'Risk Department': 3.033367040690588}",41.0,,14.424380857568018,3.033367040690588,aggressive,asymmetric,
independent,3,3.1966394118629022,38.62890101505611,True,12.0,13,164.0,24.828696556622916,124.14348278311458,0.40531353433482975,0,0,0.000374438997823745,0.0,"{'Growth Department': 41.0, 'Trading/Opportunity Team': 34.0, 'Investment Department': 45.0, 'Operations Department': 3.0795499948773273, 'Risk Department': 1.063932788237258}",40.0,,3.0795499948773273,1.063932788237258,aggressive,asymmetric,
independent,4,0.0,39.05558170806651,True,11.0,12,158.0,23.816392365047086,119.08196182523544,0.3706222996609956,0,0,0.0003875029942719266,0.0,"{'Growth Department': 30.0, 'Trading/Opportunity Team': 43.0, 'Investment Department': 37.0, 'Operations Department': 3.5819618252354335, 'Risk Department': 5.5}",36.666666666666664,,3.5819618252354335,5.5,aggressive,asymmetric,
independent,5,4.190329922877819,39.18328364224148,True,9.0,10,138.5,20.24453371776672,101.22266858883361,0.37617472900021964,0,0,0.0002599360013846308,0.0,"{'Growth Department': 33.0, 'Trading/Opportunity Team': 31.0, 'Investment Department': 33.0, 'Operations Department': 4.638861990376061, 'Risk Department': -0.41619340154244355}",32.333333333333336,,4.638861990376061,-0.41619340154244355,aggressive,asymmetric,
independent,6,0.6126171162046088,32.73747300335728,True,14.0,15,171.5,25.076080807561418,125.3804040378071,0.41873032799330423,0,0,0.00036429300234885886,0.0,"{'Growth Department': 41.0, 'Trading/Opportunity Team': 43.0, 'Investment Department': 41.5, 'Operations Department': -3.6318483045169927, 'Risk Department': 3.512252342324093}",41.833333333333336,,-3.6318483045169927,3.512252342324093,aggressive,asymmetric,
independent,7,0.0,38.404199103660325,True,11.0,12,152.5,22.631173046434444,113.15586523217222,0.37360244409357046,0,0,0.00031508800020674244,0.0,"{'Growth Department': 37.0, 'Trading/Opportunity Team': 35.5, 'Investment Department': 37.0, 'Operations Department': 1.655865232172216, 'Risk Department': 2.000000000000001}",36.5,,1.655865232172216,2.000000000000001,aggressive,asymmetric,
independent,8,3.624399484431109,36.93242906888951,True,11.0,12,155.5,23.097223656801415,115.48611828400708,0.3311229188137446,0,0,0.0003500090024317615,0.0,"{'Growth Department': 35.5, 'Trading/Opportunity Team': 37.0, 'Investment Department': 31.5, 'Operations Department': 2.4136302943184553, 'Risk Department': 9.072487989688621}",34.666666666666664,,2.4136302943184553,9.072487989688621,aggressive,asymmetric,
independent,9,1.238191243632361,36.24720983858321,True,12.0,13,161.0,23.82479847977879,119.12399239889395,0.3638267710619122,0,0,0.00033703100052662194,0.0,"{'Growth Department': 39.0, 'Trading/Opportunity Team': 33.5, 'Investment Department': 39.0, 'Operations Department': 6.599228574021302, 'Risk Department': 1.0247638248726476}",37.166666666666664,,6.599228574021302,1.0247638248726476,aggressive,asymmetric,
independent,10,2.002279092129644,37.31089763282727,True,12.0,13,163.0,24.41946330209083,122.09731651045415,0.3811563296756734,0,0,0.00035639099951367825,0.0,"{'Growth Department': 35.5, 'Trading/Opportunity Team': 41.0, 'Investment Department': 41.0, 'Operations Department': 2.0572709286115547, 'Risk Department': 2.5400455818425938}",39.166666666666664,,2.0572709286115547,2.5400455818425938,aggressive,asymmetric,
independent,11,4.89756451978023,35.236979196541164,True,10.0,11,147.0,21.537390870950208,107.68695435475104,0.381565411321753,0,0,0.0003183700027875602,0.0,"{'Growth Department': 35.0, 'Trading/Opportunity Team': 35.0, 'Investment Department': 35.0, 'Operations Department': -0.41099693564455997, 'Risk Department': 3.0979512903956046}",35.0,,-0.41099693564455997,3.0979512903956046,aggressive,asymmetric,
independent,12,2.788499907670813,38.98703913456766,True,11.0,12,158.0,23.73404901582241,118.67024507911205,0.3649574831519164,0,0,0.0004381809994811192,0.0,"{'Growth Department': 39.0, 'Trading/Opportunity Team': 37.5, 'Investment Department': 37.0, 'Operations Department': 3.1144750809586235, 'Risk Department': 2.0557699981534165}",37.833333333333336,,3.1144750809586235,2.0557699981534165,aggressive,asymmetric,
independent,13,2.716022076137298,36.8362085715167,True,11.0,12,152.5,22.394960042686396,111.97480021343198,0.37188624517740704,0,0,0.0003663359966594726,0.0,"{'Growth Department': 37.5, 'Trading/Opportunity Team': 37.0, 'Investment Department': 31.5, 'Operations Department': 1.9204797719092266, 'Risk Department': 4.054320441522744}",35.333333333333336,,1.9204797719092266,4.054320441522744,aggressive,asymmetric,
independent,14,3.1834146954463307,40.650723094893905,True,12.0,13,163.5,25.05611271678412,125.2805635839206,0.35011262716332325,0,0,0.00038035799661884084,0.0,"{'Growth Department': 41.0, 'Trading/Opportunity Team': 35.5, 'Investment Department': 39.5, 'Operations Department': 6.71689529001166, 'Risk Department': 2.5636682939089273}",38.666666666666664,,6.71689529001166,2.5636682939089273,aggressive,asymmetric,
independent,15,0.0,31.712464260530258,True,14.0,15,170.0,24.769291211633806,123.84645605816904,0.4628540612138387,0,0,0.00047138599620666355,0.0,"{'Growth Department': 37.5, 'Trading/Opportunity Team': 41.5, 'Investment Department': 47.0, 'Operations Department': -5.653543941830955, 'Risk Department': 3.5}",42.0,,-5.653543941830955,3.5,aggressive,asymmetric,
independent,16,2.936672936944621,35.196616468623084,True,11.0,12,147.5,21.296200320324623,106.48100160162312,0.42109570184127165,0,0,0.00031581000075675547,0.0,"{'Growth Department': 35.5, 'Trading/Opportunity Team': 37.0, 'Investment Department': 35.0, 'Operations Department': -1.5777318571157712, 'Risk Department': 0.5587334587388924}",35.833333333333336,,-1.5777318571157712,0.5587334587388924,aggressive,asymmetric,
independent,17,4.443196960354378,39.304847129045825,True,9.0,10,125.5,17.64157654857903,88.20788274289517,0.41117911748412383,0,0,0.00031739599944557995,0.0,"{'Growth Department': 31.0, 'Trading/Opportunity Team': 29.0, 'Investment Department': 27.5, 'Operations Department': -0.38098119631192606, 'Risk Department': 1.0888639392070871}",29.166666666666668,,-0.38098119631192606,1.0888639392070871,aggressive,asymmetric,
independent,18,0.0,43.75202659409646,True,11.0,12,152.5,23.102529252736936,115.51264626368467,0.3514328760321071,0,0,0.0004139439988648519,0.0,"{'Growth Department': 37.0, 'Trading/Opportunity Team': 35.5, 'Investment Department': 35.5, 'Operations Department': 7.012646263684669, 'Risk Department': 0.5}",36.0,,7.012646263684669,0.5,aggressive,asymmetric,
independent,19,1.3736143749117868,38.92674748458669,True,14.0,15,179.5,27.454170247844463,137.2708512392223,0.3306915307497631,0,0,0.0004978729994036257,0.0,"{'Growth Department': 42.0, 'Trading/Opportunity Team': 43.5, 'Investment Department': 39.5, 'Operations Department': 3.243378951724077, 'Risk Department': 9.027472287498236}",41.666666666666664,,3.243378951724077,9.027472287498236,aggressive,asymmetric,
voting,0,2.714078447194339,41.404623075435616,True,5.0,6,110.0,15.568241117775887,77.84120558887943,0.0635749166400501,30,6,0.0002887110022129491,1.0,"{'Growth Department': 17.0, 'Trading/Opportunity Team': 17.0, 'Investment Department': 17.0, 'Operations Department': 11.78692401993554, 'Risk Department': 15.054281568943887}",17.0,,11.78692401993554,15.054281568943887,aggressive,asymmetric,
voting,1,0.0,36.98684691819208,True,7.0,8,130.0,18.775014960584656,93.87507480292328,0.08628424717280918,40,8,0.00046872199891367927,1.0,"{'Growth Department': 21.0, 'Trading/Opportunity Team': 21.0, 'Investment Department': 21.0, 'Operations Department': 11.87507480292328, 'Risk Department': 19.0}",21.0,,11.87507480292328,19.0,aggressive,asymmetric,
voting,2,1.9114017747198648,39.105962301953625,True,9.0,10,155.0,23.57153533075287,117.85767665376434,0.07476428624512917,50,10,0.0005944209988228977,1.0,"{'Growth Department': 26.0, 'Trading/Opportunity Team': 26.0, 'Investment Department': 26.0, 'Operations Department': 16.113460662415893, 'Risk Department': 23.74421599134845}",26.0,,16.113460662415893,23.74421599134845,aggressive,asymmetric,
voting,3,1.4985326628034148,33.44719168855813,True,9.0,10,142.5,20.556795339113215,102.78397669556608,0.1067939923580914,50,10,0.00038366700027836487,1.0,"{'Growth Department': 23.5, 'Trading/Opportunity Team': 23.5, 'Investment Department': 23.5, 'Operations Department': 10.774245250032596, 'Risk Department': 21.50973144553349}",23.5,,10.774245250032596,21.50973144553349,aggressive,asymmetric,
voting,4,2.3127193929693046,36.541155692195524,True,9.0,10,145.0,21.394084828054336,106.97042414027167,0.08949565631818875,50,10,0.0003302990007796325,1.0,"{'Growth Department': 24.0, 'Trading/Opportunity Team': 24.0, 'Investment Department': 24.0, 'Operations Department': 13.096105072056705, 'Risk Department': 21.874319068214973}",24.0,,13.096105072056705,21.874319068214973,aggressive,asymmetric,
voting,5,3.360661877460295,36.822266977020455,True,6.0,7,120.0,16.938169275569575,84.69084637784788,0.08825284564278917,35,7,0.00021213199943304062,1.0,"{'Growth Department': 19.0, 'Trading/Opportunity Team': 19.0, 'Investment Department': 19.0, 'Operations Department': 10.623633140298667, 'Risk Department': 17.067213237549208}",19.0,,10.623633140298667,17.067213237549208,aggressive,asymmetric,
voting,6,3.6160081793588734,38.16925598526611,True,6.0,7,130.0,19.10759313712898,95.53796568564489,0.07116077329183171,35,7,0.0002543579976190813,1.0,"{'Growth Department': 21.0, 'Trading/Opportunity Team': 21.0, 'Investment Department': 21.0, 'Operations Department': 13.465645522057706, 'Risk Department': 19.07232016358718}",21.0,,13.465645522057706,19.07232016358718,aggressive,asymmetric,
voting,7,4.1155056106167045,39.17612119596347,True,6.0,7,130.0,19.161213217417206,95.80606608708604,0.06876465597937872,35,7,0.00026483200053917244,1.0,"{'Growth Department': 21.0, 'Trading/Opportunity Team': 21.0, 'Investment Department': 21.0, 'Operations Department': 13.723755974873693, 'Risk Department': 19.082310112212337}",21.0,,13.723755974873693,19.082310112212337,aggressive,asymmetric,
voting,8,4.740451767121973,36.269169917118155,True,7.0,8,132.5,19.249662586276237,96.24831293138118,0.08505147472447146,40,8,0.00028424899937817827,1.0,"{'Growth Department': 21.5, 'Trading/Opportunity Team': 21.5, 'Investment Department': 21.5, 'Operations Department': 12.286534682227835, 'Risk Department': 19.461778249153348}",21.5,,12.286534682227835,19.461778249153348,aggressive,asymmetric,
voting,9,0.0,34.57043807623815,True,8.0,9,142.5,20.879930503595265,104.39965251797632,0.0925142882631496,45,9,0.0003133200007141568,1.0,"{'Growth Department': 23.5, 'Trading/Opportunity Team': 23.5, 'Investment Department': 23.5, 'Operations Department': 12.454198612971886, 'Risk Department': 21.445453905004445}",23.5,,12.454198612971886,21.445453905004445,aggressive,asymmetric,
voting,10,0.0,37.02298056515931,True,9.0,10,152.5,22.974094574682503,114.87047287341251,0.08048499996453451,50,10,0.00037182399682933465,1.0,"{'Growth Department': 25.5, 'Trading/Opportunity Team': 25.5, 'Investment Department': 25.5, 'Operations Department': 15.016152113730808, 'Risk Department': 23.354320759681695}",25.5,,15.016152113730808,23.354320759681695,aggressive,asymmetric,
voting,11,0.0,31.091360792719414,True,7.0,8,130.0,18.355413313746638,91.77706656873319,0.10654455530772822,40,8,0.00031422099709743634,1.0,"{'Growth Department': 21.0, 'Trading/Opportunity Team': 21.0, 'Investment Department': 21.0, 'Operations Department': 9.777066568733193, 'Risk Department': 19.0}",21.0,,9.777066568733193,19.0,aggressive,asymmetric,
voting,12,0.0,35.989359770330125,True,7.0,8,140.0,20.66209013833294,103.3104506916647,0.08277613145054445,40,8,0.00032196700340136886,1.0,"{'Growth Department': 23.0, 'Trading/Opportunity Team': 23.0, 'Investment Department': 23.0, 'Operations Department': 13.310450691664705, 'Risk Department': 21.000000000000004}",23.0,,13.310450691664705,21.000000000000004,aggressive,asymmetric,
voting,13,0.6097826628491525,31.641589687712912,True,8.0,9,132.5,18.526445530340084,92.63222765170042,0.11980693109648417,45,9,0.0003085510033997707,1.0,"{'Growth Department': 21.5, 'Trading/Opportunity Team': 21.5, 'Investment Department': 21.5, 'Operations Department': 8.62281505934681, 'Risk Department': 19.509412592353613}",21.5,,8.62281505934681,19.509412592353613,aggressive,asymmetric,
voting,14,0.0,31.890096611521635,True,8.0,9,142.5,20.620652424913487,103.10326212456744,0.10394812035527554,45,9,0.00038255000254139304,1.0,"{'Growth Department': 23.5, 'Trading/Opportunity Team': 23.5, 'Investment Department': 23.5, 'Operations Department': 11.10326212456743, 'Risk Department': 21.5}",23.5,,11.10326212456743,21.5,aggressive,asymmetric,
voting,15,4.121386549432245,34.32393348607794,True,8.0,9,132.5,19.04248699124097,95.21243495620485,0.0951088986092925,45,9,0.000339359998179134,1.0,"{'Growth Department': 21.5, 'Trading/Opportunity Team': 21.5, 'Investment Department': 21.5, 'Operations Department': 11.148690487311267, 'Risk Department': 19.563744468893578}",21.5,,11.148690487311267,19.563744468893578,aggressive,asymmetric,
voting,16,0.0,32.1496174882328,True,7.0,8,130.0,18.338785479287402,91.693927396437,0.10736652210659851,40,8,0.000303631997667253,1.0,"{'Growth Department': 21.0, 'Trading/Opportunity Team': 21.0, 'Investment Department': 21.0, 'Operations Department': 9.693927396437005, 'Risk Department': 19.0}",21.0,,9.693927396437005,19.0,aggressive,asymmetric,
voting,17,0.0,32.587557980367166,True,7.0,8,122.5,16.890839289055464,84.45419644527732,0.11398300193174134,40,8,0.000399333999666851,1.0,"{'Growth Department': 19.5, 'Trading/Opportunity Team': 19.5, 'Investment Department': 19.5, 'Operations Department': 8.479946463308407, 'Risk Department': 17.474249981968914}",19.5,,8.479946463308407,17.474249981968914,aggressive,asymmetric,
voting,18,0.0,41.57704040085716,True,7.0,8,140.0,21.17744683040766,105.8872341520383,0.0612936274173558,40,8,0.00029738800367340446,1.0,"{'Growth Department': 23.0, 'Trading/Opportunity Team': 23.0, 'Investment Department': 23.0, 'Operations Department': 15.88723415203831, 'Risk Department': 21.0}",23.0,,15.88723415203831,21.0,aggressive,asymmetric,
voting,19,0.09912015209499536,34.09459316744007,True,9.0,10,152.5,22.594601847809013,112.97300923904507,0.0953882017525638,50,10,0.0004102320017409511,1.0,"{'Growth Department': 25.5, 'Trading/Opportunity Team': 25.5, 'Investment Department': 25.5, 'Operations Department': 13.086260266234206, 'Risk Department': 23.386748972810864}",25.5,,13.086260266234206,23.386748972810864,aggressive,asymmetric,
adaptive_voting,0,4.179428802090477,29.625114324106956,True,54.0,55,372.5,54.26463006404517,271.32315032022586,0.21455259166153606,275,55,0.0013485230010701343,1.0,"{'Growth Department': 69.5, 'Trading/Opportunity Team': 69.5, 'Investment Department': 69.5, 'Operations Department': 0.14413698233165473, 'Risk Department': 62.67901333789425}",69.5,,0.14413698233165473,62.67901333789425,aggressive,asymmetric,
adaptive_voting,1,0.9653421935263129,24.00053047963969,True,30.0,31,215.0,27.118326252925478,135.59163126462738,0.31165933406278673,155,31,0.0008959129991126247,1.0,"{'Growth Department': 38.0, 'Trading/Opportunity Team': 38.0, 'Investment Department': 38.0, 'Operations Department': -13.237625025679103, 'Risk Department': 34.82925629030648}",38.0,,-13.237625025679103,34.82925629030648,aggressive,asymmetric,
adaptive_voting,2,0.0,30.22964109986604,True,41.0,42,295.0,42.152044282701674,210.76022141350836,0.21542063114987986,210,42,0.0011334110022289678,1.0,"{'Growth Department': 54.0, 'Trading/Opportunity Team': 54.0, 'Investment Department': 54.0, 'Operations Department': -0.2654712089742617, 'Risk Department': 49.02569262248262}",54.0,,-0.2654712089742617,49.02569262248262,aggressive,asymmetric,
adaptive_voting,3,4.6050326374612105,30.726918960439928,True,35.0,36,287.5,42.70956297782106,213.5478148891053,0.17493690408735924,180,36,0.0009880529978545383,1.0,"{'Growth Department': 52.5, 'Trading/Opportunity Team': 52.5, 'Investment Department': 52.5, 'Operations Department': 8.058701082593274, 'Risk Department': 47.989113806512016}",52.5,,8.058701082593274,47.989113806512016,aggressive,asymmetric,
adaptive_voting,4,4.896480463458268,37.56291931948164,True,10.0,11,150.0,22.326503234817967,111.63251617408983,0.08744601037301454,55,11,0.0003952089973608963,1.0,"{'Growth Department': 25.0, 'Trading/Opportunity Team': 25.0, 'Investment Department': 25.0, 'Operations Department': 13.962938407597278, 'Risk Department': 22.669577766492544}",25.0,,13.962938407597278,22.669577766492544,aggressive,asymmetric,
adaptive_voting,5,4.992054854049005,29.036403475967315,True,17.0,18,150.0,19.35799164104958,96.7899582052479,0.22189262616231248,90,18,0.0004646140005206689,1.0,"{'Growth Department': 25.0, 'Trading/Opportunity Team': 25.0, 'Investment Department': 25.0, 'Operations Department': -0.4824032360052213, 'Risk Department': 22.272361441253118}",25.0,,-0.4824032360052213,22.272361441253118,aggressive,asymmetric,
adaptive_voting,6,0.0,34.93671100079515,True,64.0,65,492.5,79.53495311885044,397.67476559425216,0.13190427438707583,325,65,0.0015463489980902523,1.0,"{'Growth Department': 93.5, 'Trading/Opportunity Team': 93.5, 'Investment Department': 93.5, 'Operations Department': 32.187730911347046, 'Risk Department': 84.98703468290512}",93.5,,32.187730911347046,84.98703468290512,aggressive,asymmetric,
adaptive_voting,7,0.0,25.19646138881497,True,91.0,92,525.0,70.39935120934076,351.9967560467038,0.32687686698601565,460,92,0.002774451997538563,1.0,"{'Growth Department': 100.0, 'Trading/Opportunity Team': 100.0, 'Investment Department': 100.0, 'Operations Department': -39.64574806117232, 'Risk Department': 91.64250410787614}",100.0,,-39.64574806117232,91.64250410787614,aggressive,asymmetric,
adaptive_voting,8,4.061564811109591,36.99457531962495,True,24.0,25,245.0,38.77318354735801,193.86591773679004,0.09958405629047232,125,25,0.0007191920012701303,1.0,"{'Growth Department': 44.0, 'Trading/Opportunity Team': 44.0, 'Investment Department': 44.0, 'Operations Department': 21.869196101448544, 'Risk Department': 39.99672163534147}",44.0,,21.869196101448544,39.99672163534147,aggressive,asymmetric,
adaptive_voting,9,4.350847066467103,31.703032586345543,True,71.0,72,502.5,77.42106500404995,387.1053250202498,0.17788586312619578,360,72,0.0017201379960170016,1.0,"{'Growth Department': 95.5, 'Trading/Opportunity Team': 95.5, 'Investment Department': 95.5, 'Operations Department': 13.743262824816057, 'Risk Department': 86.86206219543371}",95.5,,13.743262824816057,86.86206219543371,aggressive,asymmetric,
adaptive_voting,10,4.20469861223094,31.20009877026866,True,53.0,54,387.5,58.5151793571737,292.5758967858685,0.1825624337353487,270,54,0.001332148996880278,1.0,"{'Growth Department': 72.5, 'Trading/Opportunity Team': 72.5, 'Investment Department': 72.5, 'Operations Department': 8.89068379030568, 'Risk Department': 66.18521299556281}",72.5,,8.89068379030568,66.18521299556281,aggressive,asymmetric,
adaptive_voting,11,4.483494044124804,25.831283429834592,True,80.0,81,480.0,65.39158555792605,326.9579277896302,0.30297331895556534,405,81,0.0019611810057540424,1.0,"{'Growth Department': 91.0, 'Trading/Opportunity Team': 91.0, 'Investment Department': 91.0, 'Operations Department': -28.606749142776003, 'Risk Department': 82.56467693240624}",91.0,,-28.606749142776003,82.56467693240624,aggressive,asymmetric,
adaptive_voting,12,3.103444138864198,24.332687950901484,True,62.0,63,400.0,53.76916887340449,268.84584436702244,0.306766525605261,315,63,0.001546166997286491,1.0,"{'Growth Department': 75.0, 'Trading/Opportunity Team': 75.0, 'Investment Department': 75.0, 'Operations Department': -25.028108366732774, 'Risk Department': 68.87395273375517}",75.0,,-25.028108366732774,68.87395273375517,aggressive,asymmetric,
adaptive_voting,13,4.121395132511165,34.38216485634101,True,43.0,44,360.0,56.858670790199014,284.2933539509951,0.1343701818885922,220,44,0.052444355002080556,1.0,"{'Growth Department': 67.0, 'Trading/Opportunity Team': 67.0, 'Investment Department': 67.0, 'Operations Department': 22.2052718487221, 'Risk Department': 61.08808210227296}",67.0,,22.2052718487221,61.08808210227296,aggressive,asymmetric,
adaptive_voting,14,3.667765703188657,42.1128136938398,True,14.0,15,175.0,27.347131106879107,136.73565553439553,0.06898040483923769,75,15,0.0005699999965145253,1.0,"{'Growth Department': 30.0, 'Trading/Opportunity Team': 30.0, 'Investment Department': 30.0, 'Operations Department': 19.684142278801563, 'Risk Department': 27.051513255593964}",30.0,,19.684142278801563,27.051513255593964,aggressive,asymmetric,
adaptive_voting,15,4.63936591463594,25.070366420039136,True,50.0,51,350.0,48.27856798670501,241.39283993352507,0.26807435127052914,255,51,0.0014345389936352149,1.0,"{'Growth Department': 65.0, 'Trading/Opportunity Team': 65.0, 'Investment Department': 65.0, 'Operations Department': -13.170912349851065, 'Risk Department': 59.56375228337611}",65.0,,-13.170912349851065,59.56375228337611,aggressive,asymmetric,
adaptive_voting,16,0.0,32.67313330139127,True,51.0,52,407.5,63.75756098620472,318.78780493102363,0.1512101859638264,260,52,0.0013682829958270304,1.0,"{'Growth Department': 76.5, 'Trading/Opportunity Team': 76.5, 'Investment Department': 76.5, 'Operations Department': 19.70228690242601, 'Risk Department': 69.58551802859763}",76.5,,19.70228690242601,69.58551802859763,aggressive,asymmetric,
adaptive_voting,17,4.623023436449841,28.05249165880255,True,15.0,16,145.0,18.68941856749814,93.4470928374907,0.21616750762504217,80,16,0.0007076649999362417,1.0,"{'Growth Department': 24.0, 'Trading/Opportunity Team': 24.0, 'Investment Department': 24.0, 'Operations Department': 0.05234427879356307, 'Risk Department': 21.39474855869713}",24.0,,0.05234427879356307,21.39474855869713,aggressive,asymmetric,
adaptive_voting,18,0.0,39.37206361730485,True,11.0,12,152.5,22.732133824189464,113.66066912094732,0.08843421646096025,60,12,0.00043644299876177683,1.0,"{'Growth Department': 25.5, 'Trading/Opportunity Team': 25.5, 'Investment Department': 25.5, 'Operations Department': 14.210600338704051, 'Risk Department': 22.950068782243264}",25.5,,14.210600338704051,22.950068782243264,aggressive,asymmetric,
adaptive_voting,19,3.7000654264497257,33.42171467296426,True,87.0,88,577.5,89.4570052345886,447.28502617294305,0.17866668534540314,440,88,0.0020638240021071397,1.0,"{'Growth Department': 110.5, 'Trading/Opportunity Team': 110.5, 'Investment Department': 110.5, 'Operations Department': 15.927641249677903, 'Risk Department': 99.85738492326517}",110.5,,15.927641249677903,99.85738492326517,aggressive,asymmetric,
centralized_profit,0,4.691254856112467,38.42255541930282,True,9.0,10,111.0,14.685847067183278,73.42923533591639,0.3843620123579761,60,10,0.0006791549967601895,0.3,"{'Growth Department': 25.0, 'Trading/Opportunity Team': 25.0, 'Investment Department': 20.0, 'Operations Department': 2.416992320883322, 'Risk Department': 1.0122430150330617}",23.333333333333332,,2.416992320883322,1.0122430150330617,aggressive,asymmetric,
centralized_profit,1,1.5787996636342498,44.525508881648584,True,12.0,13,150.5,22.320215882230194,111.60107941115098,0.36808499844998543,78,13,0.00045708900142926723,0.23076923076923078,"{'Growth Department': 34.0, 'Trading/Opportunity Team': 36.0, 'Investment Department': 36.0, 'Operations Department': -0.2977872663265071, 'Risk Department': 5.898866677477488}",35.333333333333336,,-0.2977872663265071,5.898866677477488,aggressive,asymmetric,
centralized_profit,2,0.0,41.48373043828312,True,14.0,15,184.5,28.705199490623407,143.52599745311704,0.3232139252953557,90,15,0.00048816799971973523,0.06666666666666667,"{'Growth Department': 42.0, 'Trading/Opportunity Team': 47.0, 'Investment Department': 38.0, 'Operations Department': 13.02599745311704, 'Risk Department': 3.5}",42.333333333333336,,13.02599745311704,3.5,aggressive,asymmetric,
centralized_profit,3,3.111752243495907,40.209609425879854,True,16.0,17,191.5,29.90756437145901,149.53782185729506,0.34961709174338723,102,17,0.0004655619995901361,0.17647058823529413,"{'Growth Department': 46.0, 'Trading/Opportunity Team': 48.0, 'Investment Department': 46.5, 'Operations Department': 6.278089673060675, 'Risk Department': 2.7597321842343856}",46.833333333333336,,6.278089673060675,2.7597321842343856,aggressive,asymmetric,
centralized_profit,4,1.528390779935016,38.10379266910172,True,12.0,13,161.0,24.14269381858512,120.71346909292559,0.369813345497791,78,13,0.0005913099957979284,0.07692307692307693,"{'Growth Department': 32.0, 'Trading/Opportunity Team': 43.0, 'Investment Department': 37.0, 'Operations Department': 2.682901277326886, 'Risk Department': 6.030567815598703}",37.333333333333336,,2.682901277326886,6.030567815598703,aggressive,asymmetric,
centralized_profit,5,4.486050062211643,37.85200623555732,True,10.0,11,143.0,20.840187384348646,104.20093692174324,0.359725525874647,66,11,0.0003442309971433133,0.18181818181818182,"{'Growth Department': 33.0, 'Trading/Opportunity Team': 33.0, 'Investment Department': 33.0, 'Operations Department': 5.111215920499008, 'Risk Department': 0.08972100124423221}",33.0,,5.111215920499008,0.08972100124423221,aggressive,asymmetric,
centralized_profit,6,0.6126171162046088,32.73747300335728,True,14.0,15,171.5,25.076080807561418,125.3804040378071,0.41873032799330423,90,15,0.0003876390037476085,0.0,"{'Growth Department': 41.0, 'Trading/Opportunity Team': 43.0, 'Investment Department': 41.5, 'Operations Department': -3.6318483045169927, 'Risk Department': 3.512252342324093}",41.833333333333336,,-3.6318483045169927,3.512252342324093,aggressive,asymmetric,
centralized_profit,7,0.0,38.404199103660325,True,11.0,12,149.5,22.031173046434443,110.15586523217222,0.36743670188558397,72,12,0.0003319669995107688,0.08333333333333333,"{'Growth Department': 35.5, 'Trading/Opportunity Team': 35.5, 'Investment Department': 35.5, 'Operations Department': 1.655865232172216, 'Risk Department': 2.000000000000001}",35.5,,1.655865232172216,2.000000000000001,aggressive,asymmetric,
centralized_profit,8,3.624399484431109,36.93242906888951,True,11.0,12,155.5,23.097223656801415,115.48611828400708,0.3311229188137446,72,12,0.0003775449949898757,0.0,"{'Growth Department': 35.5, 'Trading/Opportunity Team': 37.0, 'Investment Department': 31.5, 'Operations Department': 2.4136302943184553, 'Risk Department': 9.072487989688621}",34.666666666666664,,2.4136302943184553,9.072487989688621,aggressive,asymmetric,
centralized_profit,9,1.5905373927427693,37.92641886534042,True,14.0,15,174.0,26.273929351752592,131.36964675876297,0.34618898580556845,90,15,0.0003738710001925938,0.13333333333333333,"{'Growth Department': 41.5, 'Trading/Opportunity Team': 41.5, 'Investment Department': 39.5, 'Operations Department': 6.936105460155771, 'Risk Department': 1.9335412986072082}",40.833333333333336,,6.936105460155771,1.9335412986072082,aggressive,asymmetric,
centralized_profit,10,2.002279092129644,37.31089763282727,True,12.0,13,163.0,24.41946330209083,122.09731651045415,0.3811563296756734,78,13,0.00036645299405790865,0.0,"{'Growth Department': 35.5, 'Trading/Opportunity Team': 41.0, 'Investment Department': 41.0, 'Operations Department': 2.0572709286115547, 'Risk Department': 2.5400455818425938}",39.166666666666664,,2.0572709286115547,2.5400455818425938,aggressive,asymmetric,
centralized_profit,11,4.89756451978023,35.236979196541164,True,10.0,11,147.0,21.537390870950208,107.68695435475104,0.381565411321753,66,11,0.0003336790032335557,0.0,"{'Growth Department': 35.0, 'Trading/Opportunity Team': 35.0, 'Investment Department': 35.0, 'Operations Department': -0.41099693564455997, 'Risk Department': 3.0979512903956046}",35.0,,-0.41099693564455997,3.0979512903956046,aggressive,asymmetric,
centralized_profit,12,0.25944010027772,36.23876228577613,True,12.0,13,162.0,23.963046057796166,119.81523028898083,0.38183702672251235,78,13,0.0004019620027975179,0.07692307692307693,"{'Growth Department': 39.5, 'Trading/Opportunity Team': 39.5, 'Investment Department': 37.5, 'Operations Department': 0.8100414869752868, 'Risk Department': 2.505188802005554}",38.833333333333336,,0.8100414869752868,2.505188802005554,aggressive,asymmetric,
centralized_profit,13,0.5919879535273118,35.94094855470608,True,14.0,15,174.0,25.979999348177664,129.89999674088833,0.3591292115817488,90,15,0.00044475000322563574,0.2,"{'Growth Department': 41.5, 'Trading/Opportunity Team': 43.0, 'Investment Department': 37.5, 'Operations Department': 2.972794724044239, 'Risk Department': 4.927202016844102}",40.666666666666664,,2.972794724044239,4.927202016844102,aggressive,asymmetric,
centralized_profit,14,0.052391168457507575,43.93640050872269,True,14.0,15,173.0,27.02970301022762,135.1485150511381,0.30508169167182597,90,15,0.0004501000003074296,0.3333333333333333,"{'Growth Department': 39.5, 'Trading/Opportunity Team': 41.5, 'Investment Department': 38.0, 'Operations Department': 12.875374099117344, 'Risk Department': 3.273140952020748}",39.666666666666664,,12.875374099117344,3.273140952020748,aggressive,asymmetric,
centralized_profit,15,0.0,32.55432516947501,True,15.0,16,177.5,26.181482425342104,130.9074121267105,0.4340020024211314,96,16,0.0004896059981547296,0.3125,"{'Growth Department': 40.0, 'Trading/Opportunity Team': 45.5, 'Investment Department': 45.5, 'Operations Department': -5.442609613612177, 'Risk Department': 5.350021740322699}",43.666666666666664,,-5.442609613612177,5.350021740322699,aggressive,asymmetric,
centralized_profit,16,2.936672936944621,35.196616468623084,True,11.0,12,147.5,21.296200320324623,106.48100160162312,0.42109570184127165,72,12,0.00041770999814616516,0.0,"{'Growth Department': 35.5, 'Trading/Opportunity Team': 37.0, 'Investment Department': 35.0, 'Operations Department': -1.5777318571157712, 'Risk Department': 0.5587334587388924}",35.833333333333336,,-1.5777318571157712,0.5587334587388924,aggressive,asymmetric,
centralized_profit,17,3.3975678372961156,38.35374464565388,True,10.0,11,131.5,18.535506669827612,92.67753334913806,0.3872044557789437,66,11,0.00038789499376434833,0.09090909090909091,"{'Growth Department': 31.0, 'Trading/Opportunity Team': 31.0, 'Investment Department': 27.5, 'Operations Department': 0.10958199239214217, 'Risk Department': 3.0679513567459233}",29.833333333333332,,0.10958199239214217,3.0679513567459233,aggressive,asymmetric,
centralized_profit,18,0.5257503368977874,41.95603591950688,True,13.0,14,159.5,23.868244159228535,119.34122079614268,0.3747118377034873,84,14,0.00040569699922343716,0.14285714285714285,"{'Growth Department': 38.0, 'Trading/Opportunity Team': 40.0, 'Investment Department': 36.5, 'Operations Department': 3.4788619880360017, 'Risk Department': 1.3623588081066762}",38.166666666666664,,3.4788619880360017,1.3623588081066762,aggressive,asymmetric,
centralized_profit,19,1.6628001170855864,41.317057676581655,True,15.0,16,185.0,28.54366736588371,142.71833682941855,0.338853598377724,96,16,0.00047265800094464794,0.1875,"{'Growth Department': 42.5, 'Trading/Opportunity Team': 47.5, 'Investment Department': 40.0, 'Operations Department': 3.8801081977501024, 'Risk Department': 8.838228631668457}",43.333333333333336,,3.8801081977501024,8.838228631668457,aggressive,asymmetric,
centralized_sustainability,0,3.8211679302238064,44.28810467841873,True,9.0,10,107.5,14.109480269770188,70.54740134885094,0.4067380589270133,60,10,0.00036361200182000175,0.3,"{'Growth Department': 24.0, 'Trading/Opportunity Team': 22.0, 'Investment Department': 24.0, 'Operations Department': -0.2831840662924341, 'Risk Department': 0.8305854151433811}",23.333333333333332,,-0.2831840662924341,0.8305854151433811,aggressive,asymmetric,
centralized_sustainability,1,3.1851078105880095,40.92577864568685,True,11.0,12,148.5,21.948839946582037,109.74419973291019,0.3684032611705522,72,12,0.00039033299981383607,0.16666666666666666,"{'Growth Department': 35.0, 'Trading/Opportunity Team': 32.0, 'Investment Department': 37.0, 'Operations Department': 2.180497576698431, 'Risk Department': 3.56370215621176}",34.666666666666664,,2.180497576698431,3.56370215621176,aggressive,asymmetric,
centralized_sustainability,2,4.606566806885647,44.753140613736186,True,17.0,18,202.0,32.08703950788128,160.4351975394064,0.3238191660656112,108,18,0.0011142529983771965,0.16666666666666666,"{'Growth Department': 43.0, 'Trading/Opportunity Team': 48.0, 'Investment Department': 52.0, 'Operations Department': 12.750374765768225, 'Risk Department': 4.684822773638179}",47.666666666666664,,12.750374765768225,4.684822773638179,aggressive,asymmetric,
centralized_sustainability,3,4.3776860613060595,36.701629082779455,True,14.0,15,174.0,26.21155592774526,131.0577796387263,0.40581107767935914,90,15,0.00039330299478024244,0.06666666666666667,"{'Growth Department': 43.0, 'Trading/Opportunity Team': 38.0, 'Investment Department': 47.0, 'Operations Department': 0.9804733776350822, 'Risk Department': 2.0773062610911897}",42.666666666666664,,0.9804733776350822,2.0773062610911897,aggressive,asymmetric,
centralized_sustainability,4,2.335867951756292,38.80229754300021,True,12.0,13,161.0,24.25489048760057,121.27445243800284,0.3446655429310642,78,13,0.00043466000352054834,0.23076923076923078,"{'Growth Department': 34.0, 'Trading/Opportunity Team': 39.0, 'Investment Department': 39.0, 'Operations Department': 3.2277350789677053, 'Risk Department': 6.046717359035126}",37.333333333333336,,3.2277350789677053,6.046717359035126,aggressive,asymmetric,
centralized_sustainability,5,4.190329922877819,39.18328364224148,True,9.0,10,138.5,20.24453371776672,101.22266858883361,0.37617472900021964,60,10,0.0003976240041083656,0.0,"{'Growth Department': 33.0, 'Trading/Opportunity Team': 31.0, 'Investment Department': 33.0, 'Operations Department': 4.638861990376061, 'Risk Department': -0.41619340154244355}",32.333333333333336,,4.638861990376061,-0.41619340154244355,aggressive,asymmetric,
centralized_sustainability,6,0.9895027389286248,31.766257385968352,True,15.0,16,175.5,25.476403026070432,127.38201513035216,0.42931634154712023,96,16,0.00038516599306603894,0.0625,"{'Growth Department': 41.5, 'Trading/Opportunity Team': 43.5, 'Investment Department': 43.5, 'Operations Department': -5.099966917008937, 'Risk Department': 3.981982047361103}",42.833333333333336,,-5.099966917008937,3.981982047361103,aggressive,asymmetric,
centralized_sustainability,7,0.0,38.404199103660325,True,11.0,12,152.5,22.631173046434444,113.15586523217222,0.37360244409357046,72,12,0.00043821400322485715,0.0,"{'Growth Department': 37.0, 'Trading/Opportunity Team': 35.5, 'Investment Department': 37.0, 'Operations Department': 1.655865232172216, 'Risk Department': 2.000000000000001}",36.5,,1.655865232172216,2.000000000000001,aggressive,asymmetric,
centralized_sustainability,8,0.0,37.23962267544925,True,13.0,14,170.0,25.59548071943509,127.97740359717545,0.31977023654987846,84,14,0.00040440400334773585,0.14285714285714285,"{'Growth Department': 36.0, 'Trading/Opportunity Team': 39.5, 'Investment Department': 39.5, 'Operations Department': 3.214184849554375, 'Risk Department': 9.763218747621078}",38.333333333333336,,3.214184849554375,9.763218747621078,aggressive,asymmetric,
centralized_sustainability,9,1.238191243632361,36.24720983858321,True,12.0,13,161.0,23.82479847977879,119.12399239889395,0.3638267710619122,78,13,0.000371690999600105,0.0,"{'Growth Department': 39.0, 'Trading/Opportunity Team': 33.5, 'Investment Department': 39.0, 'Operations Department': 6.599228574021302, 'Risk Department': 1.0247638248726476}",37.166666666666664,,6.599228574021302,1.0247638248726476,aggressive,asymmetric,
centralized_sustainability,10,2.002279092129644,37.31089763282727,True,12.0,13,163.0,24.41946330209083,122.09731651045415,0.3811563296756734,78,13,0.0003738839950528927,0.0,"{'Growth Department': 35.5, 'Trading/Opportunity Team': 41.0, 'Investment Department': 41.0, 'Operations Department': 2.0572709286115547, 'Risk Department': 2.5400455818425938}",39.166666666666664,,2.0572709286115547,2.5400455818425938,aggressive,asymmetric,
centralized_sustainability,11,4.89756451978023,35.236979196541164,True,10.0,11,147.0,21.537390870950208,107.68695435475104,0.381565411321753,66,11,0.0003460060033830814,0.0,"{'Growth Department': 35.0, 'Trading/Opportunity Team': 35.0, 'Investment Department': 35.0, 'Operations Department': -0.41099693564455997, 'Risk Department': 3.0979512903956046}",35.0,,-0.41099693564455997,3.0979512903956046,aggressive,asymmetric,
centralized_sustainability,12,1.498450580631122,37.18504926123329,True,13.0,14,168.0,25.068558277957884,125.34279138978943,0.37766634975922264,84,14,0.0004324189940234646,0.07142857142857142,"{'Growth Department': 41.0, 'Trading/Opportunity Team': 39.5, 'Investment Department': 41.0, 'Operations Department': 0.8128223781768078, 'Risk Department': 3.029969011612624}",40.5,,0.8128223781768078,3.029969011612624,aggressive,asymmetric,
centralized_sustainability,13,2.3116330779290166,38.1099949027162,True,14.0,15,176.5,26.82836725028543,134.14183625142715,0.30874703686341204,90,15,0.00044116999924881384,0.26666666666666666,"{'Growth Department': 40.0, 'Trading/Opportunity Team': 39.5, 'Investment Department': 41.5, 'Operations Department': 6.3184275934600045, 'Risk Department': 6.823408657967136}",40.333333333333336,,6.3184275934600045,6.823408657967136,aggressive,asymmetric,
centralized_sustainability,14,0.0,38.66640187080124,True,14.0,15,175.5,26.825901280020766,134.12950640010382,0.34011928686086534,90,15,0.00044774900015909225,0.26666666666666666,"{'Growth Department': 41.5, 'Trading/Opportunity Team': 38.0, 'Investment Department': 43.5, 'Operations Department': 7.809092959715532, 'Risk Department': 3.32041344038828}",41.0,,7.809092959715532,3.32041344038828,aggressive,asymmetric,
centralized_sustainability,15,4.879908833620522,34.89892176007306,True,13.0,14,163.0,24.132184900352755,120.66092450176377,0.42173965936826024,84,14,0.00042987699998775497,0.07142857142857142,"{'Growth Department': 37.5, 'Trading/Opportunity Team': 39.5, 'Investment Department': 43.0, 'Operations Department': -2.3796674978468157, 'Risk Department': 3.040591999610583}",40.0,,-2.3796674978468157,3.040591999610583,aggressive,asymmetric,
centralized_sustainability,16,1.481095044249983,35.39277402511197,True,12.0,13,154.5,22.496380427440126,112.48190213720063,0.4269693714106385,78,13,0.0003518630037433468,0.07692307692307693,"{'Growth Department': 35.5, 'Trading/Opportunity Team': 39.0, 'Investment Department': 39.0, 'Operations Department': -2.047719763684377, 'Risk Department': 1.0296219008849992}",37.833333333333336,,-2.047719763684377,1.0296219008849992,aggressive,asymmetric,
centralized_sustainability,17,4.882989003622375,34.760337929105226,True,12.0,13,138.0,19.013907046630923,95.06953523315461,0.41140956633932263,78,13,0.0004484149976633489,0.15384615384615385,"{'Growth Department': 32.0, 'Trading/Opportunity Team': 30.0, 'Investment Department': 32.0, 'Operations Department': -2.8508258890373366, 'Risk Department': 3.9203611221919443}",31.333333333333332,,-2.8508258890373366,3.9203611221919443,aggressive,asymmetric,
centralized_sustainability,18,1.8978989113005262,47.4367080843848,True,11.0,12,152.0,23.28081521403437,116.40407607017185,0.359822255352095,72,12,0.00036982000165153295,0.08333333333333333,"{'Growth Department': 37.5, 'Trading/Opportunity Team': 34.0, 'Investment Department': 37.5, 'Operations Department': 7.020095099708901, 'Risk Department': 0.3839809704629573}",36.333333333333336,,7.020095099708901,0.3839809704629573,aggressive,asymmetric,
centralized_sustainability,19,3.718704561227396,44.21771843675597,True,15.0,16,186.5,29.347766724218395,146.73883362109197,0.3118949096675115,96,16,0.0005143689995747991,0.25,"{'Growth Department': 38.5, 'Trading/Opportunity Team': 44.0, 'Investment Department': 47.5, 'Operations Department': 7.843428236491869, 'Risk Department': 8.895405384600103}",43.333333333333336,,7.843428236491869,8.895405384600103,aggressive,asymmetric,
centralized_risk_averse,0,84.38242460091104,81.10039176564733,False,,100,371.0,72.76000551769094,363.8000275884547,0.017482071047094296,600,100,0.0019908149988623336,0.96,"{'Growth Department': 74.5, 'Trading/Opportunity Team': 74.5, 'Investment Department': 73.0, 'Operations Department': 74.5, 'Risk Department': 67.30002758845472}",74.0,,74.5,67.30002758845472,aggressive,asymmetric,
centralized_risk_averse,1,80.32765791691253,83.46004610921223,False,,100,358.0,70.53561756330471,352.67808781652354,0.01490744655935714,600,100,0.0020383320006658323,0.96,"{'Growth Department': 71.5, 'Trading/Opportunity Team': 71.5, 'Investment Department': 73.0, 'Operations Department': 69.0, 'Risk Department': 67.67808781652354}",72.0,,69.0,67.67808781652354,aggressive,asymmetric,
centralized_risk_averse,2,74.31653972742869,80.58689944607885,False,,100,405.5,79.74437138051583,398.72185690257913,0.017612564639646954,600,100,0.0022537569966516457,0.95,"{'Growth Department': 79.5, 'Trading/Opportunity Team': 82.5, 'Investment Department': 82.5, 'Operations Department': 78.5, 'Risk Department': 75.7218569025791}",81.5,,78.5,75.7218569025791,aggressive,asymmetric,
centralized_risk_averse,3,79.58873008278896,85.52086770144231,False,,100,349.0,68.85420064949514,344.27100324747573,0.015055573525294897,600,100,0.0022872839981573634,0.98,"{'Growth Department': 70.5, 'Trading/Opportunity Team': 70.5, 'Investment Department': 67.0, 'Operations Department': 70.5, 'Risk Department': 65.77100324747575}",69.33333333333333,,70.5,65.77100324747575,aggressive,asymmetric,
centralized_risk_averse,4,76.63130910570416,84.51658829170965,False,,100,376.0,74.16378062587954,370.8189031293977,0.012795673188284163,600,100,0.0023583139991387725,0.97,"{'Growth Department': 75.5, 'Trading/Opportunity Team': 75.5, 'Investment Department': 75.5, 'Operations Department': 74.0, 'Risk Department': 70.31890312939771}",75.5,,74.0,70.31890312939771,aggressive,asymmetric,
centralized_risk_averse,5,81.88877283248549,83.49508616226318,False,,100,359.0,70.71535767676065,353.57678838380326,0.014533106984895027,600,100,0.0022732350043952465,0.97,"{'Growth Department': 72.5, 'Trading/Opportunity Team': 72.5, 'Investment Department': 71.0, 'Operations Department': 70.5, 'Risk Department': 67.07678838380325}",72.0,,70.5,67.07678838380325,aggressive,asymmetric,
centralized_risk_averse,6,83.69996897530042,82.23153584047687,False,,100,411.0,80.98746430025548,404.93732150127744,0.013459225686513676,600,100,0.0025083479995373636,0.95,"{'Growth Department': 84.0, 'Trading/Opportunity Team': 80.5, 'Investment Department': 80.5, 'Operations Department': 82.0, 'Risk Department': 77.93732150127742}",81.66666666666667,,82.0,77.93732150127742,aggressive,asymmetric,
centralized_risk_averse,7,88.19985288085411,83.81961787424937,False,,100,353.0,69.52957996651072,347.6478998325536,0.014617318661797541,600,100,0.002533503997256048,0.97,"{'Growth Department': 71.0, 'Trading/Opportunity Team': 71.0, 'Investment Department': 71.0, 'Operations Department': 69.0, 'Risk Department': 65.64789983255362}",71.0,,69.0,65.64789983255362,aggressive,asymmetric,
centralized_risk_averse,8,87.13404504236271,83.90021606533837,False,,100,392.0,77.34945926675734,386.74729633378666,0.015258235862086878,600,100,0.002201233997766394,0.96,"{'Growth Department': 79.0, 'Trading/Opportunity Team': 80.5, 'Investment Department': 77.0, 'Operations Department': 75.0, 'Risk Department': 75.24729633378668}",78.83333333333333,,75.0,75.24729633378668,aggressive,asymmetric,
centralized_risk_averse,9,85.89544535456243,82.69490291896531,False,,100,395.5,77.90684371047854,389.5342185523927,0.017899904105980368,600,100,0.002228186000138521,0.95,"{'Growth Department': 81.0, 'Trading/Opportunity Team': 75.5, 'Investment Department': 81.0, 'Operations Department': 77.0, 'Risk Department': 75.03421855239272}",79.16666666666667,,77.0,75.03421855239272,aggressive,asymmetric,
centralized_risk_averse,10,88.76936183876094,83.81344670690797,False,,100,358.0,70.54474464143526,352.7237232071763,0.014234997829476192,600,100,0.002967915999761317,0.98,"{'Growth Department': 70.0, 'Trading/Opportunity Team': 72.0, 'Investment Department': 72.0, 'Operations Department': 72.0, 'Risk Department': 66.72372320717632}",71.33333333333333,,72.0,66.72372320717632,aggressive,asymmetric,
centralized_risk_averse,11,83.56995221348453,81.50492379360638,False,,100,409.0,80.3881220871335,401.94061043566745,0.020021643602380124,600,100,0.0020901780007989146,0.94,"{'Growth Department': 83.0, 'Trading/Opportunity Team': 83.0, 'Investment Department': 83.0, 'Operations Department': 77.0, 'Risk Department': 75.94061043566747}",83.0,,77.0,75.94061043566747,aggressive,asymmetric,
centralized_risk_averse,12,88.54668782635609,84.59034289789795,False,,100,342.5,67.48399840504115,337.4199920252057,0.01204435562766495,600,100,0.002657282995642163,0.99,"{'Growth Department': 68.5, 'Trading/Opportunity Team': 68.5, 'Investment Department': 68.5, 'Operations Department': 68.5, 'Risk Department': 63.419992025205694}",68.5,,68.5,63.419992025205694,aggressive,asymmetric,
centralized_risk_averse,13,89.34759850789975,84.12141451699154,False,,100,384.0,75.64720448037792,378.2360224018896,0.016421445104688282,600,100,0.0038431659995694645,0.95,"{'Growth Department': 78.0, 'Trading/Opportunity Team': 76.0, 'Investment Department': 78.0, 'Operations Department': 74.0, 'Risk Department': 72.23602240188961}",77.33333333333333,,74.0,72.23602240188961,aggressive,asymmetric,
centralized_risk_averse,14,74.3013585330507,83.59563702371295,False,,100,374.5,73.69176097233564,368.45880486167823,0.013659481180119393,600,100,0.002572419005446136,0.96,"{'Growth Department': 74.0, 'Trading/Opportunity Team': 76.0, 'Investment Department': 74.5, 'Operations Department': 74.0, 'Risk Department': 69.95880486167825}",74.83333333333333,,74.0,69.95880486167825,aggressive,asymmetric,
centralized_risk_averse,15,85.5995271495979,83.8272712664239,False,,100,384.0,75.64386698974792,378.2193349487396,0.014342291733296975,600,100,0.0025282450005761348,0.96,"{'Growth Department': 77.5, 'Trading/Opportunity Team': 76.0, 'Investment Department': 77.5, 'Operations Department': 75.5, 'Risk Department': 71.71933494873959}",77.0,,75.5,71.71933494873959,aggressive,asymmetric,
centralized_risk_averse,16,85.39931371293429,84.61785339400193,False,,100,355.0,69.9881322205367,349.9406611026835,0.01556684239175823,600,100,0.004018488005385734,0.98,"{'Growth Department': 68.5, 'Trading/Opportunity Team': 70.5, 'Investment Department': 72.0, 'Operations Department': 72.0, 'Risk Department': 66.94066110268355}",70.33333333333333,,72.0,66.94066110268355,aggressive,asymmetric,
centralized_risk_averse,17,86.14191402755426,84.52317916818927,False,,100,325.0,63.98582167432939,319.9291083716469,0.01268003816011003,600,100,0.0033924630042747594,1.0,"{'Growth Department': 65.0, 'Trading/Opportunity Team': 65.0, 'Investment Department': 65.0, 'Operations Department': 65.0, 'Risk Department': 59.92910837164694}",65.0,,65.0,59.92910837164694,aggressive,asymmetric,
centralized_risk_averse,18,56.63897151102165,82.80394478143518,False,,100,365.5,71.8206089124609,359.1030445623045,0.020377338652406606,600,100,0.003748964001715649,0.96,"{'Growth Department': 73.0, 'Trading/Opportunity Team': 74.5, 'Investment Department': 74.5, 'Operations Department': 69.0, 'Risk Department': 68.10304456230448}",74.0,,69.0,68.10304456230448,aggressive,asymmetric,
centralized_risk_averse,19,89.26869142897269,83.0811663411963,False,,100,358.5,70.53347025142013,352.6673512571006,0.014932255496711556,600,100,0.0022497210011351854,0.98,"{'Growth Department': 70.0, 'Trading/Opportunity Team': 73.5, 'Investment Department': 71.5, 'Operations Department': 70.0, 'Risk Department': 67.66735125710062}",71.66666666666667,,70.0,67.66735125710062,aggressive,asymmetric,
structured_debate,0,4.114146559078225,29.6429376892044,True,55.0,56,365.0,52.66032429093558,263.3016214546779,0.5010570177036716,840,112,0.001810030997148715,0.9107142857142857,"{'Growth Department': 96.0, 'Trading/Opportunity Team': 92.0, 'Investment Department': 85.5, 'Operations Department': -35.62443446123292, 'Risk Department': 25.42605591591083}",91.16666666666667,,-35.62443446123292,25.42605591591083,aggressive,asymmetric,
structured_debate,1,21.01564087999666,28.21815154930142,False,,100,579.5,87.5020475963842,437.510237981921,0.4808777868968381,1500,200,0.002844565002305899,0.87,"{'Growth Department': 148.0, 'Trading/Opportunity Team': 147.0, 'Investment Department': 153.5, 'Operations Department': -59.982625445558725, 'Risk Department': 48.992863427479726}",149.5,,-59.982625445558725,48.992863427479726,aggressive,asymmetric,
structured_debate,2,0.0,40.151778069265305,True,42.0,43,320.0,51.43225283878102,257.1612641939051,0.26569933854278177,645,86,0.0013428710008156486,0.8372093023255814,"{'Growth Department': 69.5, 'Trading/Opportunity Team': 78.0, 'Investment Department': 71.5, 'Operations Department': 18.519791318229636, 'Risk Department': 19.641472875675433}",73.0,,18.519791318229636,19.641472875675433,aggressive,asymmetric,
structured_debate,3,18.67584463338607,30.762578043576877,False,,100,634.0,101.81572828002749,509.0786414001374,0.38799459378494205,1500,200,0.004119893994356971,0.89,"{'Growth Department': 163.5, 'Trading/Opportunity Team': 162.5, 'Investment Department': 160.5, 'Operations Department': -26.87804308672861, 'Risk Department': 49.45668448686603}",162.16666666666666,,-26.87804308672861,49.45668448686603,aggressive,asymmetric,
structured_debate,4,22.921922757433958,29.8014472455534,False,,100,633.0,100.40354542859373,502.0177271429686,0.4477344278136933,1500,200,0.005273276001389604,0.88,"{'Growth Department': 163.0, 'Trading/Opportunity Team': 165.5, 'Investment Department': 173.5, 'Operations Department': -49.444276679688386, 'Risk Department': 49.46200382265705}",167.33333333333334,,-49.444276679688386,49.46200382265705,aggressive,asymmetric,
structured_debate,5,27.091534917816865,28.841282753110562,False,,100,588.0,90.0187699002029,450.0938495010145,0.4745539402288056,1500,200,0.004375620002974756,0.91,"{'Growth Department': 143.5, 'Trading/Opportunity Team': 157.5, 'Investment Department': 156.0, 'Operations Department': -56.078373884658205, 'Risk Department': 49.17222338567275}",152.33333333333334,,-56.078373884658205,49.17222338567275,aggressive,asymmetric,
structured_debate,6,26.307615741625668,32.24371437093654,False,,100,644.0,105.25978170031831,526.2989085015915,0.3638279254024292,1500,200,0.0044837380046374165,0.91,"{'Growth Department': 166.5, 'Trading/Opportunity Team': 165.5, 'Investment Department': 157.0, 'Operations Department': -17.504508555833773, 'Risk Department': 54.80341705742526}",163.0,,-17.504508555833773,54.80341705742526,aggressive,asymmetric,
structured_debate,7,2.2528194594588458,28.10948670271742,True,96.0,97,565.0,79.68752348705387,398.4376174352693,0.518716473371938,1455,194,0.005031110005802475,0.8969072164948454,"{'Growth Department': 141.0, 'Trading/Opportunity Team': 130.5, 'Investment Department': 146.0, 'Operations Department': -64.62800687212017, 'Risk Department': 45.56562430738951}",139.16666666666666,,-64.62800687212017,45.56562430738951,aggressive,asymmetric,
structured_debate,8,4.795302834728458,34.43354673623006,True,65.0,66,490.5,78.67199826414554,393.3599913207277,0.37544566714127703,990,132,0.0020043810000061058,0.8333333333333334,"{'Growth Department': 118.0, 'Trading/Opportunity Team': 130.0, 'Investment Department': 121.5, 'Operations Department': -11.573252240971547, 'Risk Department': 35.433243561699264}",123.16666666666667,,-11.573252240971547,35.433243561699264,aggressive,asymmetric,
structured_debate,9,28.325066802393067,31.61187982442911,False,,100,625.0,100.1315624670561,500.6578123352805,0.3849199602696768,1500,200,0.003084467003645841,0.93,"{'Growth Department': 161.0, 'Trading/Opportunity Team': 151.0, 'Investment Department': 161.0, 'Operations Department': -26.440775417279074, 'Risk Department': 54.09858775255957}",157.66666666666666,,-26.440775417279074,54.09858775255957,aggressive,asymmetric,
structured_debate,10,4.9511274636455695,34.786641218284316,True,56.0,57,408.0,64.40732187013154,322.03660935065767,0.3483455710924538,855,114,0.0018782580009428784,0.8596491228070176,"{'Growth Department': 93.0, 'Trading/Opportunity Team': 101.5, 'Investment Department': 101.5, 'Operations Department': -1.98667584298855, 'Risk Department': 28.023285193646263}",98.66666666666667,,-1.98667584298855,28.023285193646263,aggressive,asymmetric,
structured_debate,11,27.09990711461348,29.62606743881564,False,,100,609.5,95.29031465756836,476.45157328784177,0.4344781200338869,1500,200,0.004147235995333176,0.88,"{'Growth Department': 160.0, 'Trading/Opportunity Team': 158.0, 'Investment Department': 153.0, 'Operations Department': -44.97103291106484, 'Risk Department': 50.422606198906635}",157.0,,-44.97103291106484,50.422606198906635,aggressive,asymmetric,
structured_debate,12,4.783509038689325,35.85459148345728,True,65.0,66,494.0,80.61816317372181,403.09081586860907,0.3158601621835254,990,132,0.0020770310002262704,0.8636363636363636,"{'Growth Department': 120.5, 'Trading/Opportunity Team': 122.5, 'Investment Department': 119.5, 'Operations Department': 6.608357944019881, 'Risk Department': 33.98245792458921}",120.83333333333333,,6.608357944019881,33.98245792458921,aggressive,asymmetric,
structured_debate,13,26.407710191954024,31.53450486227519,False,,100,662.5,108.40995749768763,542.0497874884381,0.38505317988311843,1500,200,0.002956509000796359,0.88,"{'Growth Department': 171.0, 'Trading/Opportunity Team': 174.5, 'Investment Department': 171.0, 'Operations Department': -27.344773306917215, 'Risk Department': 52.89456079535531}",172.16666666666666,,-27.344773306917215,52.89456079535531,aggressive,asymmetric,
structured_debate,14,0.8076638454151244,30.211549177735016,True,79.0,80,497.5,72.55716260153977,362.7858130076989,0.45728063105976957,1200,160,0.003276787007052917,0.85,"{'Growth Department': 120.0, 'Trading/Opportunity Team': 124.5, 'Investment Department': 121.0, 'Operations Department': -42.02312678692925, 'Risk Department': 39.30893979462817}",121.83333333333333,,-42.02312678692925,39.30893979462817,aggressive,asymmetric,
structured_debate,15,26.847670070329244,32.62866384577603,False,,100,671.5,111.92137354628626,559.6068677314313,0.37003549619617376,1500,200,0.0036546229966916144,0.85,"{'Growth Department': 172.5, 'Trading/Opportunity Team': 177.0, 'Investment Department': 175.0, 'Operations Department': -23.792880170898385, 'Risk Department': 58.899747902329736}",174.83333333333334,,-23.792880170898385,58.899747902329736,aggressive,asymmetric,
structured_debate,16,4.199687789429184,28.36879382634202,True,90.0,91,569.0,83.45465855555005,417.27329277775027,0.4886038707539426,1365,182,0.0031581420043949038,0.8351648351648352,"{'Growth Department': 140.0, 'Trading/Opportunity Team': 146.5, 'Investment Department': 145.5, 'Operations Department': -56.47665781138018, 'Risk Department': 41.74995058913044}",144.0,,-56.47665781138018,41.74995058913044,aggressive,asymmetric,
structured_debate,17,2.963972067857947,28.098963810627673,True,84.0,85,514.5,73.50806462253983,367.5403231126992,0.5055109632537065,1275,170,0.002727009996306151,0.8470588235294118,"{'Growth Department': 128.0, 'Trading/Opportunity Team': 129.0, 'Investment Department': 129.5, 'Operations Department': -57.52948004089687, 'Risk Department': 38.56980315359607}",128.83333333333334,,-57.52948004089687,38.56980315359607,aggressive,asymmetric,
structured_debate,18,0.010363756366571053,40.56346390769332,True,24.0,25,210.5,32.38834212973009,161.94171064865046,0.31138849803483737,375,50,0.0010571239981800318,0.68,"{'Growth Department': 47.5, 'Trading/Opportunity Team': 46.5, 'Investment Department': 51.5, 'Operations Department': 7.991324231160785, 'Risk Department': 8.450386417489689}",48.5,,7.991324231160785,8.450386417489689,aggressive,asymmetric,
structured_debate,19,4.767090482272637,29.065442036685177,True,63.0,64,384.0,53.271211987190654,266.3560599359533,0.4581576376887493,960,128,0.002419556003587786,0.828125,"{'Growth Department': 88.5, 'Trading/Opportunity Team': 91.0, 'Investment Department': 88.5, 'Operations Department': -32.938717946801546, 'Risk Department': 31.294777882754854}",89.33333333333333,,-32.938717946801546,31.294777882754854,aggressive,asymmetric,
independent,0,0.0,37.02511580479759,True,71.0,72,494.5,54.72175325951772,273.6087662975886,0.9196722272351667,0,0,0.0013125369951012544,0.0,"{'Growth Department': 255.0, 'Compliance Department': -23.0, 'ESG Department': -26.0, 'Operations Department': 23.532807567664655, 'Risk Department': 44.07595872992396}",255.0,-24.5,23.532807567664655,44.07595872992396,conservative,asymmetric,
independent,1,2.4586067224339274,42.26955555676959,True,46.0,47,345.0,41.02000564518026,205.1000282259013,0.7955258495115005,0,0,0.0008730879999347962,0.0,"{'Growth Department': 165.0, 'Compliance Department': -12.0, 'ESG Department': -14.0, 'Operations Department': 37.90593547310719, 'Risk Department': 28.194092752794102}",165.0,-13.0,37.90593547310719,28.194092752794102,conservative,asymmetric,
independent,2,0.0,49.168342245724936,True,44.0,45,348.0,53.708494846997745,268.54247423498873,0.4795831176762141,0,0,0.0009130260004894808,0.0,"{'Growth Department': 158.5, 'Compliance Department': 11.5, 'ESG Department': 21.5, 'Operations Department': 49.47109255525075, 'Risk Department': 27.571381679737986}",158.5,16.5,49.47109255525075,27.571381679737986,conservative,asymmetric,
independent,3,2.732023187714095,36.99213867339178,True,84.0,85,592.0,58.80144882245103,294.00724411225514,1.0132548431828305,0,0,0.0016657259984640405,0.0,"{'Growth Department': 292.0, 'Compliance Department': -33.0, 'ESG Department': -41.0, 'Operations Department': 30.246584043306918, 'Risk Department': 45.76066006894821}",292.0,-37.0,30.246584043306918,45.76066006894821,conservative,asymmetric,
independent,4,15.484091629656962,42.619688402260316,False,,100,739.5,127.52391788222096,637.6195894111048,0.4255999849231956,0,0,0.0021188160026213154,0.0,"{'Growth Department': 374.0, 'Compliance Department': 50.0, 'ESG Department': 61.0, 'Operations Department': 91.42721910025094, 'Risk Department': 61.192370310853896}",374.0,55.5,91.42721910025094,61.192370310853896,conservative,asymmetric,
independent,5,4.423864408689219,31.951835655433978,True,56.0,57,373.0,27.09127080238908,135.4563540119454,1.4735729760828966,0,0,0.0019010910036740825,0.0,"{'Growth Department': 189.0, 'Compliance Department': -27.5, 'ESG Department': -35.5, 'Operations Department': -13.055702764856534, 'Risk Department': 22.512056776801916}",189.0,-31.5,-13.055702764856534,22.512056776801916,conservative,asymmetric,
independent,6,4.850708300534727,48.86395760777113,True,63.0,64,493.5,81.71829724033779,408.59148620168895,0.46050645016566777,0,0,0.0012953319965163246,0.0,"{'Growth Department': 235.5, 'Compliance Department': 26.5, 'ESG Department': 26.5, 'Operations Department': 78.89753719663551, 'Risk Department': 41.19394900505341}",235.5,26.5,78.89753719663551,41.19394900505341,conservative,asymmetric,
independent,7,2.2017091181492496,33.16916004955608,True,67.0,68,455.0,47.485760298523815,237.42880149261907,0.9504143567990161,0,0,0.0022101709982962348,0.0,"{'Growth Department': 240.0, 'Compliance Department': -10.0, 'ESG Department': -20.0, 'Operations Department': -6.71055264780296, 'Risk Department': 34.139354140422014}",240.0,-15.0,-6.71055264780296,34.139354140422014,conservative,asymmetric,
independent,8,38.70140740551059,49.44290787225087,False,,100,760.5,145.77965693276866,728.8982846638434,0.3782031822286845,0,0,0.0023891969976830296,0.0,"{'Growth Department': 375.0, 'Compliance Department': 66.5, 'ESG Department': 79.5, 'Operations Department': 140.03870580804048, 'Risk Department': 67.85957885580287}",375.0,73.0,140.03870580804048,67.85957885580287,conservative,asymmetric,
independent,9,3.863774132104477,39.00305434318882,True,55.0,56,402.5,31.14323704856714,155.7161852428357,1.4377179634965802,0,0,0.001356011001917068,0.0,"{'Growth Department': 187.0, 'Compliance Department': -45.5, 'ESG Department': -53.0, 'Operations Department': 33.02629341587072, 'Risk Department': 34.189891826964995}",187.0,-49.25,33.02629341587072,34.189891826964995,conservative,asymmetric,
independent,10,0.27388193075218403,41.998803880093654,True,69.0,70,518.0,70.53955163607094,352.6977581803547,0.6156151654251426,0,0,0.0017887530048028566,0.0,"{'Growth Department': 241.5, 'Compliance Department': -2.5, 'ESG Department': 9.5, 'Operations Department': 64.3152218681901, 'Risk Department': 39.88253631216465}",241.5,3.5,64.3152218681901,39.88253631216465,conservative,asymmetric,
independent,11,1.6621228975707378,38.70438055191358,True,57.0,58,425.5,47.260307803714184,236.3015390185709,0.8223360729230249,0,0,0.001310850006120745,0.0,"{'Growth Department': 201.5, 'Compliance Department': -11.0, 'ESG Department': -16.0, 'Operations Department': 22.00333996307454, 'Risk Department': 39.79819905549635}",201.5,-13.5,22.00333996307454,39.79819905549635,conservative,asymmetric,
independent,12,2.65346334270576,46.86496137605102,True,76.0,77,579.0,78.03861770340981,390.19308851704903,0.6698739337583139,0,0,0.0035637569963000715,0.0,"{'Growth Department': 270.0, 'Compliance Department': -1.5, 'ESG Department': -10.5, 'Operations Department': 90.95044782555415, 'Risk Department': 41.242640691494906}",270.0,-6.0,90.95044782555415,41.242640691494906,conservative,asymmetric,
independent,13,2.014927326722237,42.49507508571988,True,64.0,65,491.5,60.063732446165886,300.31866223082943,0.7383897143842899,0,0,0.0017889220034703612,0.0,"{'Growth Department': 229.5, 'Compliance Department': -16.5, 'ESG Department': -7.5, 'Operations Department': 54.88052807223549, 'Risk Department': 39.93813415859394}",229.5,-12.0,54.88052807223549,39.93813415859394,conservative,asymmetric,
independent,14,3.3644781625992906,40.00421605011375,True,60.0,61,454.0,61.3583242132308,306.791621066154,0.5781039407452625,0,0,0.0019415400020079687,0.0,"{'Growth Department': 214.0, 'Compliance Department': 12.0, 'ESG Department': 6.0, 'Operations Department': 39.393612814927266, 'Risk Department': 35.39800825122673}",214.0,9.0,39.393612814927266,35.39800825122673,conservative,asymmetric,
independent,15,4.345907970533974,40.71876673011883,True,86.0,87,614.5,61.56904984926219,307.84524924631097,1.0170993850727186,0,0,0.002139347001502756,0.0,"{'Growth Department': 291.0, 'Compliance Department': -51.0, 'ESG Department': -43.0, 'Operations Department': 55.773034264951676, 'Risk Department': 55.072214981359316}",291.0,-47.0,55.773034264951676,55.072214981359316,conservative,asymmetric,
independent,16,16.521817552138124,44.761340250149885,False,,100,728.0,120.84651391372776,604.2325695686388,0.4699068382395747,0,0,0.0021804360003443435,0.0,"{'Growth Department': 360.5, 'Compliance Department': 38.5, 'ESG Department': 39.5, 'Operations Department': 105.33254081843226, 'Risk Department': 60.40002875020656}",360.5,39.0,105.33254081843226,60.40002875020656,conservative,asymmetric,
independent,17,2.698215628118133,39.01355234912,True,66.0,67,496.5,79.39743119740598,396.9871559870299,0.4651073099589566,0,0,0.001553939000586979,0.0,"{'Growth Department': 257.5, 'Compliance Department': 34.5, 'ESG Department': 41.5, 'Operations Department': 32.078382497520145, 'Risk Department': 31.408773489509763}",257.5,38.0,32.078382497520145,31.408773489509763,conservative,asymmetric,
independent,18,0.0,37.314093210178775,True,44.0,45,304.5,24.17426534160317,120.87132670801586,1.3104175988377815,0,0,0.001994573998672422,0.0,"{'Growth Department': 149.5, 'Compliance Department': -22.0, 'ESG Department': -28.5, 'Operations Department': 3.891542425378013, 'Risk Department': 17.979784282637837}",149.5,-25.25,3.891542425378013,17.979784282637837,conservative,asymmetric,
independent,19,4.681671003612077,42.09839476201043,True,72.0,73,507.5,65.27600943522098,326.38004717610494,0.7007451600040641,0,0,0.0014505799990729429,0.0,"{'Growth Department': 251.0, 'Compliance Department': -6.5, 'ESG Department': -8.0, 'Operations Department': 47.27309595138404, 'Risk Department': 42.60695122472087}",251.0,-7.25,47.27309595138404,42.60695122472087,conservative,asymmetric,
voting,0,70.93218508057338,65.52918349591805,False,,100,595.0,116.71318109503268,583.5659054751634,0.014921182571403869,500,100,0.0028670859974226914,1.0,"{'Growth Department': 119.0, 'Compliance Department': 119.0, 'ESG Department': 119.0, 'Operations Department': 117.90054449543089, 'Risk Department': 108.66536097973255}",119.0,119.0,117.90054449543089,108.66536097973255,conservative,asymmetric,
voting,1,66.55000253207345,67.46150759960432,False,,100,617.5,121.61939803567256,608.0969901783628,0.012370407975713604,500,100,0.002771123996353708,1.0,"{'Growth Department': 123.5, 'Compliance Department': 123.5, 'ESG Department': 123.5, 'Operations Department': 123.5, 'Risk Department': 114.09699017836277}",123.5,123.5,123.5,114.09699017836277,conservative,asymmetric,
voting,2,54.02354375059576,61.97241576746848,False,,100,645.0,124.87146809984259,624.3573404992129,0.02054785872617515,500,100,0.002965086001495365,1.0,"{'Growth Department': 129.0, 'Compliance Department': 129.0, 'ESG Department': 129.0, 'Operations Department': 119.78769706649646, 'Risk Department': 117.56964343271646}",129.0,129.0,119.78769706649646,117.56964343271646,conservative,asymmetric,
voting,3,62.39189293633979,65.66529373242074,False,,100,660.0,129.42564723219476,647.1282361609738,0.014715713339895764,500,100,0.0035264810067019425,1.0,"{'Growth Department': 132.0, 'Compliance Department': 132.0, 'ESG Department': 132.0, 'Operations Department': 130.06385636569058, 'Risk Department': 121.0643797952832}",132.0,132.0,130.06385636569058,121.0643797952832,conservative,asymmetric,
voting,4,49.94195356930901,63.58021977251903,False,,100,672.5,131.25400128367053,656.2700064183526,0.01665197307801094,500,100,0.0034852469980251044,1.0,"{'Growth Department': 134.5, 'Compliance Department': 134.5, 'ESG Department': 134.5, 'Operations Department': 129.36048903366645, 'Risk Department': 123.40951738468617}",134.5,134.5,129.36048903366645,123.40951738468617,conservative,asymmetric,
voting,5,70.78188942930062,64.98924342774282,False,,100,627.5,122.48631032088892,612.4315516044446,0.016911494047564625,500,100,0.002803303999826312,0.99,"{'Growth Department': 125.5, 'Compliance Department': 125.5, 'ESG Department': 125.5, 'Operations Department': 121.25593455763767, 'Risk Department': 114.67561704680699}",125.5,125.5,121.25593455763767,114.67561704680699,conservative,asymmetric,
voting,6,72.30926554976168,66.16065731745947,False,,100,650.0,127.80824557431401,639.0412278715701,0.013271646535572756,500,100,0.0037634789987350814,1.0,"{'Growth Department': 130.0, 'Compliance Department': 130.0, 'ESG Department': 130.0, 'Operations Department': 129.2852789880644, 'Risk Department': 119.7559488835056}",130.0,130.0,129.2852789880644,119.7559488835056,conservative,asymmetric,
voting,7,45.439743818136925,62.48554697666554,False,,100,647.5,125.55683189545091,627.7841594772545,0.01970545870522038,500,100,0.003952794002543669,1.0,"{'Growth Department': 129.5, 'Compliance Department': 129.5, 'ESG Department': 129.5, 'Operations Department': 120.99525603043546, 'Risk Department': 118.28890344681905}",129.5,129.5,120.99525603043546,118.28890344681905,conservative,asymmetric,
voting,8,70.70829787038026,65.67256082260512,False,,100,672.5,132.0519094232612,660.2595471163061,0.014226335821508762,500,100,0.004098231998796109,1.0,"{'Growth Department': 134.5, 'Compliance Department': 134.5, 'ESG Department': 134.5, 'Operations Department': 133.50177934919657, 'Risk Department': 123.25776776710944}",134.5,134.5,133.50177934919657,123.25776776710944,conservative,asymmetric,
voting,9,71.86130394687768,59.869267515612,False,,100,657.5,126.46000802933577,632.3000401466788,0.024912807839945296,500,100,0.004868976000580005,1.0,"{'Growth Department': 131.5, 'Compliance Department': 131.5, 'ESG Department': 131.5, 'Operations Department': 117.31903635991125, 'Risk Department': 120.48100378676764}",131.5,131.5,117.31903635991125,120.48100378676764,conservative,asymmetric,
voting,10,73.252502499202,66.51062729378413,False,,100,620.0,121.8397508823962,609.198754411981,0.013614115557256667,500,100,0.004192391999822576,1.0,"{'Growth Department': 124.0, 'Compliance Department': 124.0, 'ESG Department': 124.0, 'Operations Department': 123.13176442371594, 'Risk Department': 114.06698998826505}",124.0,124.0,123.13176442371594,114.06698998826505,conservative,asymmetric,
voting,11,69.21372306207026,62.388550445659035,False,,100,660.0,128.84639022867495,644.2319511433748,0.016766022269693794,500,100,0.0037435699996422045,1.0,"{'Growth Department': 132.0, 'Compliance Department': 132.0, 'ESG Department': 132.0, 'Operations Department': 127.46692038604459, 'Risk Department': 120.76503075733011}",132.0,132.0,127.46692038604459,120.76503075733011,conservative,asymmetric,
voting,12,72.14519203355565,65.78920690189263,False,,100,625.0,122.30857497572183,611.5428748786092,0.016199818713385206,500,100,0.0035484269974404015,1.0,"{'Growth Department': 125.0, 'Compliance Department': 125.0, 'ESG Department': 125.0, 'Operations Department': 122.85295902845817, 'Risk Department': 113.68991585015104}",125.0,125.0,122.85295902845817,113.68991585015104,conservative,asymmetric,
voting,13,73.38342448590114,64.60329966837674,False,,100,657.5,127.87969582256012,639.3984791128006,0.01819208547015343,500,100,0.004643986998416949,1.0,"{'Growth Department': 131.5, 'Compliance Department': 131.5, 'ESG Department': 131.5, 'Operations Department': 124.37693767936656, 'Risk Department': 120.52154143343398}",131.5,131.5,124.37693767936656,120.52154143343398,conservative,asymmetric,
voting,14,66.38775336283578,65.40975634454827,False,,100,640.0,125.50941604477173,627.5470802238586,0.015000443904508564,500,100,0.003383073999430053,1.0,"{'Growth Department': 128.0, 'Compliance Department': 128.0, 'ESG Department': 128.0, 'Operations Department': 126.62787238355746, 'Risk Department': 116.91920784030118}",128.0,128.0,126.62787238355746,116.91920784030118,conservative,asymmetric,
voting,15,65.95183817676032,65.48734356016617,False,,100,667.5,130.9763404967806,654.881702483903,0.01441169399293063,500,100,0.003042497999558691,1.0,"{'Growth Department': 133.5, 'Compliance Department': 133.5, 'ESG Department': 133.5, 'Operations Department': 131.85829171222463, 'Risk Department': 122.52341077167846}",133.5,133.5,131.85829171222463,122.52341077167846,conservative,asymmetric,
voting,16,57.94582548183129,64.75263256915386,False,,100,647.5,126.49966363777435,632.4983181888717,0.016465576309851748,500,100,0.0033762570019462146,1.0,"{'Growth Department': 129.5, 'Compliance Department': 129.5, 'ESG Department': 129.5, 'Operations Department': 125.53275968772328, 'Risk Department': 118.46555850114855}",129.5,129.5,125.53275968772328,118.46555850114855,conservative,asymmetric,
voting,17,59.941144428188544,65.0819003240834,False,,100,627.5,123.10513423770396,615.5256711885198,0.014952966963978475,500,100,0.003775473996938672,0.99,"{'Growth Department': 125.5, 'Compliance Department': 125.5, 'ESG Department': 125.5, 'Operations Department': 124.56117994394609, 'Risk Department': 114.46449124457374}",125.5,125.5,124.56117994394609,114.46449124457374,conservative,asymmetric,
voting,18,39.70317363327899,65.2639914572941,False,,100,630.0,123.4232663893093,617.1163319465466,0.015603865473926958,500,100,0.003413610000279732,1.0,"{'Growth Department': 126.0, 'Compliance Department': 126.0, 'ESG Department': 126.0, 'Operations Department': 124.30616445673577, 'Risk Department': 114.81016748981074}",126.0,126.0,124.30616445673577,114.81016748981074,conservative,asymmetric,
voting,19,62.133305419094114,67.85987738666974,False,,100,615.0,120.95983346572366,604.7991673286183,0.013493183486265003,500,100,0.004165836995525751,1.0,"{'Growth Department': 123.0, 'Compliance Department': 123.0, 'ESG Department': 123.0, 'Operations Department': 123.0, 'Risk Department': 112.79916732861827}",123.0,123.0,123.0,112.79916732861827,conservative,asymmetric,
adaptive_voting,0,69.05651308738958,68.1354357060086,False,,100,575.0,112.98393580583324,564.9196790291662,0.014096819908767166,500,100,0.0053682740035583265,1.0,"{'Growth Department': 115.0, 'Compliance Department': 115.0, 'ESG Department': 115.0, 'Operations Department': 114.74828550381454, 'Risk Department': 105.17139352535172}",115.0,115.0,114.74828550381454,105.17139352535172,conservative,asymmetric,
adaptive_voting,1,73.17308628369638,69.57554280695452,False,,100,590.0,116.19236754940016,580.9618377470008,0.01244579132846244,500,100,0.0031967330069164746,1.0,"{'Growth Department': 118.0, 'Compliance Department': 118.0, 'ESG Department': 118.0, 'Operations Department': 118.0, 'Risk Department': 108.96183774700084}",118.0,118.0,118.0,108.96183774700084,conservative,asymmetric,
adaptive_voting,2,67.41507998600925,70.34513437121532,False,,100,587.5,115.74387716112547,578.7193858056273,0.0121379921388316,500,100,0.005228294998232741,1.0,"{'Growth Department': 117.5, 'Compliance Department': 117.5, 'ESG Department': 117.5, 'Operations Department': 117.5, 'Risk Department': 108.71938580562734}",117.5,117.5,117.5,108.71938580562734,conservative,asymmetric,
adaptive_voting,3,62.33965871612823,70.31029071391494,False,,100,625.0,123.31560383901846,616.5780191950923,0.010927383776544097,500,100,0.0050779230004991405,1.0,"{'Growth Department': 125.0, 'Compliance Department': 125.0, 'ESG Department': 125.0, 'Operations Department': 125.0, 'Risk Department': 116.57801919509235}",125.0,125.0,125.0,116.57801919509235,conservative,asymmetric,
adaptive_voting,4,67.62335962021812,70.31484540145433,False,,100,617.5,121.77447374139425,608.8723687069712,0.011335881523217494,500,100,0.005858973003341816,1.0,"{'Growth Department': 123.5, 'Compliance Department': 123.5, 'ESG Department': 123.5, 'Operations Department': 123.5, 'Risk Department': 114.87236870697122}",123.5,123.5,123.5,114.87236870697122,conservative,asymmetric,
adaptive_voting,5,65.78285108351034,69.75098267025673,False,,100,602.5,118.71718841723388,593.5859420861694,0.012013839657323366,500,100,0.0051136510010110214,0.99,"{'Growth Department': 120.5, 'Compliance Department': 120.5, 'ESG Department': 120.5, 'Operations Department': 120.5, 'Risk Department': 111.58594208616942}",120.5,120.5,120.5,111.58594208616942,conservative,asymmetric,
adaptive_voting,6,67.28749870844638,69.59282673130251,False,,100,627.5,123.75108564851737,618.7554282425868,0.011306013792557579,500,100,0.00365164899994852,1.0,"{'Growth Department': 125.5, 'Compliance Department': 125.5, 'ESG Department': 125.5, 'Operations Department': 125.5, 'Risk Department': 116.7554282425868}",125.5,125.5,125.5,116.7554282425868,conservative,asymmetric,
adaptive_voting,7,68.90135915966924,69.87004177334182,False,,100,587.5,115.79567814914965,578.9783907457482,0.01177468367104435,500,100,0.005208339003729634,1.0,"{'Growth Department': 117.5, 'Compliance Department': 117.5, 'ESG Department': 117.5, 'Operations Department': 117.5, 'Risk Department': 108.97839074574823}",117.5,117.5,117.5,108.97839074574823,conservative,asymmetric,
adaptive_voting,8,68.65544496362942,70.67714647186182,False,,100,632.5,124.78197977654045,623.9098988827022,0.011014540570913844,500,100,0.0032075859999167733,1.0,"{'Growth Department': 126.5, 'Compliance Department': 126.5, 'ESG Department': 126.5, 'Operations Department': 126.5, 'Risk Department': 117.9098988827022}",126.5,126.5,126.5,117.9098988827022,conservative,asymmetric,
adaptive_voting,9,74.26155203458332,70.31422580324103,False,,100,610.0,120.30772209119118,601.5386104559559,0.011252996096301083,500,100,0.0037369069978012703,1.0,"{'Growth Department': 122.0, 'Compliance Department': 122.0, 'ESG Department': 122.0, 'Operations Department': 122.0, 'Risk Department': 113.53861045595592}",122.0,122.0,122.0,113.53861045595592,conservative,asymmetric,
adaptive_voting,10,70.37046613651114,69.97696901131178,False,,100,595.0,117.21799857855424,586.0899928927712,0.012161964497297183,500,100,0.003685455994855147,0.99,"{'Growth Department': 119.0, 'Compliance Department': 119.0, 'ESG Department': 119.0, 'Operations Department': 119.0, 'Risk Department': 110.08999289277115}",119.0,119.0,119.0,110.08999289277115,conservative,asymmetric,
adaptive_voting,11,68.57570608073621,69.8847920440598,False,,100,612.5,120.6052112920853,603.0260564604265,0.012568536219058402,500,100,0.004321063002862502,1.0,"{'Growth Department': 122.5, 'Compliance Department': 122.5, 'ESG Department': 122.5, 'Operations Department': 122.5, 'Risk Department': 113.02605646042649}",122.5,122.5,122.5,113.02605646042649,conservative,asymmetric,
adaptive_voting,12,72.65329207205042,69.55349812044736,False,,100,600.0,118.11282310570691,590.5641155285346,0.012782198204536143,500,100,0.004184965000604279,1.0,"{'Growth Department': 120.0, 'Compliance Department': 120.0, 'ESG Department': 120.0, 'Operations Department': 120.0, 'Risk Department': 110.56411552853461}",120.0,120.0,120.0,110.56411552853461,conservative,asymmetric,
adaptive_voting,13,73.74580516515692,69.96898124376267,False,,100,630.0,124.17391625495995,620.8695812747998,0.011753775817581058,500,100,0.0037253069967846386,0.99,"{'Growth Department': 126.0, 'Compliance Department': 126.0, 'ESG Department': 126.0, 'Operations Department': 125.98306722524799, 'Risk Department': 116.88651404955176}",126.0,126.0,125.98306722524799,116.88651404955176,conservative,asymmetric,
adaptive_voting,14,65.97941284430175,68.99123752634836,False,,100,610.0,120.12444517636659,600.622225881833,0.012443215730250756,500,100,0.003257844000472687,1.0,"{'Growth Department': 122.0, 'Compliance Department': 122.0, 'ESG Department': 122.0, 'Operations Department': 121.9286315862432, 'Risk Department': 112.69359429558968}",122.0,122.0,121.9286315862432,112.69359429558968,conservative,asymmetric,
adaptive_voting,15,71.70385196601555,70.30795487639874,False,,100,625.0,123.2170605129661,616.0853025648305,0.011575926123290614,500,100,0.003122909998637624,1.0,"{'Growth Department': 125.0, 'Compliance Department': 125.0, 'ESG Department': 125.0, 'Operations Department': 125.0, 'Risk Department': 116.08530256483047}",125.0,125.0,125.0,116.08530256483047,conservative,asymmetric,
adaptive_voting,16,72.26517230136015,70.25995707477686,False,,100,602.5,118.73102253358608,593.6551126679304,0.011919226693519035,500,100,0.0033446259985794313,1.0,"{'Growth Department': 120.5, 'Compliance Department': 120.5, 'ESG Department': 120.5, 'Operations Department': 120.5, 'Risk Department': 111.65511266793044}",120.5,120.5,120.5,111.65511266793044,conservative,asymmetric,
adaptive_voting,17,72.31251220800621,69.6889629607725,False,,100,580.0,114.21945193031176,571.0972596515588,0.01247106715780486,500,100,0.0031244260026142,0.99,"{'Growth Department': 116.0, 'Compliance Department': 116.0, 'ESG Department': 116.0, 'Operations Department': 116.0, 'Risk Department': 107.09725965155887}",116.0,116.0,116.0,107.09725965155887,conservative,asymmetric,
adaptive_voting,18,66.14445072650963,69.80581776228179,False,,100,565.0,111.14752860202653,555.7376430101326,0.01333342393680308,500,100,0.0026704769989009947,1.0,"{'Growth Department': 113.0, 'Compliance Department': 113.0, 'ESG Department': 113.0, 'Operations Department': 113.0, 'Risk Department': 103.73764301013267}",113.0,113.0,113.0,103.73764301013267,conservative,asymmetric,
adaptive_voting,19,70.24311302539331,70.22278878981184,False,,100,580.0,114.29409170313428,571.4704585156715,0.011940482811983876,500,100,0.002563804002420511,1.0,"{'Growth Department': 116.0, 'Compliance Department': 116.0, 'ESG Department': 116.0, 'Operations Department': 116.0, 'Risk Department': 107.4704585156714}",116.0,116.0,116.0,107.4704585156714,conservative,asymmetric,
centralized_profit,0,70.1107232841181,69.16053071502631,False,,100,563.5,111.01986526269073,555.0993263134536,0.12537985100308865,600,100,0.0024268670022138394,0.95,"{'Growth Department': 131.0, 'Compliance Department': 131.0, 'ESG Department': 117.5, 'Operations Department': 124.84716484482315, 'Risk Department': 50.752161468630455}",131.0,124.25,124.84716484482315,50.752161468630455,conservative,asymmetric,
centralized_profit,1,73.19433097650666,70.93183880567076,False,,100,572.5,113.02507855941948,565.1253927970974,0.11979586588251027,600,100,0.0021302840032149106,0.97,"{'Growth Department': 130.0, 'Compliance Department': 131.5, 'ESG Department': 126.5, 'Operations Department': 128.5, 'Risk Department': 48.62539279709745}",130.0,129.0,128.5,48.62539279709745,conservative,asymmetric,
centralized_profit,2,71.62139009372287,70.16436281449576,False,,100,585.5,115.62902178417593,578.1451089208797,0.11395739901055287,600,100,0.0021404709987109527,0.95,"{'Growth Department': 130.0, 'Compliance Department': 136.0, 'ESG Department': 129.5, 'Operations Department': 128.0, 'Risk Department': 54.645108920879686}",130.0,132.75,128.0,54.645108920879686,conservative,asymmetric,
centralized_profit,3,59.75115295429397,70.54828474054655,False,,100,624.5,123.51812562407648,617.5906281203823,0.13913342202943024,600,100,0.0022877759984112345,0.91,"{'Growth Department': 146.5, 'Compliance Department': 149.5, 'ESG Department': 132.5, 'Operations Department': 140.0, 'Risk Department': 49.09062812038235}",146.5,141.0,140.0,49.09062812038235,conservative,asymmetric,
centralized_profit,4,72.19818592384496,70.47687934118828,False,,100,612.0,120.9347087943183,604.6735439715915,0.12942713568828398,600,100,0.0036299830026109703,0.91,"{'Growth Department': 138.5, 'Compliance Department': 146.5, 'ESG Department': 132.5, 'Operations Department': 135.5, 'Risk Department': 51.67354397159152}",138.5,139.5,135.5,51.67354397159152,conservative,asymmetric,
centralized_profit,5,68.64259629034163,69.52427563295275,False,,100,601.5,118.85510785867719,594.2755392933859,0.14501617998237287,600,100,0.0025049719988601282,0.93,"{'Growth Department': 142.5, 'Compliance Department': 147.0, 'ESG Department': 123.5, 'Operations Department': 132.5, 'Risk Department': 48.775539293385876}",142.5,135.25,132.5,48.775539293385876,conservative,asymmetric,
centralized_profit,6,71.59433845807523,70.71103416795718,False,,100,612.5,121.06307219859245,605.3153609929623,0.11489500463286414,600,100,0.0022160300068208016,0.96,"{'Growth Department': 139.5, 'Compliance Department': 141.0, 'ESG Department': 131.0, 'Operations Department': 135.5, 'Risk Department': 58.3153609929623}",139.5,136.0,135.5,58.3153609929623,conservative,asymmetric,
centralized_profit,7,71.03469284786965,70.06528005678818,False,,100,584.5,115.46462997959102,577.3231498979551,0.1253050048216892,600,100,0.0028338779957266524,0.95,"{'Growth Department': 134.0, 'Compliance Department': 137.0, 'ESG Department': 129.5, 'Operations Department': 126.5, 'Risk Department': 50.323149897955034}",134.0,133.25,126.5,50.323149897955034,conservative,asymmetric,
centralized_profit,8,69.12276182612148,70.8739787052414,False,,100,631.0,124.80293215351264,624.0146607675632,0.12529877309256587,600,100,0.002302133994817268,0.93,"{'Growth Department': 144.5, 'Compliance Department': 149.0, 'ESG Department': 134.0, 'Operations Department': 140.0, 'Risk Department': 56.51466076756326}",144.5,141.5,140.0,56.51466076756326,conservative,asymmetric,
centralized_profit,9,72.05397419192484,70.33254903356777,False,,100,612.0,121.0201808940194,605.100904470097,0.13505065984901493,600,100,0.0032211629950325005,0.95,"{'Growth Department': 145.5, 'Compliance Department': 145.5, 'ESG Department': 128.0, 'Operations Department': 134.0, 'Risk Department': 52.100904470097056}",145.5,136.75,134.0,52.100904470097056,conservative,asymmetric,
centralized_profit,10,73.47043238903635,70.19992906550634,False,,100,590.0,116.54691289166169,582.7345644583085,0.12186053953975425,600,100,0.003936907000024803,0.93,"{'Growth Department': 133.5, 'Compliance Department': 138.5, 'ESG Department': 129.5, 'Operations Department': 129.5, 'Risk Department': 51.734564458308476}",133.5,134.0,129.5,51.734564458308476,conservative,asymmetric,
centralized_profit,11,73.99458229357715,69.86611817919156,False,,100,609.0,120.36868094668912,601.8434047334456,0.12781609901883612,600,100,0.00412518600205658,0.93,"{'Growth Department': 140.0, 'Compliance Department': 145.0, 'ESG Department': 128.0, 'Operations Department': 134.0, 'Risk Department': 54.84340473344558}",140.0,136.5,134.0,54.84340473344558,conservative,asymmetric,
centralized_profit,12,68.32352282543337,69.9957339232926,False,,100,599.5,118.3105806033677,591.5529030168385,0.13347526008892158,600,100,0.003289184001914691,0.93,"{'Growth Department': 140.5, 'Compliance Department': 142.0, 'ESG Department': 122.0, 'Operations Department': 134.5, 'Risk Department': 52.55290301683852}",140.5,132.0,134.5,52.55290301683852,conservative,asymmetric,
centralized_profit,13,74.40384436066013,71.17475728832873,False,,100,619.5,122.52304623369551,612.6152311684775,0.13043719940296797,600,100,0.004440069002157543,0.92,"{'Growth Department': 142.5, 'Compliance Department': 147.0, 'ESG Department': 137.0, 'Operations Department': 135.5, 'Risk Department': 50.61523116847751}",142.5,142.0,135.5,50.61523116847751,conservative,asymmetric,
centralized_profit,14,71.80015227194382,69.80299954688998,False,,100,601.0,118.62196714804095,593.1098357402047,0.12900162296642517,600,100,0.003922324001905508,0.91,"{'Growth Department': 140.0, 'Compliance Department': 143.0, 'ESG Department': 125.5, 'Operations Department': 130.0, 'Risk Department': 54.609835740204694}",140.0,134.25,130.0,54.609835740204694,conservative,asymmetric,
centralized_profit,15,70.42142716695196,71.27015890422948,False,,100,615.5,121.66426026804251,608.3213013402126,0.1254977571221593,600,100,0.002942240003903862,0.95,"{'Growth Department': 139.0, 'Compliance Department': 143.5, 'ESG Department': 135.5, 'Operations Department': 140.0, 'Risk Department': 50.32130134021263}",139.0,139.5,140.0,50.32130134021263,conservative,asymmetric,
centralized_profit,16,70.20061846863962,70.39336367151829,False,,100,602.0,118.94451323028474,594.7225661514237,0.13522598881574072,600,100,0.002999600998009555,0.91,"{'Growth Department': 138.5, 'Compliance Department': 145.5, 'ESG Department': 128.0, 'Operations Department': 132.5, 'Risk Department': 50.22256615142371}",138.5,136.75,132.5,50.22256615142371,conservative,asymmetric,
centralized_profit,17,70.58777087727037,69.52081139263342,False,,100,584.0,115.20922695806465,576.0461347903232,0.1360361391822636,600,100,0.003027437996934168,0.93,"{'Growth Department': 137.5, 'Compliance Department': 139.0, 'ESG Department': 123.5, 'Operations Department': 128.0, 'Risk Department': 48.046134790323194}",137.5,131.25,128.0,48.046134790323194,conservative,asymmetric,
centralized_profit,18,69.2315679764773,69.12781530020537,False,,100,573.5,113.02489977357058,565.1244988678529,0.14457062305632268,600,100,0.0027881189962499775,0.93,"{'Growth Department': 137.5, 'Compliance Department': 137.5, 'ESG Department': 116.0, 'Operations Department': 128.0, 'Risk Department': 46.1244988678529}",137.5,126.75,128.0,46.1244988678529,conservative,asymmetric,
centralized_profit,19,68.7806117359994,70.19845921972671,False,,100,583.5,115.21557981466674,576.0778990733337,0.1300825476239865,600,100,0.0038959000012255274,0.93,"{'Growth Department': 133.5, 'Compliance Department': 138.0, 'ESG Department': 122.0, 'Operations Department': 132.5, 'Risk Department': 50.0778990733337}",133.5,130.0,132.5,50.0778990733337,conservative,asymmetric,
centralized_sustainability,0,73.02774653254885,69.7003078336592,False,,100,556.0,109.64455923589396,548.2227961794698,0.11459166509350763,600,100,0.0032382330027758144,0.97,"{'Growth Department': 127.0, 'Compliance Department': 117.5, 'ESG Department': 127.0, 'Operations Department': 123.5, 'Risk Department': 53.222796179469846}",127.0,122.25,123.5,53.222796179469846,conservative,asymmetric,
centralized_sustainability,1,70.28691550462669,70.3508117666133,False,,100,584.0,115.33254015784141,576.6627007892071,0.1267115755338999,600,100,0.0026841979997698218,0.95,"{'Growth Department': 134.5, 'Compliance Department': 123.5, 'ESG Department': 136.0, 'Operations Department': 132.5, 'Risk Department': 50.16270078920705}",134.5,129.75,132.5,50.16270078920705,conservative,asymmetric,
centralized_sustainability,2,69.05323680730538,69.9324347427435,False,,100,590.0,116.57317238395456,582.8658619197728,0.12611359708402253,600,100,0.002560578999691643,0.93,"{'Growth Department': 134.5, 'Compliance Department': 122.0, 'ESG Department': 140.5, 'Operations Department': 131.0, 'Risk Department': 54.865861919772804}",134.5,131.25,131.0,54.865861919772804,conservative,asymmetric,
centralized_sustainability,3,59.759705316637124,70.28076698298912,False,,100,627.5,124.06708513973311,620.3354256986655,0.13691247657734779,600,100,0.002520084999559913,0.91,"{'Growth Department': 146.5, 'Compliance Department': 135.5, 'ESG Department': 149.5, 'Operations Department': 140.0, 'Risk Department': 48.8354256986655}",146.5,142.5,140.0,48.8354256986655,conservative,asymmetric,
centralized_sustainability,4,68.31486107554488,70.22159683860983,False,,100,618.0,122.21473975355343,611.0736987677672,0.1455487957755935,600,100,0.0029424649983411655,0.92,"{'Growth Department': 148.5, 'Compliance Department': 125.0, 'ESG Department': 150.0, 'Operations Department': 137.0, 'Risk Department': 50.573698767767155}",148.5,137.5,137.0,50.573698767767155,conservative,asymmetric,
centralized_sustainability,5,69.7466235997402,70.39351287022197,False,,100,590.0,116.5433542228069,582.7167711140345,0.12738020731215016,600,100,0.0031702529959147796,0.98,"{'Growth Department': 136.0, 'Compliance Department': 131.0, 'ESG Department': 137.5, 'Operations Department': 131.0, 'Risk Department': 47.21677111403444}",136.0,134.25,131.0,47.21677111403444,conservative,asymmetric,
centralized_sustainability,6,72.8597394703116,70.64008437452193,False,,100,613.0,121.20854651912335,606.0427325956167,0.12501727988554484,600,100,0.00412804900406627,0.94,"{'Growth Department': 141.5, 'Compliance Department': 134.0, 'ESG Department': 143.0, 'Operations Department': 135.5, 'Risk Department': 52.042732595616734}",141.5,138.5,135.5,52.042732595616734,conservative,asymmetric,
centralized_sustainability,7,69.02685225079664,69.62836716235725,False,,100,590.5,116.72367960509989,583.6183980254995,0.12560481613946237,600,100,0.003839278004306834,0.96,"{'Growth Department': 137.0, 'Compliance Department': 126.5, 'ESG Department': 140.0, 'Operations Department': 126.5, 'Risk Department': 53.61839802549947}",137.0,133.25,126.5,53.61839802549947,conservative,asymmetric,
centralized_sustainability,8,69.32444234696504,70.95496851343538,False,,100,629.0,124.36747405520846,621.8373702760423,0.1278953430281323,600,100,0.002230942001915537,0.92,"{'Growth Department': 143.5, 'Compliance Department': 134.0, 'ESG Department': 149.5, 'Operations Department': 140.0, 'Risk Department': 54.837370276042314}",143.5,141.75,140.0,54.837370276042314,conservative,asymmetric,
centralized_sustainability,9,68.9072222766198,70.6236240747371,False,,100,611.5,120.95073656753496,604.7536828376748,0.1309575385440322,600,100,0.0021284210015437566,0.96,"{'Growth Department': 143.0, 'Compliance Department': 129.5, 'ESG Department': 144.5, 'Operations Department': 135.5, 'Risk Department': 52.253682837674724}",143.0,137.0,135.5,52.253682837674724,conservative,asymmetric,
centralized_sustainability,10,73.42875182557079,70.0724166547814,False,,100,592.0,116.87030191691979,584.351509584599,0.12547035667699635,600,100,0.0034673539994400926,0.93,"{'Growth Department': 135.5, 'Compliance Department': 126.5, 'ESG Department': 140.0, 'Operations Department': 129.5, 'Risk Department': 52.851509584598965}",135.5,133.25,129.5,52.851509584598965,conservative,asymmetric,
centralized_sustainability,11,70.5045532630172,69.85620500021429,False,,100,612.5,120.99468774721186,604.9734387360593,0.12830521811556342,600,100,0.0026763780042529106,0.93,"{'Growth Department': 142.5, 'Compliance Department': 129.5, 'ESG Department': 145.5, 'Operations Department': 132.5, 'Risk Department': 54.97343873605926}",142.5,137.5,132.5,54.97343873605926,conservative,asymmetric,
centralized_sustainability,12,68.48834517414014,70.15153701015285,False,,100,597.0,117.82826878581844,589.1413439290922,0.12677250650688573,600,100,0.0025254260035580955,0.92,"{'Growth Department': 136.5, 'Compliance Department': 129.5, 'ESG Department': 139.5, 'Operations Department': 134.0, 'Risk Department': 49.64134392909215}",136.5,134.5,134.0,49.64134392909215,conservative,asymmetric,
centralized_sustainability,13,70.19145142259558,70.73507467075333,False,,100,627.5,124.04226452723601,620.2113226361801,0.1345201850498901,600,100,0.0028641120006795973,0.9,"{'Growth Department': 147.5, 'Compliance Department': 132.5, 'ESG Department': 150.5, 'Operations Department': 136.0, 'Risk Department': 53.711322636180014}",147.5,141.5,136.0,53.711322636180014,conservative,asymmetric,
centralized_sustainability,14,72.45536567688941,70.33614276495437,False,,100,593.5,117.23070392952047,586.1535196476024,0.12023673307342637,600,100,0.0040688130029593594,0.96,"{'Growth Department': 134.5, 'Compliance Department': 130.0, 'ESG Department': 137.5, 'Operations Department': 132.5, 'Risk Department': 51.653519647602344}",134.5,133.75,132.5,51.653519647602344,conservative,asymmetric,
centralized_sustainability,15,70.17351288024055,70.55096610575777,False,,100,624.0,123.31404653415811,616.5702326707906,0.13906576951007174,600,100,0.0031490969995502383,0.92,"{'Growth Department': 147.0, 'Compliance Department': 132.5, 'ESG Department': 150.0, 'Operations Department': 137.0, 'Risk Department': 50.07023267079062}",147.0,141.25,137.0,50.07023267079062,conservative,asymmetric,
centralized_sustainability,16,69.40077980040924,70.51584957854764,False,,100,600.5,118.67671858850149,593.3835929425074,0.13396583018380853,600,100,0.0032873840027605183,0.92,"{'Growth Department': 139.0, 'Compliance Department': 132.5, 'ESG Department': 143.5, 'Operations Department': 129.5, 'Risk Department': 48.8835929425074}",139.0,138.0,129.5,48.8835929425074,conservative,asymmetric,
centralized_sustainability,17,68.37885691784355,69.54851966524096,False,,100,584.0,115.30539743365166,576.5269871682583,0.1342147236601269,600,100,0.0042726299943751656,0.92,"{'Growth Department': 134.5, 'Compliance Department': 128.0, 'ESG Department': 140.5, 'Operations Department': 125.0, 'Risk Department': 48.52698716825827}",134.5,134.25,125.0,48.52698716825827,conservative,asymmetric,
centralized_sustainability,18,68.50144578947277,70.15704671103951,False,,100,561.0,110.72966628048987,553.6483314024493,0.1265809556411325,600,100,0.0030324450053740293,0.96,"{'Growth Department': 129.0, 'Compliance Department': 120.5, 'ESG Department': 132.0, 'Operations Department': 123.5, 'Risk Department': 48.64833140244933}",129.0,126.25,123.5,48.64833140244933,conservative,asymmetric,
centralized_sustainability,19,70.13768719952631,70.275576592498,False,,100,580.0,114.50393460292757,572.5196730146379,0.11944438734866196,600,100,0.002733722001721617,0.95,"{'Growth Department': 129.5, 'Compliance Department': 128.0, 'ESG Department': 134.0, 'Operations Department': 131.0, 'Risk Department': 50.01967301463785}",129.5,131.0,131.0,50.01967301463785,conservative,asymmetric,
centralized_risk_averse,0,84.48935485664164,81.88788948570198,False,,100,357.0,70.05972173517462,350.2986086758731,0.026834248744326848,600,100,0.0025964730011764914,0.96,"{'Growth Department': 74.5, 'Compliance Department': 66.5, 'ESG Department': 67.0, 'Operations Department': 74.5, 'Risk Department': 67.79860867587306}",74.5,66.75,74.5,67.79860867587306,conservative,asymmetric,
centralized_risk_averse,1,81.73980962298195,84.39269296513402,False,,100,343.5,67.72619433720625,338.6309716860313,0.02716821782187697,600,100,0.003617417998611927,0.96,"{'Growth Department': 73.0, 'Compliance Department': 63.5, 'ESG Department': 65.0, 'Operations Department': 69.0, 'Risk Department': 68.13097168603129}",73.0,64.25,69.0,68.13097168603129,conservative,asymmetric,
centralized_risk_averse,2,78.49682364217568,82.11195484041168,False,,100,382.5,75.2799593753155,376.3997968765775,0.02603614582505589,600,100,0.002870096002880018,0.95,"{'Growth Department': 79.5, 'Compliance Department': 71.0, 'ESG Department': 71.0, 'Operations Department': 78.5, 'Risk Department': 76.39979687657754}",79.5,71.0,78.5,76.39979687657754,conservative,asymmetric,
centralized_risk_averse,3,79.58891105725117,85.87090264518825,False,,100,343.0,67.69260687951555,338.46303439757776,0.018361787283596342,600,100,0.0027955839977948926,0.98,"{'Growth Department': 70.5, 'Compliance Department': 66.5, 'ESG Department': 65.0, 'Operations Department': 70.5, 'Risk Department': 65.96303439757773}",70.5,65.75,70.5,65.96303439757773,conservative,asymmetric,
centralized_risk_averse,4,79.64583432033311,85.11909616811089,False,,100,364.0,71.83909337076611,359.1954668538305,0.018374396697733886,600,100,0.0027437370008556172,0.97,"{'Growth Department': 75.5, 'Compliance Department': 69.5, 'ESG Department': 69.5, 'Operations Department': 74.0, 'Risk Department': 70.69546685383052}",75.5,69.5,74.0,70.69546685383052,conservative,asymmetric,
centralized_risk_averse,5,84.94079570581277,84.49138288285428,False,,100,344.0,67.80109899938861,339.00549499694307,0.02772816411157226,600,100,0.002562325003964361,0.97,"{'Growth Department': 72.5, 'Compliance Department': 65.0, 'ESG Department': 63.5, 'Operations Department': 70.5, 'Risk Department': 67.50549499694309}",72.5,64.25,70.5,67.50549499694309,conservative,asymmetric,
centralized_risk_averse,6,83.70594955456457,83.38539945802015,False,,100,394.0,77.69887127654131,388.49435638270654,0.03603655952780045,600,100,0.0028531399948406033,0.95,"{'Growth Department': 84.0, 'Compliance Department': 73.0, 'ESG Department': 71.0, 'Operations Department': 82.0, 'Risk Department': 78.49435638270653}",84.0,72.0,82.0,78.49435638270653,conservative,asymmetric,
centralized_risk_averse,7,88.31331600041109,84.1405396057252,False,,100,348.5,68.66889281583848,343.3444640791924,0.018640172391199174,600,100,0.0023980449986993335,0.97,"{'Growth Department': 72.5, 'Compliance Department': 66.5, 'ESG Department': 66.5, 'Operations Department': 70.5, 'Risk Department': 67.34446407919239}",72.5,66.5,70.5,67.34446407919239,conservative,asymmetric,
centralized_risk_averse,8,87.13418630769877,84.77538994253143,False,,100,378.0,74.64979681381598,373.24898406907994,0.020628572229970034,600,100,0.002217136003309861,0.96,"{'Growth Department': 79.0, 'Compliance Department': 72.5, 'ESG Department': 71.0, 'Operations Department': 75.0, 'Risk Department': 75.74898406907992}",79.0,71.75,75.0,75.74898406907992,conservative,asymmetric,
centralized_risk_averse,9,85.91230087040398,84.00315367155287,False,,100,376.5,74.2448996650348,371.22449832517395,0.03609675563023398,600,100,0.002215945001807995,0.95,"{'Growth Department': 81.0, 'Compliance Department': 68.0, 'ESG Department': 69.5, 'Operations Department': 77.0, 'Risk Department': 75.72449832517393}",81.0,68.75,77.0,75.72449832517393,conservative,asymmetric,
centralized_risk_averse,10,88.7713443747466,84.32895027067809,False,,100,350.0,68.99779803023748,344.9889901511874,0.013939018392855652,600,100,0.002255872001114767,0.98,"{'Growth Department': 70.0, 'Compliance Department': 68.0, 'ESG Department': 68.0, 'Operations Department': 72.0, 'Risk Department': 66.98899015118741}",70.0,68.0,72.0,66.98899015118741,conservative,asymmetric,
centralized_risk_averse,11,89.53959097875484,82.62419575508811,False,,100,387.0,76.1133861304177,380.56693065208844,0.02942977725576217,600,100,0.0024337819995707832,0.94,"{'Growth Department': 83.0, 'Compliance Department': 71.0, 'ESG Department': 73.0, 'Operations Department': 77.0, 'Risk Department': 76.56693065208846}",83.0,72.0,77.0,76.56693065208846,conservative,asymmetric,
centralized_risk_averse,12,88.54670264460061,84.80207270086257,False,,100,338.5,66.7143283728084,333.57164186404196,0.01421789478944806,600,100,0.002065613996819593,0.99,"{'Growth Department': 68.5, 'Compliance Department': 66.5, 'ESG Department': 66.5, 'Operations Department': 68.5, 'Risk Department': 63.57164186404197}",68.5,66.5,68.5,63.57164186404197,conservative,asymmetric,
centralized_risk_averse,13,89.39765425270235,84.62812405924412,False,,100,375.5,74.02417224459835,370.1208612229917,0.025937473419570624,600,100,0.002137372001016047,0.95,"{'Growth Department': 79.5, 'Compliance Department': 69.5, 'ESG Department': 71.5, 'Operations Department': 75.5, 'Risk Department': 74.1208612229917}",79.5,70.5,75.5,74.1208612229917,conservative,asymmetric,
centralized_risk_averse,14,78.32992624427324,84.25685554850911,False,,100,360.5,70.97980358578454,354.89901792892266,0.021414542210770725,600,100,0.0024415049992967397,0.96,"{'Growth Department': 74.0, 'Compliance Department': 70.0, 'ESG Department': 66.5, 'Operations Department': 74.0, 'Risk Department': 70.39901792892265}",74.0,68.25,74.0,70.39901792892265,conservative,asymmetric,
centralized_risk_averse,15,85.60091664253582,84.78175569420311,False,,100,368.0,72.5567756936517,362.78387846825854,0.027564620683316755,600,100,0.0023941569961607456,0.96,"{'Growth Department': 77.5, 'Compliance Department': 68.0, 'ESG Department': 69.5, 'Operations Department': 75.5, 'Risk Department': 72.28387846825856}",77.5,68.75,75.5,72.28387846825856,conservative,asymmetric,
centralized_risk_averse,16,86.59774943190223,85.02932871577018,False,,100,347.0,68.4432206168523,342.2161030842615,0.014358058320492261,600,100,0.002124093000020366,0.97,"{'Growth Department': 68.5, 'Compliance Department': 66.5, 'ESG Department': 68.0, 'Operations Department': 72.0, 'Risk Department': 67.21610308426149}",68.5,67.25,72.0,67.21610308426149,conservative,asymmetric,
centralized_risk_averse,17,86.14191402755426,84.52317916818927,False,,100,325.0,63.98582167432939,319.9291083716469,0.01268003816011003,600,100,0.002202076997491531,1.0,"{'Growth Department': 65.0, 'Compliance Department': 65.0, 'ESG Department': 65.0, 'Operations Department': 65.0, 'Risk Department': 59.92910837164694}",65.0,65.0,65.0,59.92910837164694,conservative,asymmetric,
centralized_risk_averse,18,64.95741521087719,83.42267479266482,False,,100,349.5,68.71967464629577,343.59837323147883,0.01804432291599678,600,100,0.0019970339999417774,0.96,"{'Growth Department': 73.0, 'Compliance Department': 66.5, 'ESG Department': 66.5, 'Operations Department': 69.0, 'Risk Department': 68.5983732314788}",73.0,66.5,69.0,68.5983732314788,conservative,asymmetric,
centralized_risk_averse,19,89.26869145001176,83.45402208902863,False,,100,352.5,69.37144800764047,346.85724003820235,0.005518719947224859,600,100,0.001944693001860287,0.98,"{'Growth Department': 70.0, 'Compliance Department': 69.5, 'ESG Department': 69.5, 'Operations Department': 70.0, 'Risk Department': 67.85724003820233}",70.0,69.5,70.0,67.85724003820233,conservative,asymmetric,
structured_debate,0,0.0,38.17440079402145,True,73.0,74,507.0,57.95173672260911,289.75868361304555,0.8787707603841893,1110,148,0.0020191000003251247,0.05405405405405406,"{'Growth Department': 257.0, 'Compliance Department': -24.0, 'ESG Department': -27.0, 'Operations Department': 44.57864681639436, 'Risk Department': 39.18003679665118}",257.0,-25.5,44.57864681639436,39.18003679665118,conservative,asymmetric,
structured_debate,1,3.3417076873287748,33.27140562110246,True,98.0,99,591.0,5.432851549565163,27.164257747825815,16.155397323185674,1485,198,0.002725227997871116,0.06060606060606061,"{'Growth Department': 292.5, 'Compliance Department': -156.5, 'ESG Department': -150.5, 'Operations Department': -6.95918451605265, 'Risk Department': 48.62344226387847}",292.5,-153.5,-6.95918451605265,48.62344226387847,conservative,asymmetric,
structured_debate,2,4.620681423346319,50.8353046737889,True,45.0,46,346.5,51.93739046110475,259.68695230552373,0.5302588852520914,690,92,0.0014925870054867119,0.10869565217391304,"{'Growth Department': 153.0, 'Compliance Department': 7.0, 'ESG Department': 11.5, 'Operations Department': 63.75328461010013, 'Risk Department': 24.43366769542361}",153.0,9.25,63.75328461010013,24.43366769542361,conservative,asymmetric,
structured_debate,3,39.12486551189414,52.61835842574201,False,,100,758.5,148.76948332159336,743.8474166079668,0.4060808376523074,1500,200,0.00294766799925128,0.1,"{'Growth Department': 363.0, 'Compliance Department': 66.5, 'ESG Department': 62.0, 'Operations Department': 198.61676275670118, 'Risk Department': 53.730653851265615}",363.0,64.25,198.61676275670118,53.730653851265615,conservative,asymmetric,
structured_debate,4,33.06719612005588,47.90453340979421,False,,100,736.5,139.27447070023445,696.3723535011723,0.395253015295088,1500,200,0.0028560030041262507,0.09,"{'Growth Department': 362.0, 'Compliance Department': 64.0, 'ESG Department': 75.0, 'Operations Department': 139.61762940867757, 'Risk Department': 55.754724092494705}",362.0,69.5,139.61762940867757,55.754724092494705,conservative,asymmetric,
structured_debate,5,3.142087621177529,31.012618216922718,True,66.0,67,423.5,32.19644035556915,160.98220177784575,1.396781634352373,1005,134,0.0018391699995845556,0.04477611940298507,"{'Growth Department': 219.0, 'Compliance Department': -28.0, 'ESG Department': -34.5, 'Operations Department': -22.6602554744114, 'Risk Department': 27.14245725225715}",219.0,-31.25,-22.6602554744114,27.14245725225715,conservative,asymmetric,
structured_debate,6,42.528309086639084,50.02835282594714,False,,100,731.5,139.5424111518129,697.7120557590645,0.4000134403752096,1500,200,0.0028498090032371692,0.09,"{'Growth Department': 368.5, 'Compliance Department': 60.5, 'ESG Department': 62.0, 'Operations Department': 143.73549953860885, 'Risk Department': 62.97655622045573}",368.5,61.25,143.73549953860885,62.97655622045573,conservative,asymmetric,
structured_debate,7,25.20692350205914,40.85483037346877,False,,100,689.5,119.84095608185814,599.2047804092907,0.4298361875747836,1500,200,0.0026938570008496754,0.08,"{'Growth Department': 364.0, 'Compliance Department': 54.0, 'ESG Department': 52.0, 'Operations Department': 73.89974596928725, 'Risk Department': 55.30503444000348}",364.0,53.0,73.89974596928725,55.30503444000348,conservative,asymmetric,
structured_debate,8,45.21138628188388,56.02845909018249,False,,100,755.5,149.17322977182545,745.8661488591273,0.3867850216238343,1500,200,0.003015962996869348,0.11,"{'Growth Department': 353.0, 'Compliance Department': 60.5, 'ESG Department': 71.5, 'Operations Department': 198.5453925732681, 'Risk Department': 62.32075628585912}",353.0,66.0,198.5453925732681,62.32075628585912,conservative,asymmetric,
structured_debate,9,11.473623914322465,33.71983601969845,False,,100,640.0,39.371153276570666,196.85576638285335,2.039179726115088,1500,200,0.002965469000628218,0.1,"{'Growth Department': 323.0, 'Compliance Department': -91.0, 'ESG Department': -103.0, 'Operations Department': 7.295046940946955, 'Risk Department': 60.56071944190639}",323.0,-97.0,7.295046940946955,60.56071944190639,conservative,asymmetric,
structured_debate,10,0.0,45.230572053880145,True,74.0,75,546.5,85.4326232589318,427.163116294659,0.49931207148289863,1125,150,0.002277106999827083,0.08,"{'Growth Department': 255.5, 'Compliance Department': 20.0, 'ESG Department': 25.5, 'Operations Department': 87.71925114544139, 'Risk Department': 38.44386514921761}",255.5,22.75,87.71925114544139,38.44386514921761,conservative,asymmetric,
structured_debate,11,18.153758311445515,39.79602291171775,False,,100,682.5,88.00684779377065,440.03423896885323,0.711067602854012,1500,200,0.0035177350000594743,0.11,"{'Growth Department': 341.0, 'Compliance Department': -13.0, 'ESG Department': -11.0, 'Operations Department': 63.23522869317989, 'Risk Department': 59.799010275673304}",341.0,-12.0,63.23522869317989,59.799010275673304,conservative,asymmetric,
structured_debate,12,2.5963438791364384,50.13151767974374,True,90.0,91,662.0,103.35852342303181,516.792617115159,0.5467871756272557,1365,182,0.0027240589988650754,0.06593406593406594,"{'Growth Department': 318.0, 'Compliance Department': 19.5, 'ESG Department': 14.0, 'Operations Department': 117.93893874353891, 'Risk Department': 47.353678371620155}",318.0,16.75,117.93893874353891,47.353678371620155,conservative,asymmetric,
structured_debate,13,64.34163511386869,56.52364126897029,False,,100,747.0,148.63368330481757,743.1684165240879,0.3935465931110221,1500,200,0.0031022229959489778,0.11,"{'Growth Department': 358.0, 'Compliance Department': 63.5, 'ESG Department': 66.5, 'Operations Department': 196.33844304169838, 'Risk Department': 58.829973482389505}",358.0,65.0,196.33844304169838,58.829973482389505,conservative,asymmetric,
structured_debate,14,18.096062199109273,39.714776624989405,False,,100,688.0,103.94935202182096,519.7467601091048,0.5454657983798892,1500,200,0.0033203330021933652,0.09,"{'Growth Department': 348.5, 'Compliance Department': 22.0, 'ESG Department': 18.5, 'Operations Department': 70.76020364568399, 'Risk Department': 59.98655646342085}",348.5,20.25,70.76020364568399,59.98655646342085,conservative,asymmetric,
structured_debate,15,38.61075062342724,54.759752576858574,False,,100,758.0,148.99856178865124,744.9928089432563,0.39502439431358044,1500,200,0.0029997689998708665,0.1,"{'Growth Department': 362.0, 'Compliance Department': 63.5, 'ESG Department': 63.5, 'Operations Department': 195.7371502294897, 'Risk Department': 60.255658713766486}",362.0,63.5,195.7371502294897,60.255658713766486,conservative,asymmetric,
structured_debate,16,26.01891006462595,50.41675132551608,False,,100,739.5,142.3917018969841,711.9585094849206,0.3882612161654569,1500,200,0.003119025001069531,0.08,"{'Growth Department': 356.5, 'Compliance Department': 67.5, 'ESG Department': 66.5, 'Operations Department': 162.49390361658124, 'Risk Department': 58.96460586833924}",356.5,67.0,162.49390361658124,58.96460586833924,conservative,asymmetric,
structured_debate,17,13.49217378286944,37.92365987572563,False,,100,675.0,96.1821276699878,480.91063834993906,0.5985517638043065,1500,200,0.003131688994471915,0.05,"{'Growth Department': 354.5, 'Compliance Department': 13.5, 'ESG Department': 15.5, 'Operations Department': 44.28586130841154, 'Risk Department': 53.12477704152752}",354.5,14.5,44.28586130841154,53.12477704152752,conservative,asymmetric,
structured_debate,18,0.0,40.49261940498556,True,44.0,45,319.5,44.90896335353441,224.54481676767205,0.5461674776170573,675,90,0.0014233670008252375,0.022222222222222223,"{'Growth Department': 163.5, 'Compliance Department': 16.0, 'ESG Department': 11.5, 'Operations Department': 15.473563151356313, 'Risk Department': 18.071253616315744}",163.5,13.75,15.473563151356313,18.071253616315744,conservative,asymmetric,
structured_debate,19,4.544661662608329,42.48038758322256,True,78.0,79,544.0,73.85078421161259,369.253921058063,0.641966812939395,1185,158,0.002471040999807883,0.0379746835443038,"{'Growth Department': 273.0, 'Compliance Department': 3.0, 'ESG Department': 0.0, 'Operations Department': 49.62190716754907, 'Risk Department': 43.63201389051392}",273.0,1.5,49.62190716754907,43.63201389051392,conservative,asymmetric,
independent,0,0.8982782705557248,37.241395579342985,True,8.0,9,110.5,14.873647234862705,74.36823617431352,0.6622814801581411,0,0,0.00031008599762571976,0.0,"{'Growth Department': 27.0, 'Trading/Opportunity Team': 23.0, 'Compliance Department': -14.0, 'Operations Department': 2.8682361743135285, 'Saboteur Department': 35.5}",25.0,-14.0,2.8682361743135285,,free_rider,asymmetric,35.5
independent,1,2.192127178931649,39.47899751896346,True,10.0,11,143.0,22.67798628727632,113.3899314363816,0.5930334957753741,0,0,0.00033493400405859575,0.0,"{'Growth Department': 31.0, 'Trading/Opportunity Team': 28.0, 'Compliance Department': -8.5, 'Operations Department': 1.8899314363815929, 'Saboteur Department': 61.0}",29.5,-8.5,1.8899314363815929,,free_rider,asymmetric,61.0
independent,2,1.7142253656665556,43.29936476130619,True,11.0,12,170.0,29.630880895995233,148.15440447997617,0.4288649968323897,0,0,0.0003536710064508952,0.0,"{'Growth Department': 34.0, 'Trading/Opportunity Team': 39.0, 'Compliance Department': -3.0, 'Operations Department': 14.154404479976149, 'Saboteur Department': 64.0}",36.5,-3.0,14.154404479976149,,free_rider,asymmetric,64.0
independent,3,2.462286875386857,39.90806984342317,True,11.0,12,161.5,26.885977651565064,134.42988825782533,0.5194383897942808,0,0,0.00035001699870917946,0.0,"{'Growth Department': 37.0, 'Trading/Opportunity Team': 30.0, 'Compliance Department': -4.0, 'Operations Department': 4.429888257825312, 'Saboteur Department': 67.0}",33.5,-4.0,4.429888257825312,,free_rider,asymmetric,67.0
independent,4,1.8495627161593262,38.08598569132747,True,11.0,12,155.0,24.77664769373542,123.88323846867709,0.5743045265200913,0,0,0.00034388399944873527,0.0,"{'Growth Department': 30.0, 'Trading/Opportunity Team': 43.0, 'Compliance Department': -9.5, 'Operations Department': 1.6332384686770904, 'Saboteur Department': 58.75}",36.5,-9.5,1.6332384686770904,,free_rider,asymmetric,58.75
independent,5,4.628949742654672,38.448751253479756,True,9.0,10,138.0,21.47318866311671,107.36594331558354,0.5984544138442878,0,0,0.00022254699433688074,0.0,"{'Growth Department': 31.0, 'Trading/Opportunity Team': 29.0, 'Compliance Department': -12.0, 'Operations Department': 4.365943315583546, 'Saboteur Department': 55.0}",30.0,-12.0,4.365943315583546,,free_rider,asymmetric,55.0
independent,6,1.0594094877507967,38.96425197560106,True,11.0,12,163.0,26.549862990212866,132.74931495106432,0.4956731719770483,0,0,0.00033158500446006656,0.0,"{'Growth Department': 37.0, 'Trading/Opportunity Team': 39.0, 'Compliance Department': -6.0, 'Operations Department': 3.9993149510643358, 'Saboteur Department': 58.75}",38.0,-6.0,3.9993149510643358,,free_rider,asymmetric,58.75
independent,7,0.0,37.701161825653294,True,11.0,12,155.0,24.079131719323527,120.39565859661764,0.6548553118971675,0,0,0.00031005100026959553,0.0,"{'Growth Department': 37.0, 'Trading/Opportunity Team': 35.5, 'Compliance Department': -16.0, 'Operations Department': -0.10434140338236109, 'Saboteur Department': 64.0}",36.25,-16.0,-0.10434140338236109,,free_rider,asymmetric,64.0
independent,8,0.8915913384474035,36.95367565332084,True,10.0,11,154.0,24.801126356909407,124.00563178454703,0.5612466650474668,0,0,0.0004664080042857677,0.0,"{'Growth Department': 35.0, 'Trading/Opportunity Team': 35.0, 'Compliance Department': -10.0, 'Operations Department': 3.0056317845470435, 'Saboteur Department': 61.0}",35.0,-10.0,3.0056317845470435,,free_rider,asymmetric,61.0
independent,9,4.347098248263606,40.0781628007428,True,10.0,11,152.5,24.803847654198016,124.01923827099007,0.5434020207763848,0,0,0.00030064199381740764,0.0,"{'Growth Department': 35.0, 'Trading/Opportunity Team': 29.5, 'Compliance Department': -10.0, 'Operations Department': 8.519238270990076, 'Saboteur Department': 61.0}",32.25,-10.0,8.519238270990076,,free_rider,asymmetric,61.0
independent,10,0.0,37.302468091988594,True,11.0,12,162.5,25.46952591915432,127.34762959577161,0.5580076235989149,0,0,0.0003568899992387742,0.0,"{'Growth Department': 31.5, 'Trading/Opportunity Team': 37.0, 'Compliance Department': -7.5, 'Operations Department': 2.347629595771604, 'Saboteur Department': 64.0}",34.25,-7.5,2.347629595771604,,free_rider,asymmetric,64.0
independent,11,4.5551897405838595,36.77944112300446,True,11.0,12,156.5,24.905724114950583,124.52862057475292,0.5483763608310918,0,0,0.0003547629967215471,0.0,"{'Growth Department': 39.0, 'Trading/Opportunity Team': 39.0, 'Compliance Department': -11.0, 'Operations Department': 1.7786205747529262, 'Saboteur Department': 55.75}",39.0,-11.0,1.7786205747529262,,free_rider,asymmetric,55.75
independent,12,0.0,34.37781980536121,True,12.0,13,163.5,24.114729395505513,120.57364697752757,0.6906197440018456,0,0,0.0003846440013148822,0.0,"{'Growth Department': 39.0, 'Trading/Opportunity Team': 37.5, 'Compliance Department': -19.0, 'Operations Department': -1.6763530224724317, 'Saboteur Department': 64.75}",38.25,-19.0,-1.6763530224724317,,free_rider,asymmetric,64.75
independent,13,3.8713351555321527,39.3958388805258,True,9.0,10,143.0,23.582563157769066,117.91281578884534,0.5023616244610583,0,0,0.0002926290035247803,0.0,"{'Growth Department': 33.0, 'Trading/Opportunity Team': 31.0, 'Compliance Department': -4.0, 'Operations Department': 2.9128157888453377, 'Saboteur Department': 55.0}",32.0,-4.0,2.9128157888453377,,free_rider,asymmetric,55.0
independent,14,0.0,40.00514717708021,True,12.0,13,172.0,29.02794066650396,145.1397033325198,0.5273823558232513,0,0,0.00034069899993482977,0.0,"{'Growth Department': 41.0, 'Trading/Opportunity Team': 35.5, 'Compliance Department': -9.0, 'Operations Department': 7.639703332519787, 'Saboteur Department': 70.0}",38.25,-9.0,7.639703332519787,,free_rider,asymmetric,70.0
independent,15,0.782213273494583,31.862300529474187,True,13.0,14,162.0,23.548364224029807,117.74182112014904,0.7126038204073786,0,0,0.0004451770000741817,0.0,"{'Growth Department': 35.5, 'Trading/Opportunity Team': 39.5, 'Compliance Department': -16.5, 'Operations Department': -6.258178879850961, 'Saboteur Department': 65.5}",37.5,-16.5,-6.258178879850961,,free_rider,asymmetric,65.5
independent,16,0.0,36.0987020580243,True,10.0,11,147.5,23.064362837727153,115.32181418863577,0.5789995136160941,0,0,0.0003015409965883009,0.0,"{'Growth Department': 35.0, 'Trading/Opportunity Team': 35.0, 'Compliance Department': -10.0, 'Operations Department': -0.4281858113642336, 'Saboteur Department': 55.75}",35.0,-10.0,-0.4281858113642336,,free_rider,asymmetric,55.75
independent,17,2.3972817153786607,39.41086644248689,True,9.0,10,127.5,18.855239788333552,94.27619894166776,0.6320738541888308,0,0,0.0002804020041367039,0.0,"{'Growth Department': 31.0, 'Trading/Opportunity Team': 29.0, 'Compliance Department': -12.0, 'Operations Department': -0.4738010583322474, 'Saboteur Department': 46.75}",30.0,-12.0,-0.4738010583322474,,free_rider,asymmetric,46.75
independent,18,4.6831282503657405,43.724830223200996,True,10.0,11,152.5,26.146425704470612,130.73212852235307,0.49648964890800124,0,0,0.0002932049974333495,0.0,"{'Growth Department': 35.0, 'Trading/Opportunity Team': 33.5, 'Compliance Department': -6.5, 'Operations Department': 7.732128522353068, 'Saboteur Department': 61.0}",34.25,-6.5,7.732128522353068,,free_rider,asymmetric,61.0
independent,19,3.406053920068473,42.04213529580098,True,11.0,12,167.0,29.18840042151438,145.9420021075719,0.46746788567889314,0,0,0.00030750000587431714,0.0,"{'Growth Department': 37.5, 'Trading/Opportunity Team': 37.5, 'Compliance Department': -3.0, 'Operations Department': 6.942002107571924, 'Saboteur Department': 67.0}",37.5,-3.0,6.942002107571924,,free_rider,asymmetric,67.0
voting,0,0.0,36.091507141933555,True,6.0,7,112.5,16.157938542478163,80.78969271239082,0.24983537178311366,35,7,0.00034792999940691516,1.0,"{'Growth Department': 17.5, 'Trading/Opportunity Team': 17.5, 'Compliance Department': 7.5, 'Operations Department': 9.539692712390817, 'Saboteur Department': 28.75}",17.5,7.5,9.539692712390817,,free_rider,asymmetric,28.75
voting,1,0.0,36.98684691819208,True,7.0,8,130.0,18.775014960584656,93.87507480292328,0.27749613125229156,40,8,0.0003382069990038872,1.0,"{'Growth Department': 21.0, 'Trading/Opportunity Team': 21.0, 'Compliance Department': 6.0, 'Operations Department': 11.87507480292328, 'Saboteur Department': 34.0}",21.0,6.0,11.87507480292328,,free_rider,asymmetric,34.0
voting,2,0.0,40.2584781868992,True,8.0,9,152.5,24.827892300433856,124.13946150216928,0.19046494251724386,45,9,0.00034196300111943856,1.0,"{'Growth Department': 25.5, 'Trading/Opportunity Team': 25.5, 'Compliance Department': 15.5, 'Operations Department': 16.889461502169283, 'Saboteur Department': 40.75}",25.5,15.5,16.889461502169283,,free_rider,asymmetric,40.75
voting,3,1.4985326628034148,33.44719168855813,True,9.0,10,142.5,18.804849050006517,94.02424525003259,0.3880946005251163,50,10,0.0003876779956044629,1.0,"{'Growth Department': 23.5, 'Trading/Opportunity Team': 23.5, 'Compliance Department': -1.5, 'Operations Department': 10.774245250032596, 'Saboteur Department': 37.75}",23.5,-1.5,10.774245250032596,,free_rider,asymmetric,37.75
voting,4,2.3127193929693046,36.541155692195524,True,9.0,10,145.0,22.71922101441134,113.5961050720567,0.21411927747809578,50,10,0.00032250799995381385,1.0,"{'Growth Department': 24.0, 'Trading/Opportunity Team': 24.0, 'Compliance Department': 14.0, 'Operations Department': 13.096105072056705, 'Saboteur Department': 38.5}",24.0,14.0,13.096105072056705,,free_rider,asymmetric,38.5
voting,5,3.360661877460295,36.822266977020455,True,6.0,7,120.0,16.724726628059734,83.62363314029867,0.2983671697451845,35,7,0.0002067379973595962,1.0,"{'Growth Department': 19.0, 'Trading/Opportunity Team': 19.0, 'Compliance Department': 4.0, 'Operations Department': 10.623633140298667, 'Saboteur Department': 31.0}",19.0,4.0,10.623633140298667,,free_rider,asymmetric,31.0
voting,6,0.0,33.67710059965688,True,8.0,9,142.5,21.07403846641213,105.37019233206065,0.26527353180763724,45,9,0.0002973500013467856,1.0,"{'Growth Department': 23.5, 'Trading/Opportunity Team': 23.5, 'Compliance Department': 8.5, 'Operations Department': 12.12019233206065, 'Saboteur Department': 37.75}",23.5,8.5,12.12019233206065,,free_rider,asymmetric,37.75
voting,7,4.1155056106167045,39.17612119596347,True,6.0,7,130.0,20.144751194974738,100.7237559748737,0.21157369881407712,35,7,0.00022927999816602096,1.0,"{'Growth Department': 21.0, 'Trading/Opportunity Team': 21.0, 'Compliance Department': 11.0, 'Operations Department': 13.723755974873693, 'Saboteur Department': 34.0}",21.0,11.0,13.723755974873693,,free_rider,asymmetric,34.0
voting,8,0.4312609832216765,36.630383724320545,True,6.0,7,130.0,19.95241885724515,99.76209428622575,0.2174689940175522,35,7,0.0002687820015125908,1.0,"{'Growth Department': 21.0, 'Trading/Opportunity Team': 21.0, 'Compliance Department': 11.0, 'Operations Department': 12.762094286225746, 'Saboteur Department': 34.0}",21.0,11.0,12.762094286225746,,free_rider,asymmetric,34.0
voting,9,0.0,34.57043807623815,True,8.0,9,142.5,21.140839722594375,105.70419861297188,0.26317138694429704,45,9,0.0003002049998030998,1.0,"{'Growth Department': 23.5, 'Trading/Opportunity Team': 23.5, 'Compliance Department': 8.5, 'Operations Department': 12.454198612971886, 'Saboteur Department': 37.75}",23.5,8.5,12.454198612971886,,free_rider,asymmetric,37.75
voting,10,0.0,37.02298056515931,True,9.0,10,152.5,23.453230422746163,117.26615211373081,0.2421290256626664,50,10,0.00032941500103333965,1.0,"{'Growth Department': 25.5, 'Trading/Opportunity Team': 25.5, 'Compliance Department': 10.5, 'Operations Department': 15.016152113730808, 'Saboteur Department': 40.75}",25.5,10.5,15.016152113730808,,free_rider,asymmetric,40.75
voting,11,0.0,34.449448401917984,True,6.0,7,130.0,18.864396343406685,94.32198171703342,0.2742860873173809,35,7,0.0002852589968824759,1.0,"{'Growth Department': 21.0, 'Trading/Opportunity Team': 21.0, 'Compliance Department': 6.0, 'Operations Department': 12.321981717033427, 'Saboteur Department': 34.0}",21.0,6.0,12.321981717033427,,free_rider,asymmetric,34.0
voting,12,0.0,40.241047956717644,True,6.0,7,140.0,22.387359628745532,111.93679814372766,0.196765327468348,35,7,0.00029560099937953055,1.0,"{'Growth Department': 23.0, 'Trading/Opportunity Team': 23.0, 'Compliance Department': 13.0, 'Operations Department': 15.936798143727653, 'Saboteur Department': 37.0}",23.0,13.0,15.936798143727653,,free_rider,asymmetric,37.0
voting,13,0.9347831044007435,34.58306556582088,True,7.0,8,130.0,17.52724561991517,87.63622809957586,0.34854887553424374,40,8,0.0002975250026793219,1.0,"{'Growth Department': 21.0, 'Trading/Opportunity Team': 21.0, 'Compliance Department': 1.0, 'Operations Department': 10.63622809957586, 'Saboteur Department': 34.0}",21.0,1.0,10.63622809957586,,free_rider,asymmetric,34.0
voting,14,0.0,33.64306906788015,True,9.0,10,152.5,22.063690279014768,110.31845139507384,0.3006987409855153,50,10,0.0003542650010786019,1.0,"{'Growth Department': 25.5, 'Trading/Opportunity Team': 25.5, 'Compliance Department': 5.5, 'Operations Department': 13.068451395073833, 'Saboteur Department': 40.75}",25.5,5.5,13.068451395073833,,free_rider,asymmetric,40.75
voting,15,0.0,35.67999178644551,True,10.0,11,155.0,24.832512196776644,124.16256098388322,0.20513390679980859,55,11,0.0003814329975284636,1.0,"{'Growth Department': 26.0, 'Trading/Opportunity Team': 26.0, 'Compliance Department': 16.0, 'Operations Department': 14.662560983883218, 'Saboteur Department': 41.5}",26.0,16.0,14.662560983883218,,free_rider,asymmetric,41.5
voting,16,0.0,32.1496174882328,True,7.0,8,130.0,17.338785479287402,86.693927396437,0.3566850639955673,40,8,0.0002706479936023243,1.0,"{'Growth Department': 21.0, 'Trading/Opportunity Team': 21.0, 'Compliance Department': 1.0, 'Operations Department': 9.693927396437005, 'Saboteur Department': 34.0}",21.0,1.0,9.693927396437005,,free_rider,asymmetric,34.0
voting,17,0.0,35.244979828300295,True,6.0,7,120.0,16.628162032123658,83.14081016061829,0.3024227919739781,35,7,0.0002996659968630411,1.0,"{'Growth Department': 19.0, 'Trading/Opportunity Team': 19.0, 'Compliance Department': 4.0, 'Operations Department': 10.140810160618294, 'Saboteur Department': 31.0}",19.0,4.0,10.140810160618294,,free_rider,asymmetric,31.0
voting,18,0.0,41.57704040085716,True,7.0,8,140.0,22.37744683040766,111.8872341520383,0.19702968355825679,40,8,0.00029765199724351987,1.0,"{'Growth Department': 23.0, 'Trading/Opportunity Team': 23.0, 'Compliance Department': 13.0, 'Operations Department': 15.88723415203831, 'Saboteur Department': 37.0}",23.0,13.0,15.88723415203831,,free_rider,asymmetric,37.0
voting,19,0.09912015209499536,34.09459316744007,True,9.0,10,152.5,22.06725205324684,110.3362602662342,0.3005856444062916,50,10,0.00033097500272560865,1.0,"{'Growth Department': 25.5, 'Trading/Opportunity Team': 25.5, 'Compliance Department': 5.5, 'Operations Department': 13.086260266234206, 'Saboteur Department': 40.75}",25.5,5.5,13.086260266234206,,free_rider,asymmetric,40.75
adaptive_voting,0,4.580332584528541,26.978986401462816,True,31.0,32,227.5,22.786182720717466,113.93091360358733,0.7787845436514722,160,32,0.0008049949974520132,1.0,"{'Growth Department': 40.5, 'Trading/Opportunity Team': 40.5, 'Compliance Department': -24.5, 'Operations Department': -5.819086396412672, 'Saboteur Department': 63.25}",40.5,-24.5,-5.819086396412672,,free_rider,asymmetric,63.25
adaptive_voting,1,4.045918154962852,31.710479273505946,True,55.0,56,375.0,54.63371972823421,273.16859864117106,0.3714377186535476,280,56,0.0013109499996062368,1.0,"{'Growth Department': 70.0, 'Trading/Opportunity Team': 70.0, 'Compliance Department': 20.0, 'Operations Department': 5.66859864117107, 'Saboteur Department': 107.5}",70.0,20.0,5.66859864117107,,free_rider,asymmetric,107.5
adaptive_voting,2,4.405626106066976,25.226669995837984,True,23.0,24,200.0,18.195257615050085,90.97628807525042,0.919025017823796,120,24,0.0007077560003381222,1.0,"{'Growth Department': 35.0, 'Trading/Opportunity Team': 35.0, 'Compliance Department': -30.0, 'Operations Department': -4.0237119247495805, 'Saboteur Department': 55.0}",35.0,-30.0,-4.0237119247495805,,free_rider,asymmetric,55.0
adaptive_voting,3,4.989061617834191,29.37376893199353,True,92.0,93,607.5,81.06883735371339,405.34418676856694,0.4730851744077455,465,93,0.0022366260018316098,1.0,"{'Growth Department': 116.5, 'Trading/Opportunity Team': 116.5, 'Compliance Department': -3.5, 'Operations Department': -1.405813231433088, 'Saboteur Department': 177.25}",116.5,-3.5,-1.405813231433088,,free_rider,asymmetric,177.25
adaptive_voting,4,0.0,36.07373883430538,True,25.0,26,247.5,42.53928884765116,212.6964442382558,0.20424809998578103,130,26,0.0009697219938971102,1.0,"{'Growth Department': 44.5, 'Trading/Opportunity Team': 44.5, 'Compliance Department': 34.5, 'Operations Department': 19.94644423825579, 'Saboteur Department': 69.25}",44.5,34.5,19.94644423825579,,free_rider,asymmetric,69.25
adaptive_voting,5,4.992054854049005,29.036403475967315,True,17.0,18,150.0,15.903519352798957,79.51759676399479,0.6312182879894233,90,18,0.000725117999536451,1.0,"{'Growth Department': 25.0, 'Trading/Opportunity Team': 25.0, 'Compliance Department': -10.0, 'Operations Department': -0.4824032360052213, 'Saboteur Department': 40.0}",25.0,-10.0,-0.4824032360052213,,free_rider,asymmetric,40.0
adaptive_voting,6,4.477607931473082,33.515591484410514,True,92.0,93,657.5,112.74031169825135,563.7015584912567,0.2558778684115204,465,93,0.0025411890019313432,1.0,"{'Growth Department': 126.5, 'Trading/Opportunity Team': 126.5, 'Compliance Department': 86.5, 'Operations Department': 31.95155849125667, 'Saboteur Department': 192.25}",126.5,86.5,31.95155849125667,,free_rider,asymmetric,192.25
adaptive_voting,7,4.706927931321985,30.223331354442298,True,70.0,71,475.0,67.10423532849863,335.5211766424932,0.4100577497455663,355,71,0.001788643996405881,1.0,"{'Growth Department': 90.0, 'Trading/Opportunity Team': 90.0, 'Compliance Department': 15.0, 'Operations Department': 3.0211766424932094, 'Saboteur Department': 137.5}",90.0,15.0,3.0211766424932094,,free_rider,asymmetric,137.5
adaptive_voting,8,4.7825675535134415,36.13135708614236,True,63.0,64,510.0,93.02434886655955,465.12174433279773,0.19672828812813153,320,64,0.0014770630004932173,1.0,"{'Growth Department': 97.0, 'Trading/Opportunity Team': 97.0, 'Compliance Department': 82.0, 'Operations Department': 41.12174433279775, 'Saboteur Department': 148.0}",97.0,82.0,41.12174433279775,,free_rider,asymmetric,148.0
adaptive_voting,9,4.292574997586744,29.038732798767025,True,33.0,34,257.5,31.555035392257604,157.77517696128803,0.5247335532115946,170,34,0.0007715009996900335,1.0,"{'Growth Department': 46.5, 'Trading/Opportunity Team': 46.5, 'Compliance Department': -8.5, 'Operations Department': 1.0251769612880155, 'Saboteur Department': 72.25}",46.5,-8.5,1.0251769612880155,,free_rider,asymmetric,72.25
adaptive_voting,10,1.116850512119223,34.01472297170361,True,54.0,55,415.0,70.21018991625142,351.0509495812571,0.24942032043906243,275,55,0.0013445500007946976,1.0,"{'Growth Department': 78.0, 'Trading/Opportunity Team': 78.0, 'Compliance Department': 53.0, 'Operations Department': 22.550949581257115, 'Saboteur Department': 119.5}",78.0,53.0,22.550949581257115,,free_rider,asymmetric,119.5
adaptive_voting,11,4.313862340522512,28.290325559659152,True,59.0,60,392.5,46.25593218695722,231.27966093478608,0.6035469572287433,300,60,0.0024800289975246415,1.0,"{'Growth Department': 73.5, 'Trading/Opportunity Team': 73.5, 'Compliance Department': -21.5, 'Operations Department': -6.970339065213929, 'Saboteur Department': 112.75}",73.5,-21.5,-6.970339065213929,,free_rider,asymmetric,112.75
adaptive_voting,12,0.0,32.4619491166144,True,64.0,65,485.0,78.42743191134048,392.1371595567024,0.29043478685719853,325,65,0.002762705997156445,1.0,"{'Growth Department': 92.0, 'Trading/Opportunity Team': 92.0, 'Compliance Department': 47.0, 'Operations Department': 20.63715955670239, 'Saboteur Department': 140.5}",92.0,47.0,20.63715955670239,,free_rider,asymmetric,140.5
adaptive_voting,13,41.10974823025373,32.119800333996956,False,,100,657.5,106.60103172639272,533.0051586319636,0.3241917461698405,500,100,0.003555153001798317,1.0,"{'Growth Department': 131.5, 'Trading/Opportunity Team': 131.5, 'Compliance Department': 51.5, 'Operations Department': 21.255158631963575, 'Saboteur Department': 197.25}",131.5,51.5,21.255158631963575,,free_rider,asymmetric,197.25
adaptive_voting,14,4.734786641967105,28.868178717480358,True,80.0,81,495.0,51.55769865087914,257.7884932543957,0.8002087296218925,405,81,0.0020965540024917573,1.0,"{'Growth Department': 94.0, 'Trading/Opportunity Team': 94.0, 'Compliance Department': -61.0, 'Operations Department': -12.711506745604337, 'Saboteur Department': 143.5}",94.0,-61.0,-12.711506745604337,,free_rider,asymmetric,143.5
adaptive_voting,15,4.809557672485479,32.507034952620174,True,86.0,87,607.5,93.72587500843649,468.62937504218246,0.33351835862228096,435,87,0.002180730996769853,1.0,"{'Growth Department': 116.5, 'Trading/Opportunity Team': 116.5, 'Compliance Department': 36.5, 'Operations Department': 21.879375042182453, 'Saboteur Department': 177.25}",116.5,36.5,21.879375042182453,,free_rider,asymmetric,177.25
adaptive_voting,16,18.461405860470347,23.31163065836513,False,,100,527.5,37.4763789904552,187.381894952276,1.5548313357237227,500,100,0.002474730004905723,1.0,"{'Growth Department': 105.5, 'Trading/Opportunity Team': 105.5, 'Compliance Department': -124.5, 'Operations Department': -57.368105047723986, 'Saboteur Department': 158.25}",105.5,-124.5,-57.368105047723986,,free_rider,asymmetric,158.25
adaptive_voting,17,4.347735981602689,37.54119840034446,True,17.0,18,175.0,25.833614794807154,129.16807397403576,0.2890247509449587,90,18,0.0005844249972142279,1.0,"{'Growth Department': 30.0, 'Trading/Opportunity Team': 30.0, 'Compliance Department': 10.0, 'Operations Department': 11.66807397403576, 'Saboteur Department': 47.5}",30.0,10.0,11.66807397403576,,free_rider,asymmetric,47.5
adaptive_voting,18,2.5914416684574313,34.78004999157351,True,11.0,12,142.5,18.54437815071196,92.7218907535598,0.39916403125283695,60,12,0.00036967199412174523,1.0,"{'Growth Department': 23.5, 'Trading/Opportunity Team': 23.5, 'Compliance Department': -1.5, 'Operations Department': 9.471890753559808, 'Saboteur Department': 37.75}",23.5,-1.5,9.471890753559808,,free_rider,asymmetric,37.75
adaptive_voting,19,3.697406509280448,34.27737079456711,True,22.0,23,215.0,33.2794686274353,166.3973431371765,0.27213250305882947,115,23,0.0011534009972820058,1.0,"{'Growth Department': 38.0, 'Trading/Opportunity Team': 38.0, 'Compliance Department': 18.0, 'Operations Department': 12.897343137176518, 'Saboteur Department': 59.5}",38.0,18.0,12.897343137176518,,free_rider,asymmetric,59.5
centralized_profit,0,3.5300389910452203,34.90245091596757,True,10.0,11,116.5,13.42580796405513,67.12903982027565,0.854300675615626,66,11,0.0003864319951389916,0.45454545454545453,"{'Growth Department': 27.0, 'Trading/Opportunity Team': 27.0, 'Compliance Department': -23.0, 'Operations Department': 0.6290398202756551, 'Saboteur Department': 35.5}",27.0,-23.0,0.6290398202756551,,free_rider,asymmetric,35.5
centralized_profit,1,2.1767118829255505,39.48003460567868,True,14.0,15,156.5,21.266979382798723,106.33489691399362,0.7792930038896517,90,15,0.0004230760023347102,0.4666666666666667,"{'Growth Department': 36.0, 'Trading/Opportunity Team': 38.0, 'Compliance Department': -23.0, 'Operations Department': -4.165103086006376, 'Saboteur Department': 59.5}",37.0,-23.0,-4.165103086006376,,free_rider,asymmetric,59.5
centralized_profit,2,4.240470317062478,42.144326962643134,True,12.0,13,171.0,28.32403799739547,141.62018998697735,0.4713446861732583,78,13,0.00043229800212429836,0.23076923076923078,"{'Growth Department': 36.0, 'Trading/Opportunity Team': 41.0, 'Compliance Department': -7.5, 'Operations Department': 11.120189986977358, 'Saboteur Department': 61.0}",38.5,-7.5,11.120189986977358,,free_rider,asymmetric,61.0
centralized_profit,3,0.0,39.54552543305658,True,15.0,16,187.0,30.433405913060483,152.1670295653024,0.5003264399086302,96,16,0.00040717999945627525,0.375,"{'Growth Department': 42.0, 'Trading/Opportunity Team': 44.0, 'Compliance Department': -7.0, 'Operations Department': 4.667029565302418, 'Saboteur Department': 68.5}",43.0,-7.0,4.667029565302418,,free_rider,asymmetric,68.5
centralized_profit,4,3.073820530001653,35.45721324877601,True,13.0,14,163.0,23.849077579978633,119.24538789989316,0.6859958802659573,84,14,0.0003909129954990931,0.2857142857142857,"{'Growth Department': 34.0, 'Trading/Opportunity Team': 43.0, 'Compliance Department': -18.5, 'Operations Department': -1.0046121001068364, 'Saboteur Department': 61.75}",38.5,-18.5,-1.0046121001068364,,free_rider,asymmetric,61.75
centralized_profit,5,1.7150614849682544,36.332760072797036,True,10.0,11,144.5,22.155262842308346,110.77631421154173,0.5622995742251676,66,11,0.0002877060032915324,0.2727272727272727,"{'Growth Department': 33.0, 'Trading/Opportunity Team': 33.0, 'Compliance Department': -11.5, 'Operations Department': 4.276314211541731, 'Saboteur Department': 52.0}",33.0,-11.5,4.276314211541731,,free_rider,asymmetric,52.0
centralized_profit,6,0.049347346239224876,36.46434929182232,True,12.0,13,166.0,25.427449195250595,127.13724597625298,0.5399291221261826,78,13,0.0003420879947952926,0.23076923076923078,"{'Growth Department': 39.0, 'Trading/Opportunity Team': 41.0, 'Compliance Department': -10.5, 'Operations Department': 1.8872459762529807, 'Saboteur Department': 55.75}",40.0,-10.5,1.8872459762529807,,free_rider,asymmetric,55.75
centralized_profit,7,1.604746603173517,38.1925583606511,True,11.0,12,148.0,22.19989282036321,110.99946410181606,0.6441491852040732,72,12,0.0003344369979458861,0.16666666666666666,"{'Growth Department': 35.5, 'Trading/Opportunity Team': 35.5, 'Compliance Department': -16.0, 'Operations Department': 0.24946410181605572, 'Saboteur Department': 55.75}",35.5,-16.0,0.24946410181605572,,free_rider,asymmetric,55.75
centralized_profit,8,1.0170391558875362,34.50155125495395,True,11.0,12,155.5,23.391464551384427,116.95732275692214,0.6191751759548987,72,12,0.00036828000156674534,0.16666666666666666,"{'Growth Department': 35.5, 'Trading/Opportunity Team': 37.0, 'Compliance Department': -14.5, 'Operations Department': 0.9573227569221343, 'Saboteur Department': 58.0}",36.25,-14.5,0.9573227569221343,,free_rider,asymmetric,58.0
centralized_profit,9,0.0,38.20438891264975,True,13.0,14,170.5,26.554400867535474,132.77200433767737,0.53543816423923,84,14,0.00035910799488192424,0.2857142857142857,"{'Growth Department': 39.5, 'Trading/Opportunity Team': 39.5, 'Compliance Department': -13.5, 'Operations Department': 7.772004337677373, 'Saboteur Department': 59.5}",39.5,-13.5,7.772004337677373,,free_rider,asymmetric,59.5
centralized_profit,10,3.9810407514258923,38.1650862437588,True,11.0,12,156.5,23.79374293300923,118.96871466504615,0.5346995158607976,72,12,0.00035855100577464327,0.25,"{'Growth Department': 31.5, 'Trading/Opportunity Team': 37.0, 'Compliance Department': -7.5, 'Operations Department': 2.9687146650461482, 'Saboteur Department': 55.0}",34.25,-7.5,2.9687146650461482,,free_rider,asymmetric,55.0
centralized_profit,11,0.0,33.741237525612554,True,13.0,14,168.0,25.57801249754085,127.89006248770426,0.5953861740605453,84,14,0.00041058200440602377,0.2857142857142857,"{'Growth Department': 41.0, 'Trading/Opportunity Team': 43.0, 'Compliance Department': -15.0, 'Operations Department': 0.14006248770425778, 'Saboteur Department': 58.75}",42.0,-15.0,0.14006248770425778,,free_rider,asymmetric,58.75
centralized_profit,12,0.0,32.70854124885273,True,13.0,14,166.5,23.04682443567642,115.23412217838211,0.730741463872098,84,14,0.00042407800356158987,0.2857142857142857,"{'Growth Department': 39.5, 'Trading/Opportunity Team': 39.5, 'Compliance Department': -22.0, 'Operations Department': -3.5158778216178814, 'Saboteur Department': 61.75}",39.5,-22.0,-3.5158778216178814,,free_rider,asymmetric,61.75
centralized_profit,13,4.199753387011123,36.10581345883343,True,11.0,12,151.0,22.43319778400695,112.16598892003475,0.6038693643603024,72,12,0.00038750800013076514,0.3333333333333333,"{'Growth Department': 33.5, 'Trading/Opportunity Team': 35.0, 'Compliance Department': -13.0, 'Operations Department': 1.6659889200347537, 'Saboteur Department': 55.0}",34.25,-13.0,1.6659889200347537,,free_rider,asymmetric,55.0
centralized_profit,14,1.07436695378731,45.12436412072302,True,13.0,14,173.5,30.230890809580963,151.1544540479048,0.42366080962816144,84,14,0.00038877000042703,0.2857142857142857,"{'Growth Department': 39.5, 'Trading/Opportunity Team': 41.5, 'Compliance Department': -3.5, 'Operations Department': 11.9044540479048, 'Saboteur Department': 61.75}",40.5,-3.5,11.9044540479048,,free_rider,asymmetric,61.75
centralized_profit,15,0.0,30.285315225743446,True,20.0,21,205.0,28.727397171965492,143.63698585982746,0.701387633923092,126,21,0.0006058670041966252,0.5238095238095238,"{'Growth Department': 48.0, 'Trading/Opportunity Team': 53.5, 'Compliance Department': -21.5, 'Operations Department': -9.363014140172547, 'Saboteur Department': 73.0}",50.75,-21.5,-9.363014140172547,,free_rider,asymmetric,73.0
centralized_profit,16,4.028947196028533,36.64678816675417,True,10.0,11,143.5,21.936710204079496,109.68355102039747,0.5636814181949974,66,11,0.0002952550057671033,0.18181818181818182,"{'Growth Department': 35.0, 'Trading/Opportunity Team': 35.0, 'Compliance Department': -10.0, 'Operations Department': -0.06644897960252294, 'Saboteur Department': 49.75}",35.0,-10.0,-0.06644897960252294,,free_rider,asymmetric,49.75
centralized_profit,17,3.2623510978611776,36.38078314891482,True,11.0,12,135.0,17.41676858867886,87.0838429433943,0.7540602321067341,72,12,0.00033989400253631175,0.3333333333333333,"{'Growth Department': 33.0, 'Trading/Opportunity Team': 33.0, 'Compliance Department': -21.0, 'Operations Department': -1.6661570566057051, 'Saboteur Department': 43.75}",33.0,-21.0,-1.6661570566057051,,free_rider,asymmetric,43.75
centralized_profit,18,0.2241347772324609,44.74340876822402,True,11.0,12,155.0,26.477328570417917,132.38664285208958,0.4845303232806595,72,12,0.0003277669966337271,0.16666666666666666,"{'Growth Department': 35.5, 'Trading/Opportunity Team': 37.5, 'Compliance Department': -6.0, 'Operations Department': 6.636642852089581, 'Saboteur Department': 58.75}",36.5,-6.0,6.636642852089581,,free_rider,asymmetric,58.75
centralized_profit,19,4.88616420272632,40.5731380167292,True,14.0,15,177.5,27.53336188435791,137.66680942178954,0.6031466595327508,90,15,0.00042488600593060255,0.3333333333333333,"{'Growth Department': 38.5, 'Trading/Opportunity Team': 43.5, 'Compliance Department': -16.5, 'Operations Department': 4.416809421789544, 'Saboteur Department': 67.75}",41.0,-16.5,4.416809421789544,,free_rider,asymmetric,67.75
centralized_sustainability,0,71.08185555139212,68.1218950956069,False,,100,573.0,125.95,629.75,0.07463279078999605,600,100,0.0018571640030131675,0.99,"{'Growth Department': 116.5, 'Trading/Opportunity Team': 113.5, 'Compliance Department': 116.5, 'Operations Department': 113.0, 'Saboteur Department': 170.25}",115.0,116.5,113.0,,free_rider,asymmetric,170.25
centralized_sustainability,1,69.53247191247888,69.20456425374721,False,,100,597.0,131.35,656.75,0.0816140083745717,600,100,0.0018947510034195147,0.99,"{'Growth Department': 121.0, 'Trading/Opportunity Team': 116.5, 'Compliance Department': 124.0, 'Operations Department': 116.0, 'Saboteur Department': 179.25}",118.75,124.0,116.0,,free_rider,asymmetric,179.25
centralized_sustainability,2,67.61082168145943,68.82460386432177,False,,100,601.5,132.5470689301846,662.735344650923,0.08904266952948507,600,100,0.0020568180043483153,0.96,"{'Growth Department': 121.0, 'Trading/Opportunity Team': 122.5, 'Compliance Department': 124.0, 'Operations Department': 111.48534465092305, 'Saboteur Department': 183.75}",121.75,124.0,111.48534465092305,,free_rider,asymmetric,183.75
centralized_sustainability,3,63.36595250442747,68.75872346713258,False,,100,638.5,140.55,702.75,0.08338669512628964,600,100,0.0021275999970384873,0.96,"{'Growth Department': 130.0, 'Trading/Opportunity Team': 126.5, 'Compliance Department': 131.5, 'Operations Department': 122.0, 'Saboteur Department': 192.75}",128.25,131.5,122.0,,free_rider,asymmetric,192.75
centralized_sustainability,4,72.42735508624808,68.62931750981109,False,,100,627.5,137.8,689.0,0.07692307692307701,600,100,0.0018977889994857833,0.95,"{'Growth Department': 127.5, 'Trading/Opportunity Team': 126.0, 'Compliance Department': 130.5, 'Operations Department': 120.5, 'Saboteur Department': 184.5}",126.75,130.5,120.5,,free_rider,asymmetric,184.5
centralized_sustainability,5,69.25116204999631,69.42584228804812,False,,100,603.0,132.75,663.75,0.08105461393596994,600,100,0.001847847001045011,0.98,"{'Growth Department': 118.0, 'Trading/Opportunity Team': 123.0, 'Compliance Department': 123.0, 'Operations Department': 117.5, 'Saboteur Department': 182.25}",120.5,123.0,117.5,,free_rider,asymmetric,182.25
centralized_sustainability,6,70.29210841356395,70.05871571671454,False,,100,621.5,136.45,682.25,0.07416636130450716,600,100,0.002055963996099308,0.97,"{'Growth Department': 126.5, 'Trading/Opportunity Team': 125.0, 'Compliance Department': 128.0, 'Operations Department': 120.5, 'Saboteur Department': 182.25}",125.75,128.0,120.5,,free_rider,asymmetric,182.25
centralized_sustainability,7,71.53811367944266,67.66963486358753,False,,100,604.0,132.95082865878553,664.7541432939277,0.08905049477620697,600,100,0.001861543998529669,0.97,"{'Growth Department': 122.0, 'Trading/Opportunity Team': 122.0, 'Compliance Department': 123.5, 'Operations Department': 112.00414329392771, 'Saboteur Department': 185.25}",122.0,123.5,112.00414329392771,,free_rider,asymmetric,185.25
centralized_sustainability,8,70.60913411257904,69.12529466624949,False,,100,643.5,141.88019917809888,709.4009958904944,0.09032860632958002,600,100,0.0023528689998784102,0.95,"{'Growth Department': 127.0, 'Trading/Opportunity Team': 132.0, 'Compliance Department': 132.0, 'Operations Department': 120.40099589049444, 'Saboteur Department': 198.0}",129.5,132.0,120.40099589049444,,free_rider,asymmetric,198.0
centralized_sustainability,9,74.6216902601288,70.0673801075358,False,,100,612.5,135.0,675.0,0.08414814814814822,600,100,0.002159896001103334,0.97,"{'Growth Department': 123.5, 'Trading/Opportunity Team': 120.0, 'Compliance Department': 125.0, 'Operations Department': 119.0, 'Saboteur Department': 187.5}",121.75,125.0,119.0,,free_rider,asymmetric,187.5
centralized_sustainability,10,68.06316969578185,68.5790359149126,False,,100,611.0,134.6,673.0,0.08796433878157509,600,100,0.0026916130009340122,0.96,"{'Growth Department': 122.0, 'Trading/Opportunity Team': 123.5, 'Compliance Department': 127.0, 'Operations Department': 114.5, 'Saboteur Department': 186.0}",122.75,127.0,114.5,,free_rider,asymmetric,186.0
centralized_sustainability,11,68.67460477238318,68.6824869928935,False,,100,622.5,136.88241416013466,684.4120708006733,0.08367816086654116,600,100,0.0020521570040727966,0.95,"{'Growth Department': 126.0, 'Trading/Opportunity Team': 127.5, 'Compliance Department': 129.0, 'Operations Department': 115.91207080067335, 'Saboteur Department': 186.0}",126.75,129.0,115.91207080067335,,free_rider,asymmetric,186.0
centralized_sustainability,12,72.94803016195245,69.26333956345708,False,,100,600.5,132.0083829758783,660.0419148793916,0.07994411704312547,600,100,0.0020568569962051697,0.98,"{'Growth Department': 120.0, 'Trading/Opportunity Team': 121.5, 'Compliance Department': 123.0, 'Operations Department': 115.54191487939158, 'Saboteur Department': 180.0}",120.75,123.0,115.54191487939158,,free_rider,asymmetric,180.0
centralized_sustainability,13,75.3275757164469,68.70541296984929,False,,100,642.0,141.35,706.75,0.08715953307393001,600,100,0.002191892002883833,0.94,"{'Growth Department': 131.0, 'Trading/Opportunity Team': 131.0, 'Compliance Department': 132.5, 'Operations Department': 118.0, 'Saboteur Department': 194.25}",131.0,132.5,118.0,,free_rider,asymmetric,194.25
centralized_sustainability,14,66.02035367510409,68.97667416002035,False,,100,613.5,135.25,676.25,0.08458410351201487,600,100,0.002146060003724415,0.99,"{'Growth Department': 122.5, 'Trading/Opportunity Team': 121.0, 'Compliance Department': 125.5, 'Operations Department': 119.0, 'Saboteur Department': 188.25}",121.75,125.5,119.0,,free_rider,asymmetric,188.25
centralized_sustainability,15,65.92828303955682,69.05027912395903,False,,100,643.0,141.65,708.25,0.08895164136957287,600,100,0.0021606439986499026,0.95,"{'Growth Department': 132.0, 'Trading/Opportunity Team': 126.5, 'Compliance Department': 133.5, 'Operations Department': 120.5, 'Saboteur Department': 195.75}",129.25,133.5,120.5,,free_rider,asymmetric,195.75
centralized_sustainability,16,64.71851513345815,68.8379452548942,False,,100,621.0,136.75,683.75,0.08541133455210233,600,100,0.0030431220002355985,0.96,"{'Growth Department': 125.5, 'Trading/Opportunity Team': 124.0, 'Compliance Department': 128.5, 'Operations Department': 117.5, 'Saboteur Department': 188.25}",124.75,128.5,117.5,,free_rider,asymmetric,188.25
centralized_sustainability,17,72.81263967716599,68.18132291524847,False,,100,592.5,130.2666552485445,651.3332762427225,0.08341870588778946,600,100,0.00196594499720959,0.96,"{'Growth Department': 121.0, 'Trading/Opportunity Team': 121.0, 'Compliance Department': 122.5, 'Operations Department': 109.83327624272249, 'Saboteur Department': 177.0}",121.0,122.5,109.83327624272249,,free_rider,asymmetric,177.0
centralized_sustainability,18,66.4253278628509,68.09370098482763,False,,100,582.5,128.29782002575013,641.4891001287506,0.0848162811902485,600,100,0.001967356998648029,0.98,"{'Growth Department': 118.5, 'Trading/Opportunity Team': 115.5, 'Compliance Department': 118.5, 'Operations Department': 111.23910012875052, 'Saboteur Department': 177.75}",117.0,118.5,111.23910012875052,,free_rider,asymmetric,177.75
centralized_sustainability,19,71.89557291493094,69.56900434414698,False,,100,587.5,129.25,646.25,0.0755125725338491,600,100,0.0018995979989995249,1.0,"{'Growth Department': 117.5, 'Trading/Opportunity Team': 116.0, 'Compliance Department': 119.0, 'Operations Department': 117.5, 'Saboteur Department': 176.25}",116.75,119.0,117.5,,free_rider,asymmetric,176.25
centralized_risk_averse,0,2.4917280405958167,36.89205209164813,True,10.0,11,121.0,17.387041717372895,86.93520858686448,0.6835655832800659,66,11,0.0003613250009948388,0.2727272727272727,"{'Growth Department': 28.0, 'Trading/Opportunity Team': 24.0, 'Compliance Department': -13.0, 'Operations Department': 0.4352085868644773, 'Saboteur Department': 47.5}",26.0,-13.0,0.4352085868644773,,free_rider,asymmetric,47.5
centralized_risk_averse,1,2.192127178931649,39.47899751896346,True,10.0,11,143.0,22.67798628727632,113.3899314363816,0.5930334957753741,66,11,0.00035305200435686857,0.0,"{'Growth Department': 31.0, 'Trading/Opportunity Team': 28.0, 'Compliance Department': -8.5, 'Operations Department': 1.8899314363815929, 'Saboteur Department': 61.0}",29.5,-8.5,1.8899314363815929,,free_rider,asymmetric,61.0
centralized_risk_averse,2,2.126818300487937,42.53151295182893,True,12.0,13,175.0,29.83068839085245,149.15344195426226,0.4836537613420703,78,13,0.00038235200190683827,0.07692307692307693,"{'Growth Department': 34.0, 'Trading/Opportunity Team': 39.0, 'Compliance Department': -7.5, 'Operations Department': 13.653441954262261, 'Saboteur Department': 70.0}",36.5,-7.5,13.653441954262261,,free_rider,asymmetric,70.0
centralized_risk_averse,3,4.90489943346013,41.40197746373668,True,11.0,12,161.5,27.901100348890207,139.50550174445104,0.45157931776497395,72,12,0.0003416280014789663,0.08333333333333333,"{'Growth Department': 37.0, 'Trading/Opportunity Team': 32.0, 'Compliance Department': 1.0, 'Operations Department': 5.505501744451033, 'Saboteur Department': 64.0}",34.5,1.0,5.505501744451033,,free_rider,asymmetric,64.0
centralized_risk_averse,4,0.43688414461037794,34.222314246249496,True,14.0,15,171.0,24.852282318509175,124.26141159254587,0.7644805748261772,90,15,0.0003940900060115382,0.2,"{'Growth Department': 34.5, 'Trading/Opportunity Team': 41.5, 'Compliance Department': -23.0, 'Operations Department': -2.4885884074541362, 'Saboteur Department': 73.75}",38.0,-23.0,-2.4885884074541362,,free_rider,asymmetric,73.75
centralized_risk_averse,5,4.628949742654672,38.448751253479756,True,9.0,10,138.0,21.47318866311671,107.36594331558354,0.5984544138442878,60,10,0.00023555499501526356,0.0,"{'Growth Department': 31.0, 'Trading/Opportunity Team': 29.0, 'Compliance Department': -12.0, 'Operations Department': 4.365943315583546, 'Saboteur Department': 55.0}",30.0,-12.0,4.365943315583546,,free_rider,asymmetric,55.0
centralized_risk_averse,6,0.30130148060798945,40.31097712348035,True,13.0,14,175.5,28.656461169459487,143.28230584729744,0.5456855066557108,84,14,0.0003828230037470348,0.14285714285714285,"{'Growth Department': 37.5, 'Trading/Opportunity Team': 39.5, 'Compliance Department': -10.0, 'Operations Department': 5.5323058472974305, 'Saboteur Department': 70.75}",38.5,-10.0,5.5323058472974305,,free_rider,asymmetric,70.75
centralized_risk_averse,7,0.0,37.701161825653294,True,11.0,12,153.0,23.479131719323526,117.39565859661764,0.6511461963343452,72,12,0.00033044000156223774,0.08333333333333333,"{'Growth Department': 37.0, 'Trading/Opportunity Team': 35.5, 'Compliance Department': -16.0, 'Operations Department': -0.10434140338236109, 'Saboteur Department': 61.0}",36.25,-16.0,-0.10434140338236109,,free_rider,asymmetric,61.0
centralized_risk_averse,8,0.8915913384474035,36.95367565332084,True,10.0,11,154.0,24.801126356909407,124.00563178454703,0.5612466650474668,66,11,0.00037282099947333336,0.0,"{'Growth Department': 35.0, 'Trading/Opportunity Team': 35.0, 'Compliance Department': -10.0, 'Operations Department': 3.0056317845470435, 'Saboteur Department': 61.0}",35.0,-10.0,3.0056317845470435,,free_rider,asymmetric,61.0
centralized_risk_averse,9,4.347098248263606,40.0781628007428,True,10.0,11,152.5,24.803847654198016,124.01923827099007,0.5434020207763848,66,11,0.0003021550000994466,0.0,"{'Growth Department': 35.0, 'Trading/Opportunity Team': 29.5, 'Compliance Department': -10.0, 'Operations Department': 8.519238270990076, 'Saboteur Department': 61.0}",32.25,-10.0,8.519238270990076,,free_rider,asymmetric,61.0
centralized_risk_averse,10,0.9038145879849111,38.94723832331666,True,11.0,12,160.5,25.282372832465562,126.41186416232782,0.5524422473937425,72,12,0.0004242569993948564,0.08333333333333333,"{'Growth Department': 31.5, 'Trading/Opportunity Team': 35.0, 'Compliance Department': -7.5, 'Operations Department': 3.411864162327812, 'Saboteur Department': 64.0}",33.25,-7.5,3.411864162327812,,free_rider,asymmetric,64.0
centralized_risk_averse,11,4.710251115806626,40.49019077461748,True,13.0,14,172.0,30.035223776847545,150.17611888423772,0.4703114780902632,84,14,0.00040943899512058124,0.21428571428571427,"{'Growth Department': 39.5, 'Trading/Opportunity Team': 39.5, 'Compliance Department': -5.0, 'Operations Department': 8.426118884237713, 'Saboteur Department': 67.75}",39.5,-5.0,8.426118884237713,,free_rider,asymmetric,67.75
centralized_risk_averse,12,0.050603156702534235,34.497096971261406,True,12.0,13,162.0,23.833336633385944,119.16668316692972,0.6934264220266553,78,13,0.0004197450034553185,0.07692307692307693,"{'Growth Department': 37.5, 'Trading/Opportunity Team': 37.5, 'Compliance Department': -19.0, 'Operations Department': -1.5833168330702803, 'Saboteur Department': 64.75}",37.5,-19.0,-1.5833168330702803,,free_rider,asymmetric,64.75
centralized_risk_averse,13,3.8713351555321527,39.3958388805258,True,9.0,10,143.0,23.582563157769066,117.91281578884534,0.5023616244610583,60,10,0.00031285399745684117,0.0,"{'Growth Department': 33.0, 'Trading/Opportunity Team': 31.0, 'Compliance Department': -4.0, 'Operations Department': 2.9128157888453377, 'Saboteur Department': 55.0}",32.0,-4.0,2.9128157888453377,,free_rider,asymmetric,55.0
centralized_risk_averse,14,0.0,42.41428044042788,True,12.0,13,169.5,28.78885256517907,143.94426282589535,0.5295264526230884,78,13,0.00036328399437479675,0.07692307692307693,"{'Growth Department': 41.0, 'Trading/Opportunity Team': 33.5, 'Compliance Department': -9.0, 'Operations Department': 8.444262825895349, 'Saboteur Department': 70.0}",37.25,-9.0,8.444262825895349,,free_rider,asymmetric,70.0
centralized_risk_averse,15,2.5040135245324944,34.05829799031784,True,16.0,17,185.5,30.843390525102983,154.21695262551492,0.5254055181361584,102,17,0.0005126180039951578,0.29411764705882354,"{'Growth Department': 40.5, 'Trading/Opportunity Team': 40.5, 'Compliance Department': -1.5, 'Operations Department': -2.7830473744850828, 'Saboteur Department': 77.5}",40.5,-1.5,-2.7830473744850828,,free_rider,asymmetric,77.5
centralized_risk_averse,16,4.738844795241514,38.334346791434335,True,12.0,13,155.5,24.175364095042443,120.87682047521221,0.6547928006275281,78,13,0.00035396200109971687,0.15384615384615385,"{'Growth Department': 34.0, 'Trading/Opportunity Team': 37.5, 'Compliance Department': -15.5, 'Operations Department': 0.12682047521220596, 'Saboteur Department': 64.75}",35.75,-15.5,0.12682047521220596,,free_rider,asymmetric,64.75
centralized_risk_averse,17,0.0,36.906721225830054,True,12.0,13,145.5,20.48841049219173,102.44205246095865,0.7879886928893842,78,13,0.0003656490007415414,0.15384615384615385,"{'Growth Department': 33.5, 'Trading/Opportunity Team': 31.5, 'Compliance Department': -20.5, 'Operations Department': -3.807947539041341, 'Saboteur Department': 61.75}",32.5,-20.5,-3.807947539041341,,free_rider,asymmetric,61.75
centralized_risk_averse,18,4.6831282503657405,43.724830223200996,True,10.0,11,152.5,26.146425704470612,130.73212852235307,0.49648964890800124,66,11,0.0004967960048816167,0.0,"{'Growth Department': 35.0, 'Trading/Opportunity Team': 33.5, 'Compliance Department': -6.5, 'Operations Department': 7.732128522353068, 'Saboteur Department': 61.0}",34.25,-6.5,7.732128522353068,,free_rider,asymmetric,61.0
centralized_risk_averse,19,3.406053920068473,42.04213529580098,True,11.0,12,167.0,29.18840042151438,145.9420021075719,0.46746788567889314,72,12,0.00034704399877227843,0.0,"{'Growth Department': 37.5, 'Trading/Opportunity Team': 37.5, 'Compliance Department': -3.0, 'Operations Department': 6.942002107571924, 'Saboteur Department': 67.0}",37.5,-3.0,6.942002107571924,,free_rider,asymmetric,67.0
structured_debate,0,1.480501715005083,35.2542398793943,True,14.0,15,142.0,19.627809343286714,98.13904671643357,0.6780622345527998,225,30,0.0006717360010952689,0.5333333333333333,"{'Growth Department': 33.0, 'Trading/Opportunity Team': 31.0, 'Compliance Department': -16.0, 'Operations Department': -0.3609532835664222, 'Saboteur Department': 50.5}",32.0,-16.0,-0.3609532835664222,,free_rider,asymmetric,50.5
structured_debate,1,4.38198927731502,37.5671187494092,True,25.0,26,238.5,40.73769966458881,203.68849832294404,0.5107043427945226,390,52,0.0008326680035679601,0.6153846153846154,"{'Growth Department': 57.0, 'Trading/Opportunity Team': 50.5, 'Compliance Department': -6.0, 'Operations Department': 4.438498322944058, 'Saboteur Department': 97.75}",53.75,-6.0,4.438498322944058,,free_rider,asymmetric,97.75
structured_debate,2,0.0,41.849913985185935,True,31.0,32,292.5,50.79054356956743,253.95271784783716,0.45291467575386185,480,64,0.001050257997121662,0.65625,"{'Growth Department': 61.0, 'Trading/Opportunity Team': 69.5, 'Compliance Department': -10.0, 'Operations Department': 22.95271784783717, 'Saboteur Department': 110.5}",65.25,-10.0,22.95271784783717,,free_rider,asymmetric,110.5
structured_debate,3,4.343058847174769,41.195550198294654,True,41.0,42,365.0,67.77767201081915,338.88836005409576,0.3943618953363533,630,84,0.0012668100025621243,0.7857142857142857,"{'Growth Department': 89.0, 'Trading/Opportunity Team': 84.5, 'Compliance Department': 2.0, 'Operations Department': 25.88836005409572, 'Saboteur Department': 137.5}",86.75,2.0,25.88836005409572,,free_rider,asymmetric,137.5
structured_debate,4,4.6042126634964795,38.92760738094221,True,32.0,33,286.5,49.87550935742918,249.3775467871459,0.5014444279214766,495,66,0.0011131980063510127,0.696969696969697,"{'Growth Department': 61.0, 'Trading/Opportunity Team': 72.0, 'Compliance Department': -7.5, 'Operations Department': 7.377546787145898, 'Saboteur Department': 116.5}",66.5,-7.5,7.377546787145898,,free_rider,asymmetric,116.5
structured_debate,5,4.74611227511415,45.98435338392498,True,17.0,18,172.5,29.218920142567026,146.09460071283513,0.44192023113687745,270,36,0.0005554259987547994,0.7222222222222222,"{'Growth Department': 33.5, 'Trading/Opportunity Team': 37.0, 'Compliance Department': -8.0, 'Operations Department': 19.594600712835145, 'Saboteur Department': 64.0}",35.25,-8.0,19.594600712835145,,free_rider,asymmetric,64.0
structured_debate,6,0.0,40.378769999796866,True,41.0,42,364.0,67.40375148245553,337.01875741227764,0.4008456326655706,630,84,0.0013237389939604327,0.8095238095238095,"{'Growth Department': 83.5, 'Trading/Opportunity Team': 84.0, 'Compliance Department': 5.0, 'Operations Department': 21.768757412277665, 'Saboteur Department': 142.75}",83.75,5.0,21.768757412277665,,free_rider,asymmetric,142.75
structured_debate,7,3.365558363021366,43.945874156760794,True,21.0,22,196.0,32.372318171253255,161.86159085626628,0.51559708029561,330,44,0.0006253469982766546,0.7272727272727273,"{'Growth Department': 45.0, 'Trading/Opportunity Team': 41.5, 'Compliance Department': -11.0, 'Operations Department': 10.361590856266284, 'Saboteur Department': 76.0}",43.25,-11.0,10.361590856266284,,free_rider,asymmetric,76.0
structured_debate,8,4.5870683765320255,37.394140127089464,True,66.0,67,523.5,98.57990020713927,492.89950103569635,0.43716903490198006,1005,134,0.0019201070026610978,0.8656716417910447,"{'Growth Department': 124.5, 'Trading/Opportunity Team': 138.5, 'Compliance Department': 19.0, 'Operations Department': 0.6495010356963649, 'Saboteur Department': 210.25}",131.5,19.0,0.6495010356963649,,free_rider,asymmetric,210.25
structured_debate,9,3.7877278730042168,42.71256681173387,True,36.0,37,310.5,56.10459387152456,280.5229693576228,0.3899531382668874,555,74,0.0010307209959137253,0.8918918918918919,"{'Growth Department': 71.5, 'Trading/Opportunity Team': 70.0, 'Compliance Department': -0.5, 'Operations Department': 26.02296935762279, 'Saboteur Department': 113.5}",70.75,-0.5,26.02296935762279,,free_rider,asymmetric,113.5
structured_debate,10,4.197435407538736,39.19762181758763,True,39.0,40,341.5,60.645214534690055,303.2260726734503,0.4211694918073642,600,80,0.0013091069995425642,0.8,"{'Growth Department': 79.5, 'Trading/Opportunity Team': 83.5, 'Compliance Department': 0.5, 'Operations Department': 14.22607267345025, 'Saboteur Department': 125.5}",81.5,0.5,14.22607267345025,,free_rider,asymmetric,125.5
structured_debate,11,3.042284400684757,42.089517062361374,True,29.0,30,261.0,45.86873989698603,229.34369948493014,0.4171142282123769,450,60,0.0009338180025224574,0.8333333333333334,"{'Growth Department': 57.5, 'Trading/Opportunity Team': 59.5, 'Compliance Department': -5.5, 'Operations Department': 22.343699484930145, 'Saboteur Department': 95.5}",58.5,-5.5,22.343699484930145,,free_rider,asymmetric,95.5
structured_debate,12,2.3757954396080727,40.77534057132958,True,53.0,54,450.0,83.50395324331225,417.51976621656127,0.3719395010219177,810,108,0.0015969439991749823,0.8703703703703703,"{'Growth Department': 104.0, 'Trading/Opportunity Team': 106.0, 'Compliance Department': 6.0, 'Operations Department': 36.26976621656123, 'Saboteur Department': 165.25}",105.0,6.0,36.26976621656123,,free_rider,asymmetric,165.25
structured_debate,13,3.4410191051074612,39.88892190901721,True,37.0,38,331.5,60.49437270011698,302.4718635005849,0.4103233046650835,570,76,0.0011119589980808087,0.7894736842105263,"{'Growth Department': 77.5, 'Trading/Opportunity Team': 76.0, 'Compliance Department': 1.5, 'Operations Department': 19.721863500584888, 'Saboteur Department': 127.75}",76.75,1.5,19.721863500584888,,free_rider,asymmetric,127.75
structured_debate,14,0.6600007578439602,42.6253425371125,True,21.0,22,209.0,33.50096976836859,167.50484884184297,0.4757955427219496,330,44,0.00087920599617064,0.6363636363636364,"{'Growth Department': 43.0, 'Trading/Opportunity Team': 45.5, 'Compliance Department': -11.5, 'Operations Department': 16.75484884184298, 'Saboteur Department': 73.75}",44.25,-11.5,16.75484884184298,,free_rider,asymmetric,73.75
structured_debate,15,0.0,37.96845641890519,True,60.0,61,496.5,95.30047736395437,476.50238681977186,0.3928586628779819,915,122,0.0019129979991703294,0.8524590163934426,"{'Growth Department': 123.5, 'Trading/Opportunity Team': 124.5, 'Compliance Department': 19.5, 'Operations Department': 13.752386819771882, 'Saboteur Department': 195.25}",124.0,19.5,13.752386819771882,,free_rider,asymmetric,195.25
structured_debate,16,4.777249102729346,38.54867911929749,True,30.0,31,271.0,47.32330674666677,236.61653373333388,0.468916456327226,465,62,0.0010592890030238777,0.7096774193548387,"{'Growth Department': 60.0, 'Trading/Opportunity Team': 64.0, 'Compliance Department': -3.5, 'Operations Department': 8.616533733333895, 'Saboteur Department': 107.5}",62.0,-3.5,8.616533733333895,,free_rider,asymmetric,107.5
structured_debate,17,3.0684158911712416,38.12070189632207,True,27.0,28,243.0,40.289366414312724,201.44683207156362,0.5183564620876197,420,56,0.001418629995896481,0.7142857142857143,"{'Growth Department': 56.0, 'Trading/Opportunity Team': 54.0, 'Compliance Department': -10.0, 'Operations Department': 5.946832071563627, 'Saboteur Department': 95.5}",55.0,-10.0,5.946832071563627,,free_rider,asymmetric,95.5
structured_debate,18,0.44725207280293233,43.021014707109344,True,25.0,26,223.5,38.909403337907186,194.54701668953592,0.4465819872367064,390,52,0.0011218689978704788,0.6538461538461539,"{'Growth Department': 52.0, 'Trading/Opportunity Team': 51.0, 'Compliance Department': -4.0, 'Operations Department': 11.297016689535916, 'Saboteur Department': 84.25}",51.5,-4.0,11.297016689535916,,free_rider,asymmetric,84.25
structured_debate,19,0.8619886580924785,44.56328191396722,True,25.0,26,244.0,42.93139810138721,214.65699050693604,0.4427398500872709,390,52,0.001013458997476846,0.6153846153846154,"{'Growth Department': 48.5, 'Trading/Opportunity Team': 57.5, 'Compliance Department': -4.5, 'Operations Department': 18.40699050693604, 'Saboteur Department': 94.75}",53.0,-4.5,18.40699050693604,,free_rider,asymmetric,94.75
independent,0,0.7692387172596185,40.828700192923456,True,60.0,61,448.0,69.66393315455987,348.31966577279934,0.2864164881772961,0,0,0.0010355619961046614,0.0,"{'Growth Department': 114.0, 'Trading/Opportunity Team': 113.0, 'Compliance Department': 29.0, 'Operations Department': 33.588761415663285, 'Risk Department': 58.73090435713605}",113.5,29.0,33.588761415663285,58.73090435713605,standard,compressed,
independent,1,3.4397280353066826,49.26781199959783,True,47.0,48,357.0,58.53699229185097,292.68496145925485,0.2209020652164698,0,0,0.0008831099985400215,0.0,"{'Growth Department': 89.0, 'Trading/Opportunity Team': 86.5, 'Compliance Department': 30.5, 'Operations Department': 41.863218889619304, 'Risk Department': 44.82174256963556}",87.75,30.5,41.863218889619304,44.82174256963556,standard,compressed,
independent,2,1.2159651400031901,54.221422645502074,True,43.0,44,331.5,54.57130949598623,272.8565474799311,0.20588874159784254,0,0,0.0008620989974588156,0.0,"{'Growth Department': 78.5, 'Trading/Opportunity Team': 81.5, 'Compliance Department': 30.0, 'Operations Department': 41.8017754733686, 'Risk Department': 41.05477200656252}",80.0,30.0,41.8017754733686,41.05477200656252,standard,compressed,
independent,3,30.123111351743773,52.33438796658762,False,,100,749.5,145.05125821101527,725.2562910550763,0.15255006257660159,0,0,0.0018598030001157895,0.0,"{'Growth Department': 195.5, 'Trading/Opportunity Team': 194.5, 'Compliance Department': 107.5, 'Operations Department': 127.05365678573368, 'Risk Department': 100.70263426934261}",195.0,107.5,127.05365678573368,100.70263426934261,standard,compressed,
independent,4,12.68257462869699,46.975065545378776,False,,100,745.0,136.87627195380384,684.3813597690192,0.1700761043138698,0,0,0.0018159050014219247,0.0,"{'Growth Department': 193.5, 'Trading/Opportunity Team': 194.0, 'Compliance Department': 95.5, 'Operations Department': 99.50771116364082, 'Risk Department': 101.87364860537842}",193.75,95.5,99.50771116364082,101.87364860537842,standard,compressed,
independent,5,4.392592284849799,39.06710199296773,True,46.0,47,335.5,46.53736756933759,232.68683784668795,0.3857650071421842,0,0,0.0008728299944777973,0.0,"{'Growth Department': 85.0, 'Trading/Opportunity Team': 84.5, 'Compliance Department': 14.5, 'Operations Department': 7.796950420225216, 'Risk Department': 40.889887426462735}",84.75,14.5,7.796950420225216,40.889887426462735,standard,compressed,
independent,6,1.057661406801298,49.83154492920922,True,70.0,71,528.0,86.80572230248563,434.02861151242814,0.23322277511177364,0,0,0.001323755997873377,0.0,"{'Growth Department': 130.5, 'Trading/Opportunity Team': 131.0, 'Compliance Department': 38.0, 'Operations Department': 63.436606862904064, 'Risk Department': 71.09200464952409}",130.75,38.0,63.436606862904064,71.09200464952409,standard,compressed,
independent,7,3.8636643767107355,41.47152313615619,True,39.0,40,289.5,39.33632965720043,196.68164828600214,0.3697558493864662,0,0,0.0008564230010961182,0.0,"{'Growth Department': 70.5, 'Trading/Opportunity Team': 70.5, 'Compliance Department': 9.0, 'Operations Department': 11.689525198197742, 'Risk Department': 34.992123087804394}",70.5,9.0,11.689525198197742,34.992123087804394,standard,compressed,
independent,8,39.98376664538115,53.61458698390416,False,,100,752.5,146.18372860369956,730.9186430184978,0.14873518722323809,0,0,0.0019587800052249804,0.0,"{'Growth Department': 193.0, 'Trading/Opportunity Team': 198.5, 'Compliance Department': 110.0, 'Operations Department': 125.31029453638685, 'Risk Department': 104.10834848211091}",195.75,110.0,125.31029453638685,104.10834848211091,standard,compressed,
independent,9,4.8776179940561,43.9399629720738,True,74.0,75,546.0,86.78551096404979,433.92755482024893,0.2707622019602125,0,0,0.001549907996377442,0.0,"{'Growth Department': 141.0, 'Trading/Opportunity Team': 135.5, 'Compliance Department': 40.5, 'Operations Department': 42.77204941414644, 'Risk Department': 74.15550540610253}",138.25,40.5,42.77204941414644,74.15550540610253,standard,compressed,
independent,10,0.8276346827830068,49.12033575698559,True,67.0,68,507.0,83.83162997066907,419.1581498533454,0.2208814267959232,0,0,0.0014321830021799542,0.0,"{'Growth Department': 123.5, 'Trading/Opportunity Team': 126.5, 'Compliance Department': 41.0, 'Operations Department': 63.03937451813428, 'Risk Department': 65.11877533521108}",125.0,41.0,63.03937451813428,65.11877533521108,standard,compressed,
independent,11,0.029309910188953125,44.771082028661134,True,70.0,71,524.0,84.43672511296725,422.18362556483623,0.25180201770607125,0,0,0.0013568190042860806,0.0,"{'Growth Department': 132.5, 'Trading/Opportunity Team': 132.0, 'Compliance Department': 44.0, 'Operations Department': 43.61663905038717, 'Risk Department': 70.06698651444906}",132.25,44.0,43.61663905038717,70.06698651444906,standard,compressed,
independent,12,2.4549574024434424,53.09501716853863,True,82.0,83,619.0,108.66660813505932,543.3330406752966,0.19122061765748571,0,0,0.00181300599797396,0.0,"{'Growth Department': 155.5, 'Trading/Opportunity Team': 157.0, 'Compliance Department': 65.0, 'Operations Department': 86.07423975442201, 'Risk Department': 79.75880092087463}",156.25,65.0,86.07423975442201,79.75880092087463,standard,compressed,
independent,13,49.69143506539375,53.54516787186878,False,,100,754.5,148.61423410619142,743.0711705309571,0.14497644741976518,0,0,0.0022371320010279305,0.0,"{'Growth Department': 194.5, 'Trading/Opportunity Team': 195.0, 'Compliance Department': 108.5, 'Operations Department': 141.73094363548796, 'Risk Department': 103.3402268954692}",194.75,108.5,141.73094363548796,103.3402268954692,standard,compressed,
independent,14,4.636842281921616,43.68562687743177,True,71.0,72,532.5,89.84218057499113,449.21090287495565,0.22044357468001508,0,0,0.0013607660002890043,0.0,"{'Growth Department': 134.0, 'Trading/Opportunity Team': 135.5, 'Compliance Department': 64.5, 'Operations Department': 46.46792848125964, 'Risk Department': 68.74297439369596}",134.75,64.5,46.46792848125964,68.74297439369596,standard,compressed,
independent,15,37.36945297684381,53.605234839605764,False,,100,748.5,145.37315649856046,726.8657824928023,0.1474012478910515,0,0,0.001885436002339702,0.0,"{'Growth Department': 195.0, 'Trading/Opportunity Team': 192.5, 'Compliance Department': 107.5, 'Operations Department': 128.29193672873305, 'Risk Department': 103.57384576406926}",193.75,107.5,128.29193672873305,103.57384576406926,standard,compressed,
independent,16,1.983744567724412,49.5969591747699,True,99.0,100,740.0,129.7872593822562,648.9362969112809,0.1951079547598525,0,0,0.0019253209975431673,0.0,"{'Growth Department': 185.0, 'Trading/Opportunity Team': 187.0, 'Compliance Department': 73.0, 'Operations Department': 107.4678810607619, 'Risk Department': 96.468415850519}",186.0,73.0,107.4678810607619,96.468415850519,standard,compressed,
independent,17,0.0,43.93305722451086,True,77.0,78,574.0,92.84669592922685,464.23347964613424,0.25086925459450404,0,0,0.0014422579988604411,0.0,"{'Growth Department': 146.0, 'Trading/Opportunity Team': 143.0, 'Compliance Department': 41.0, 'Operations Department': 61.84523250840381, 'Risk Department': 72.38824713773046}",144.5,41.0,61.84523250840381,72.38824713773046,standard,compressed,
independent,18,4.156213860701598,43.99451616779054,True,41.0,42,301.0,41.38247899675055,206.91239498375273,0.36593636563735127,0,0,0.0008193320027203299,0.0,"{'Growth Department': 74.0, 'Trading/Opportunity Team': 72.0, 'Compliance Department': 6.0, 'Operations Department': 18.708075435813495, 'Risk Department': 36.20431954793924}",73.0,6.0,18.708075435813495,36.20431954793924,standard,compressed,
independent,19,4.257924353210644,46.88431331342012,True,63.0,64,463.0,70.9312071124408,354.656035562204,0.290493902986314,0,0,0.0012327929944149218,0.0,"{'Growth Department': 114.5, 'Trading/Opportunity Team': 113.5, 'Compliance Department': 19.0, 'Operations Department': 46.93646002970597, 'Risk Department': 60.71957553249801}",114.0,19.0,46.93646002970597,60.71957553249801,standard,compressed,
voting,0,2.0130695045845766,37.35238293840069,True,63.0,64,452.5,64.57539116313578,322.87695581567885,0.19321177027430494,320,64,0.0013762800008407794,1.0,"{'Growth Department': 85.5, 'Trading/Opportunity Team': 85.5, 'Compliance Department': 40.5, 'Operations Department': 30.02046473259265, 'Risk Department': 81.3564910830862}",85.5,40.5,30.02046473259265,81.3564910830862,standard,compressed,
voting,1,1.6679649572604296,38.39346092175164,True,51.0,52,367.5,52.58880590224428,262.9440295112214,0.1866881499905329,260,52,0.0012110759998904541,1.0,"{'Growth Department': 68.5, 'Trading/Opportunity Team': 68.5, 'Compliance Department': 38.5, 'Operations Department': 22.13933197436753, 'Risk Department': 65.30469753685385}",68.5,38.5,22.13933197436753,65.30469753685385,standard,compressed,
voting,2,0.0,41.55736172364286,True,39.0,40,312.5,41.15612876996263,205.78064384981315,0.24143967245829004,200,40,0.0010214319991064258,1.0,"{'Growth Department': 57.5, 'Trading/Opportunity Team': 57.5, 'Compliance Department': 12.5, 'Operations Department': 23.290971876612666, 'Risk Department': 54.98967197320046}",57.5,12.5,23.290971876612666,54.98967197320046,standard,compressed,
voting,3,23.462708237815804,41.58599066262498,False,,100,727.5,131.2393718740862,656.1968593704311,0.0836855358465943,500,100,0.002274817001307383,1.0,"{'Growth Department': 145.5, 'Trading/Opportunity Team': 145.5, 'Compliance Department': 145.5, 'Operations Department': 79.51767613640213, 'Risk Department': 140.17918323402895}",145.5,145.5,79.51767613640213,140.17918323402895,standard,compressed,
voting,4,2.6315303422408958,40.83538722401123,True,41.0,42,325.0,45.252298316234814,226.26149158117406,0.1902920844017187,210,42,0.0011049159948015586,1.0,"{'Growth Department': 60.0, 'Trading/Opportunity Team': 60.0, 'Compliance Department': 25.0, 'Operations Department': 23.680286433970643, 'Risk Department': 57.581205147203406}",60.0,25.0,23.680286433970643,57.581205147203406,standard,compressed,
voting,5,3.66662471739566,41.8805176833471,True,21.0,22,177.5,19.23590812385214,96.1795406192607,0.37138953221343235,110,22,0.0005116760003147647,1.0,"{'Growth Department': 30.5, 'Trading/Opportunity Team': 30.5, 'Compliance Department': -4.5, 'Operations Department': 11.19981350227488, 'Risk Department': 28.479727116985835}",30.5,-4.5,11.19981350227488,28.479727116985835,standard,compressed,
voting,6,4.158951197375263,39.32047024630308,True,73.0,74,540.0,82.2454274698387,411.2271373491935,0.15549738911157912,370,74,0.0017791800055420026,1.0,"{'Growth Department': 103.0, 'Trading/Opportunity Team': 103.0, 'Compliance Department': 63.0, 'Operations Department': 43.06906726296454, 'Risk Department': 99.15807008622899}",103.0,63.0,43.06906726296454,99.15807008622899,standard,compressed,
voting,7,8.351105596502345,39.43414378811526,False,,100,690.0,113.82969994881164,569.1484997440582,0.13405986216702584,500,100,0.0023582729991176166,1.0,"{'Growth Department': 138.0, 'Trading/Opportunity Team': 138.0, 'Compliance Department': 98.0, 'Operations Department': 62.62503821467753, 'Risk Department': 132.5234615293806}",138.0,98.0,62.62503821467753,132.5234615293806,standard,compressed,
voting,8,4.335651669008898,41.04322121197395,True,70.0,71,557.5,90.88465664420832,454.4232832210416,0.10845257577621972,355,71,0.001639990005060099,1.0,"{'Growth Department': 106.5, 'Trading/Opportunity Team': 106.5, 'Compliance Department': 81.5, 'Operations Department': 57.395780552489285, 'Risk Department': 102.52750266855232}",106.5,81.5,57.395780552489285,102.52750266855232,standard,compressed,
voting,9,40.72231906889494,40.11582744554144,False,,100,697.5,124.05660785948749,620.2830392974374,0.09632297292353761,500,100,0.002330286006326787,1.0,"{'Growth Department': 139.5, 'Trading/Opportunity Team': 139.5, 'Compliance Department': 139.5, 'Operations Department': 67.3481947046211, 'Risk Department': 134.43484459281626}",139.5,139.5,67.3481947046211,134.43484459281626,standard,compressed,
voting,10,1.0515921266756898,39.343808609441,True,67.0,68,492.5,72.34994742935643,361.7497371467822,0.17545156489923724,340,68,0.0017825420000008307,1.0,"{'Growth Department': 93.5, 'Trading/Opportunity Team': 93.5, 'Compliance Department': 48.5, 'Operations Department': 36.663053144636734, 'Risk Department': 89.58668400214547}",93.5,48.5,36.663053144636734,89.58668400214547,standard,compressed,
voting,11,3.8341935372541247,39.28356530549936,True,36.0,37,282.5,35.24870747989472,176.2435373994736,0.28114305394028116,185,37,0.0012331510006333701,1.0,"{'Growth Department': 51.5, 'Trading/Opportunity Team': 51.5, 'Compliance Department': 6.5, 'Operations Department': 17.62588414568457, 'Risk Department': 49.11765325378904}",51.5,6.5,17.62588414568457,49.11765325378904,standard,compressed,
voting,12,3.3427602888918475,40.19316331165921,True,73.0,74,557.5,84.43847784286844,422.1923892143422,0.15357847809138078,370,74,0.0022907530001248233,1.0,"{'Growth Department': 106.5, 'Trading/Opportunity Team': 106.5, 'Compliance Department': 56.5, 'Operations Department': 50.450419253371756, 'Risk Department': 102.24196996097044}",106.5,56.5,50.450419253371756,102.24196996097044,standard,compressed,
voting,13,41.16525420867079,42.65698921491817,False,,100,745.0,137.042862120582,685.2143106029099,0.06654901325454751,500,100,0.00303917199926218,1.0,"{'Growth Department': 149.0, 'Trading/Opportunity Team': 149.0, 'Compliance Department': 149.0, 'Operations Department': 94.78484880079328, 'Risk Department': 143.42946180211666}",149.0,149.0,94.78484880079328,143.42946180211666,standard,compressed,
voting,14,1.1303133272190689,37.08364155147468,True,91.0,92,625.0,92.73199159221153,463.65995796105767,0.1872848188809435,460,92,0.002389575995039195,1.0,"{'Growth Department': 120.0, 'Trading/Opportunity Team': 120.0, 'Compliance Department': 75.0, 'Operations Department': 33.95441093864675, 'Risk Department': 114.70554702241094}",120.0,75.0,33.95441093864675,114.70554702241094,standard,compressed,
voting,15,36.62413439931384,42.962463739748294,False,,100,740.0,135.90884805127718,679.5442402563858,0.06804383914869003,500,100,0.002718395000556484,1.0,"{'Growth Department': 148.0, 'Trading/Opportunity Team': 148.0, 'Compliance Department': 148.0, 'Operations Department': 92.85876229755331, 'Risk Department': 142.68547795883254}",148.0,148.0,92.85876229755331,142.68547795883254,standard,compressed,
voting,16,1.9668972632602504,39.9708139214913,True,62.0,63,480.0,71.57774690362521,357.88873451812606,0.1588363583503945,315,63,0.0017138789989985526,1.0,"{'Growth Department': 91.0, 'Trading/Opportunity Team': 91.0, 'Compliance Department': 46.0, 'Operations Department': 42.442820893137174, 'Risk Department': 87.44591362498889}",91.0,46.0,42.442820893137174,87.44591362498889,standard,compressed,
voting,17,2.0666051528760896,36.34751545192535,True,95.0,96,642.5,94.98196415837812,474.9098207918906,0.1885869093981471,480,96,0.002389596003922634,1.0,"{'Growth Department': 123.5, 'Trading/Opportunity Team': 123.5, 'Compliance Department': 73.5, 'Operations Department': 36.54778081753667, 'Risk Department': 117.86203997435395}",123.5,73.5,36.54778081753667,117.86203997435395,standard,compressed,
voting,18,4.41098381851862,37.31023016865765,True,58.0,59,387.5,53.29790994242144,266.4895497121072,0.2249222308383489,295,59,0.002610268995340448,1.0,"{'Growth Department': 72.5, 'Trading/Opportunity Team': 72.5, 'Compliance Department': 37.5, 'Operations Department': 15.075719979557219, 'Risk Department': 68.91382973255}",72.5,37.5,15.075719979557219,68.91382973255,standard,compressed,
voting,19,2.698687700563779,38.88603468171476,True,63.0,64,442.5,58.09798035736337,290.48990178681686,0.2595417074784351,320,64,0.0021061560037196614,1.0,"{'Growth Department': 83.5, 'Trading/Opportunity Team': 83.5, 'Compliance Department': 18.5, 'Operations Department': 25.01438721251668, 'Risk Department': 79.97551457430015}",83.5,18.5,25.01438721251668,79.97551457430015,standard,compressed,
adaptive_voting,0,64.96032031821618,65.35911540946348,False,,100,602.5,119.28718383187251,596.4359191593626,0.007697806704880961,500,100,0.0022503700020024553,1.0,"{'Growth Department': 120.5, 'Trading/Opportunity Team': 120.5, 'Compliance Department': 120.5, 'Operations Department': 119.84995936256706, 'Risk Department': 115.0859597967955}",120.5,120.5,119.84995936256706,115.0859597967955,standard,compressed,
adaptive_voting,1,62.887310538676985,68.2174851284572,False,,100,612.5,121.61715670095404,608.0857835047702,0.0058073602310358295,500,100,0.0023002750021987595,1.0,"{'Growth Department': 122.5, 'Trading/Opportunity Team': 122.5, 'Compliance Department': 122.5, 'Operations Department': 122.5, 'Risk Department': 118.08578350477022}",122.5,122.5,122.5,118.08578350477022,standard,compressed,
adaptive_voting,2,62.65159874575548,64.72282716456134,False,,100,630.0,124.21185502678311,621.0592751339155,0.008909837998121261,500,100,0.0022788790010963567,1.0,"{'Growth Department': 126.0, 'Trading/Opportunity Team': 126.0, 'Compliance Department': 126.0, 'Operations Department': 121.95239408951572, 'Risk Department': 121.10688104439984}",126.0,126.0,121.95239408951572,121.10688104439984,standard,compressed,
adaptive_voting,3,59.79304322042698,68.52135063071596,False,,100,647.5,128.57657246066384,642.8828623033191,0.005745541488088257,500,100,0.0026742289992398582,1.0,"{'Growth Department': 129.5, 'Trading/Opportunity Team': 129.5, 'Compliance Department': 129.5, 'Operations Department': 129.5, 'Risk Department': 124.88286230331917}",129.5,129.5,129.5,124.88286230331917,standard,compressed,
adaptive_voting,4,62.05497703012183,68.38566215491001,False,,100,642.5,127.67319510511702,638.3659755255851,0.005180757913685774,500,100,0.004733897003461607,1.0,"{'Growth Department': 128.5, 'Trading/Opportunity Team': 128.5, 'Compliance Department': 128.5, 'Operations Department': 128.5, 'Risk Department': 124.36597552558513}",128.5,128.5,128.5,124.36597552558513,standard,compressed,
adaptive_voting,5,67.52365583694358,67.77513327449725,False,,100,620.0,123.00107913915743,615.0053956957871,0.006496989248118368,500,100,0.0022642929980065674,1.0,"{'Growth Department': 124.0, 'Trading/Opportunity Team': 124.0, 'Compliance Department': 124.0, 'Operations Department': 124.0, 'Risk Department': 119.00539569578712}",124.0,124.0,124.0,119.00539569578712,standard,compressed,
adaptive_voting,6,71.41968468920498,68.7650998498104,False,,100,635.0,126.14164645648354,630.7082322824177,0.005443744029851772,500,100,0.0023660049992031418,1.0,"{'Growth Department': 127.0, 'Trading/Opportunity Team': 127.0, 'Compliance Department': 127.0, 'Operations Department': 127.0, 'Risk Department': 122.70823228241777}",127.0,127.0,127.0,122.70823228241777,standard,compressed,
adaptive_voting,7,66.36750195856926,67.16719050118735,False,,100,615.0,121.99847433131045,609.9923716565522,0.006416557007605661,500,100,0.002446028003760148,1.0,"{'Growth Department': 123.0, 'Trading/Opportunity Team': 123.0, 'Compliance Department': 123.0, 'Operations Department': 122.76987038045155, 'Risk Department': 118.22250127610069}",123.0,123.0,122.76987038045155,118.22250127610069,standard,compressed,
adaptive_voting,8,69.86076774021046,68.77633815384196,False,,100,652.5,129.65980989680526,648.2990494840262,0.005183966281384756,500,100,0.0031341369976871647,1.0,"{'Growth Department': 130.5, 'Trading/Opportunity Team': 130.5, 'Compliance Department': 130.5, 'Operations Department': 130.5, 'Risk Department': 126.29904948402626}",130.5,130.5,130.5,126.29904948402626,standard,compressed,
adaptive_voting,9,70.58024125506702,68.85509902622303,False,,100,630.0,125.14948630862337,625.7474315431168,0.005436785824460877,500,100,0.0038773099950049073,1.0,"{'Growth Department': 126.0, 'Trading/Opportunity Team': 126.0, 'Compliance Department': 126.0, 'Operations Department': 126.0, 'Risk Department': 121.74743154311687}",126.0,126.0,126.0,121.74743154311687,standard,compressed,
adaptive_voting,10,69.49995090231525,68.15463435768102,False,,100,615.0,122.10099688420641,610.5049844210321,0.0058902262142618515,500,100,0.003676672000437975,1.0,"{'Growth Department': 123.0, 'Trading/Opportunity Team': 123.0, 'Compliance Department': 123.0, 'Operations Department': 123.0, 'Risk Department': 118.50498442103212}",123.0,123.0,123.0,118.50498442103212,standard,compressed,
adaptive_voting,11,72.21570888561753,66.69876098038873,False,,100,642.5,127.53722209103876,637.6861104551938,0.006039196358057631,500,100,0.0026069060040754266,1.0,"{'Growth Department': 128.5, 'Trading/Opportunity Team': 128.5, 'Compliance Department': 128.5, 'Operations Department': 128.5, 'Risk Department': 123.68611045519378}",128.5,128.5,128.5,123.68611045519378,standard,compressed,
adaptive_voting,12,70.19448834445454,66.20747409241947,False,,100,630.0,124.88311183543831,624.4155591771915,0.006834507262870026,500,100,0.0025390430018887855,1.0,"{'Growth Department': 126.0, 'Trading/Opportunity Team': 126.0, 'Compliance Department': 126.0, 'Operations Department': 125.50005003999684, 'Risk Department': 120.9155091371947}",126.0,126.0,125.50005003999684,120.9155091371947,standard,compressed,
adaptive_voting,13,71.30723647297182,69.70286299523589,False,,100,640.0,127.12143693341595,635.6071846670798,0.005528968757923991,500,100,0.0025380989973200485,1.0,"{'Growth Department': 128.0, 'Trading/Opportunity Team': 128.0, 'Compliance Department': 128.0, 'Operations Department': 128.0, 'Risk Department': 123.60718466707971}",128.0,128.0,128.0,123.60718466707971,standard,compressed,
adaptive_voting,14,69.08731051590323,67.77727820260752,False,,100,622.5,123.49257271836743,617.4628635918372,0.0065262372267849145,500,100,0.002655552001670003,1.0,"{'Growth Department': 124.5, 'Trading/Opportunity Team': 124.5, 'Compliance Department': 124.5, 'Operations Department': 124.5, 'Risk Department': 119.46286359183713}",124.5,124.5,124.5,119.46286359183713,standard,compressed,
adaptive_voting,15,67.42337965764227,68.950633176405,False,,100,645.0,128.15404380771076,640.7702190385538,0.005280870846704033,500,100,0.0026355259979027323,1.0,"{'Growth Department': 129.0, 'Trading/Opportunity Team': 129.0, 'Compliance Department': 129.0, 'Operations Department': 129.0, 'Risk Department': 124.77021903855382}",129.0,129.0,129.0,124.77021903855382,standard,compressed,
adaptive_voting,16,64.28992181723497,68.00999710674655,False,,100,632.5,125.62538883326734,628.1269441663367,0.005569645912219201,500,100,0.0024959349975688383,1.0,"{'Growth Department': 126.5, 'Trading/Opportunity Team': 126.5, 'Compliance Department': 126.5, 'Operations Department': 126.5, 'Risk Department': 122.12694416633661}",126.5,126.5,126.5,122.12694416633661,standard,compressed,
adaptive_voting,17,68.98716142295902,67.45374235149366,False,,100,607.5,120.46522469419531,602.3261234709765,0.006871860711215127,500,100,0.0025724130027811043,1.0,"{'Growth Department': 121.5, 'Trading/Opportunity Team': 121.5, 'Compliance Department': 121.5, 'Operations Department': 121.5, 'Risk Department': 116.32612347097653}",121.5,121.5,121.5,116.32612347097653,standard,compressed,
adaptive_voting,18,61.06524795050879,66.32156540349511,False,,100,602.5,119.24701282729912,596.2350641364956,0.007904492132041164,500,100,0.0025025930008268915,1.0,"{'Growth Department': 120.5, 'Trading/Opportunity Team': 120.5, 'Compliance Department': 120.5, 'Operations Department': 119.7524667062761, 'Risk Department': 114.98259743021949}",120.5,120.5,119.7524667062761,114.98259743021949,standard,compressed,
adaptive_voting,19,59.48888127047623,67.29432260864594,False,,100,620.0,122.90972763102313,614.5486381551157,0.006857792715885403,500,100,0.002432538996799849,1.0,"{'Growth Department': 124.0, 'Trading/Opportunity Team': 124.0, 'Compliance Department': 124.0, 'Operations Department': 123.63339424597501, 'Risk Department': 118.91524390914063}",124.0,124.0,123.63339424597501,118.91524390914063,standard,compressed,
centralized_profit,0,2.1731121409781124,41.28305627759822,True,63.0,64,466.0,70.25549391079187,351.27746955395935,0.30274331936705556,384,64,0.001225683001393918,0.15625,"{'Growth Department': 114.0, 'Trading/Opportunity Team': 115.0, 'Compliance Department': 17.5, 'Operations Department': 43.13273212093639, 'Risk Department': 61.644737433022975}",114.5,17.5,43.13273212093639,61.644737433022975,standard,compressed,
centralized_profit,1,4.022477751806365,44.37075896524487,True,66.0,67,457.5,68.60331995987539,343.01659979937693,0.29156176369301506,402,67,0.0013897039971197955,0.40298507462686567,"{'Growth Department': 110.5, 'Trading/Opportunity Team': 111.0, 'Compliance Department': 24.0, 'Operations Department': 34.4736879662814, 'Risk Department': 63.042911833095516}",110.75,24.0,34.4736879662814,63.042911833095516,standard,compressed,
centralized_profit,2,2.793916116946553,54.30546338785053,True,44.0,45,334.5,55.104728171125316,275.5236408556266,0.19312960572482663,270,45,0.0010811149986693636,0.2222222222222222,"{'Growth Department': 77.5, 'Trading/Opportunity Team': 80.0, 'Compliance Department': 31.5, 'Operations Department': 45.05307117141638, 'Risk Department': 41.47056968421019}",78.75,31.5,45.05307117141638,41.47056968421019,standard,compressed,
centralized_profit,3,33.76648431744577,54.33263009953878,False,,100,745.0,145.4637757383359,727.3188786916795,0.14670730731154952,600,100,0.0019957019976573065,0.1,"{'Growth Department': 189.5, 'Trading/Opportunity Team': 193.0, 'Compliance Department': 107.5, 'Operations Department': 136.6976215038191, 'Risk Department': 100.62125718786031}",191.25,107.5,136.6976215038191,100.62125718786031,standard,compressed,
centralized_profit,4,39.760766926534885,53.64741971856188,False,,100,741.5,145.6937572920536,728.468786460268,0.14072159718093555,600,100,0.001943595998454839,0.12,"{'Growth Department': 187.5, 'Trading/Opportunity Team': 191.5, 'Compliance Department': 110.5, 'Operations Department': 137.10790036920153, 'Risk Department': 101.86088609106655}",189.5,110.5,137.10790036920153,101.86088609106655,standard,compressed,
centralized_profit,5,39.528456908198585,48.55949070003745,False,,100,720.5,138.3776811340889,691.8884056704445,0.1433509054357481,600,100,0.0020465670022531413,0.27,"{'Growth Department': 183.5, 'Trading/Opportunity Team': 185.5, 'Compliance Department': 104.5, 'Operations Department': 117.36694243713747, 'Risk Department': 101.02146323330703}",184.5,104.5,117.36694243713747,101.02146323330703,standard,compressed,
centralized_profit,6,40.98730130549493,48.93905013134931,False,,100,713.0,133.96745362767103,669.8372681383552,0.14907881037417853,600,100,0.0019460600015008822,0.32,"{'Growth Department': 180.0, 'Trading/Opportunity Team': 182.5, 'Compliance Department': 107.5, 'Operations Department': 95.51637416575592, 'Risk Department': 104.3208939725993}",181.25,107.5,95.51637416575592,104.3208939725993,standard,compressed,
centralized_profit,7,14.384614024650041,47.06400416459152,False,,100,713.0,129.61526041523936,648.0763020761968,0.17141072118966855,600,100,0.0018807770029525273,0.26,"{'Growth Department': 180.0, 'Trading/Opportunity Team': 182.0, 'Compliance Department': 82.5, 'Operations Department': 102.29436788823294, 'Risk Department': 101.28193418796386}",181.0,82.5,102.29436788823294,101.28193418796386,standard,compressed,
centralized_profit,8,42.57713127863242,54.78002376251539,False,,100,754.0,147.76986034937298,738.8493017468649,0.1425931822201562,600,100,0.0021204120057518594,0.08,"{'Growth Department': 190.5, 'Trading/Opportunity Team': 195.5, 'Compliance Department': 110.0, 'Operations Department': 138.79289314339732, 'Risk Department': 104.0564086034675}",193.0,110.0,138.79289314339732,104.0564086034675,standard,compressed,
centralized_profit,9,45.57223465950947,51.77935832416529,False,,100,733.5,143.00043157465413,715.0021578732707,0.13901473034446657,600,100,0.002070340000500437,0.19,"{'Growth Department': 186.5, 'Trading/Opportunity Team': 187.5, 'Compliance Department': 107.0, 'Operations Department': 130.99694808885124, 'Risk Department': 103.00520978441945}",187.0,107.0,130.99694808885124,103.00520978441945,standard,compressed,
centralized_profit,10,1.7963673763267334,48.5852124764205,True,81.0,82,586.5,96.47984180613345,482.39920903066724,0.22274289927403218,492,82,0.0018106740026269108,0.2682926829268293,"{'Growth Department': 140.5, 'Trading/Opportunity Team': 145.0, 'Compliance Department': 44.0, 'Operations Department': 73.8725039325233, 'Risk Department': 79.02670509814398}",142.75,44.0,73.8725039325233,79.02670509814398,standard,compressed,
centralized_profit,11,35.334008087801465,44.059656966426594,False,,100,703.5,128.51557585130877,642.5778792565438,0.17583924855449026,600,100,0.001966427000297699,0.4,"{'Growth Department': 177.0, 'Trading/Opportunity Team': 178.5, 'Compliance Department': 109.0, 'Operations Department': 73.44609217793466, 'Risk Department': 104.63178707860912}",177.75,109.0,73.44609217793466,104.63178707860912,standard,compressed,
centralized_profit,12,3.9995311731605767,52.77416313822528,True,89.0,90,653.0,111.89055105646658,559.4527552823329,0.20322364830770373,540,90,0.002543262999097351,0.18888888888888888,"{'Growth Department': 160.5, 'Trading/Opportunity Team': 162.0, 'Compliance Department': 57.0, 'Operations Department': 93.68783024301453, 'Risk Department': 86.26492503931833}",161.25,57.0,93.68783024301453,86.26492503931833,standard,compressed,
centralized_profit,13,58.45747327258337,57.739821102544695,False,,100,740.5,147.38946951154298,736.9473475577149,0.13827439377298312,600,100,0.0033455429947935045,0.15,"{'Growth Department': 187.5, 'Trading/Opportunity Team': 190.5, 'Compliance Department': 108.5, 'Operations Department': 147.82353221540362, 'Risk Department': 102.62381534231133}",189.0,108.5,147.82353221540362,102.62381534231133,standard,compressed,
centralized_profit,14,3.8979762720410687,43.47971188119253,True,88.0,89,632.5,100.97234100008976,504.8617050004488,0.24217826357623623,534,89,0.002246764001029078,0.25842696629213485,"{'Growth Department': 152.5, 'Trading/Opportunity Team': 155.5, 'Compliance Department': 46.5, 'Operations Department': 64.83367234213306, 'Risk Department': 85.52803265831574}",154.0,46.5,64.83367234213306,85.52803265831574,standard,compressed,
centralized_profit,15,48.6395820963987,57.875670016998214,False,,100,738.5,146.7237526605181,733.6187633025905,0.1375954418757285,600,100,0.0024592819972895086,0.16,"{'Growth Department': 186.5, 'Trading/Opportunity Team': 189.5, 'Compliance Department': 106.5, 'Operations Department': 147.7970106837723, 'Risk Department': 103.32175261881821}",188.0,106.5,147.7970106837723,103.32175261881821,standard,compressed,
centralized_profit,16,39.651528106406964,54.46812178926312,False,,100,728.0,142.88104482156152,714.4052241078076,0.13888588716922018,600,100,0.0020311510015744716,0.19,"{'Growth Department': 182.0, 'Trading/Opportunity Team': 188.0, 'Compliance Department': 108.0, 'Operations Department': 135.4312282934808, 'Risk Department': 100.97399581432683}",185.0,108.0,135.4312282934808,100.97399581432683,standard,compressed,
centralized_profit,17,7.445194894325319,45.545236897400954,False,,100,706.5,126.0716515093923,630.3582575469615,0.18115835725586038,600,100,0.002001546999963466,0.31,"{'Growth Department': 178.5, 'Trading/Opportunity Team': 179.5, 'Compliance Department': 78.5, 'Operations Department': 95.01333395031489, 'Risk Department': 98.84492359664662}",179.0,78.5,95.01333395031489,98.84492359664662,standard,compressed,
centralized_profit,18,2.7012650647220084,45.14436962715272,True,52.0,53,363.5,53.28484513542723,266.4242256771362,0.2954003394619976,318,53,0.0011489919997984543,0.37735849056603776,"{'Growth Department': 85.5, 'Trading/Opportunity Team': 87.5, 'Compliance Department': 17.0, 'Operations Department': 29.745483235185233, 'Risk Department': 46.67874244195093}",86.5,17.0,29.745483235185233,46.67874244195093,standard,compressed,
centralized_profit,19,2.026096902676949,46.064575660802255,True,94.0,95,661.0,109.43308554047569,547.1654277023785,0.21652498159682293,570,95,0.0019933610019506887,0.3368421052631579,"{'Growth Department': 160.0, 'Trading/Opportunity Team': 164.0, 'Compliance Department': 59.5, 'Operations Department': 72.8125395908121, 'Risk Department': 90.85288811156632}",162.0,59.5,72.8125395908121,90.85288811156632,standard,compressed,
centralized_sustainability,0,64.18783649224204,67.5467239169428,False,,100,584.0,115.85440828595502,579.2720414297751,0.031716391343938,600,100,0.0018790670001180843,0.99,"{'Growth Department': 120.5, 'Trading/Opportunity Team': 120.5, 'Compliance Department': 120.5, 'Operations Department': 119.97512976102138, 'Risk Department': 97.79691166875365}",120.5,120.5,119.97512976102138,97.79691166875365,standard,compressed,
centralized_sustainability,1,62.814454885836426,69.31721793395272,False,,100,601.0,119.40913913525523,597.0456956762762,0.038461785463453066,600,100,0.0020199579957989044,0.98,"{'Growth Department': 125.0, 'Trading/Opportunity Team': 123.5, 'Compliance Department': 126.0, 'Operations Department': 124.5, 'Risk Department': 98.04569567627615}",124.25,126.0,124.5,98.04569567627615,standard,compressed,
centralized_sustainability,2,67.11998207844647,68.19578577627094,False,,100,600.5,119.17721754662489,595.8860877331244,0.036130077449411144,600,100,0.0020191570001770742,0.96,"{'Growth Department': 123.5, 'Trading/Opportunity Team': 124.5, 'Compliance Department': 125.5, 'Operations Department': 123.09570171830967, 'Risk Department': 99.29038601481473}",124.0,125.5,123.09570171830967,99.29038601481473,standard,compressed,
centralized_sustainability,3,61.67571027758434,70.33652745144474,False,,100,625.5,124.3182464259273,621.5912321296365,0.04460650804435442,600,100,0.0019082860017078929,0.96,"{'Growth Department': 131.5, 'Trading/Opportunity Team': 130.0, 'Compliance Department': 132.0, 'Operations Department': 130.0, 'Risk Department': 98.09123212963655}",130.75,132.0,130.0,98.09123212963655,standard,compressed,
centralized_sustainability,4,68.65529149597157,69.85106633371963,False,,100,621.0,123.54351526469875,617.7175763234937,0.04310374184214769,600,100,0.0021083339961478487,0.95,"{'Growth Department': 130.0, 'Trading/Opportunity Team': 130.0, 'Compliance Department': 131.0, 'Operations Department': 128.0, 'Risk Department': 98.71757632349376}",130.0,131.0,128.0,98.71757632349376,standard,compressed,
centralized_sustainability,5,70.19843751041604,69.11495338654106,False,,100,602.5,119.70854678094331,598.5427339047166,0.03903783565092365,600,100,0.0028492570054368116,0.99,"{'Growth Department': 124.5, 'Trading/Opportunity Team': 126.0, 'Compliance Department': 126.0, 'Operations Department': 124.5, 'Risk Department': 97.54273390471653}",125.25,126.0,124.5,97.54273390471653,standard,compressed,
centralized_sustainability,6,71.20940415989443,70.37107301769211,False,,100,616.5,122.65579873187804,613.2789936593902,0.038769964923490184,600,100,0.0019645830034278333,0.97,"{'Growth Department': 128.5, 'Trading/Opportunity Team': 128.5, 'Compliance Department': 129.0, 'Operations Department': 127.5, 'Risk Department': 99.77899365939011}",128.5,129.0,127.5,99.77899365939011,standard,compressed,
centralized_sustainability,7,66.98333765919737,68.75894792948019,False,,100,599.0,119.01368356638076,595.0684178319038,0.040880590313712696,600,100,0.0022988970013102517,0.97,"{'Growth Department': 125.5, 'Trading/Opportunity Team': 124.5, 'Compliance Department': 126.0, 'Operations Department': 121.45370615884589, 'Risk Department': 97.614711673058}",125.0,126.0,121.45370615884589,97.614711673058,standard,compressed,
centralized_sustainability,8,69.31641205379347,70.78088163543605,False,,100,630.0,125.340081853913,626.7004092695651,0.04410348577331007,600,100,0.0025759880008990876,0.95,"{'Growth Department': 131.0, 'Trading/Opportunity Team': 133.0, 'Compliance Department': 133.0, 'Operations Department': 129.5, 'Risk Department': 100.20040926956506}",132.0,133.0,129.5,100.20040926956506,standard,compressed,
centralized_sustainability,9,71.2101498737942,70.25948479853396,False,,100,613.5,122.03435091578042,610.1717545789021,0.04009132863542782,600,100,0.002131211993400939,0.97,"{'Growth Department': 128.5, 'Trading/Opportunity Team': 126.0, 'Compliance Department': 129.0, 'Operations Department': 127.0, 'Risk Department': 99.67175457890208}",127.25,129.0,127.0,99.67175457890208,standard,compressed,
centralized_sustainability,10,71.07965073270297,69.25030104141987,False,,100,601.0,119.37685413043474,596.8842706521737,0.03768332419563496,600,100,0.002398946999164764,0.96,"{'Growth Department': 124.0, 'Trading/Opportunity Team': 125.0, 'Compliance Department': 126.0, 'Operations Department': 123.0, 'Risk Department': 98.88427065217371}",124.5,126.0,123.0,98.88427065217371,standard,compressed,
centralized_sustainability,11,71.3020493306188,69.01662884190732,False,,100,619.0,122.97027095897006,614.8513547948503,0.04052835855331942,600,100,0.002884221998101566,0.95,"{'Growth Department': 129.5, 'Trading/Opportunity Team': 129.5, 'Compliance Department': 129.5, 'Operations Department': 126.5, 'Risk Department': 99.85135479485025}",129.5,129.5,126.5,99.85135479485025,standard,compressed,
centralized_sustainability,12,68.61562890016737,68.93273358691854,False,,100,606.5,120.47878989471727,602.3939494735863,0.039649867735230694,600,100,0.002387843000178691,0.97,"{'Growth Department': 126.5, 'Trading/Opportunity Team': 126.0, 'Compliance Department': 127.0, 'Operations Department': 125.0, 'Risk Department': 97.89394947358626}",126.25,127.0,125.0,97.89394947358626,standard,compressed,
centralized_sustainability,13,72.77294884009832,70.60085756495876,False,,100,627.5,124.78779769533419,623.9389884766709,0.04431332186207335,600,100,0.002340625003853347,0.94,"{'Growth Department': 132.0, 'Trading/Opportunity Team': 131.5, 'Compliance Department': 132.5, 'Operations Department': 128.0, 'Risk Department': 99.93898847667097}",131.75,132.5,128.0,99.93898847667097,standard,compressed,
centralized_sustainability,14,70.8545616045437,69.35088511202781,False,,100,603.5,119.87853339225703,599.3926669612852,0.03784808804215327,600,100,0.0024105510019580834,0.99,"{'Growth Department': 125.5, 'Trading/Opportunity Team': 125.0, 'Compliance Department': 126.0, 'Operations Department': 125.0, 'Risk Department': 97.8926669612852}",125.25,126.0,125.0,97.8926669612852,standard,compressed,
centralized_sustainability,15,69.75439228882907,70.59578095945773,False,,100,624.5,124.17845818499754,620.8922909249877,0.043946700029661834,600,100,0.0022495220036944374,0.95,"{'Growth Department': 131.0, 'Trading/Opportunity Team': 130.0, 'Compliance Department': 132.0, 'Operations Department': 129.0, 'Risk Department': 98.89229092498766}",130.5,132.0,129.0,98.89229092498766,standard,compressed,
centralized_sustainability,16,69.42435306545799,69.85708091409948,False,,100,609.0,121.03890430822526,605.1945215411263,0.040721424087485227,600,100,0.0024422300048172474,0.96,"{'Growth Department': 126.5, 'Trading/Opportunity Team': 127.5, 'Compliance Department': 128.0, 'Operations Department': 124.5, 'Risk Department': 98.69452154112633}",127.0,128.0,124.5,98.69452154112633,standard,compressed,
centralized_sustainability,17,69.80432241095046,68.71859535382865,False,,100,592.5,117.54901684748047,587.7450842374024,0.037778168130300396,600,100,0.003522446997521911,0.96,"{'Growth Department': 123.5, 'Trading/Opportunity Team': 123.0, 'Compliance Department': 123.5, 'Operations Department': 120.5, 'Risk Department': 97.24508423740237}",123.25,123.5,120.5,97.24508423740237,standard,compressed,
centralized_sustainability,18,69.61619460783096,67.88261492665626,False,,100,580.5,115.17723548286942,575.8861774143471,0.03488720316005587,600,100,0.002147546998457983,0.98,"{'Growth Department': 120.5, 'Trading/Opportunity Team': 120.0, 'Compliance Department': 120.5, 'Operations Department': 118.5, 'Risk Department': 96.38617741434716}",120.25,120.5,118.5,96.38617741434716,standard,compressed,
centralized_sustainability,19,68.98193789240538,69.07779757751503,False,,100,593.0,117.74244452806462,588.7122226403231,0.03504296512686071,600,100,0.002085437001369428,1.0,"{'Growth Department': 122.0, 'Trading/Opportunity Team': 122.0, 'Compliance Department': 123.5, 'Operations Department': 123.0, 'Risk Department': 98.2122226403231}",122.0,123.5,123.0,98.2122226403231,standard,compressed,
centralized_risk_averse,0,69.63854939960983,71.97281973652542,False,,100,528.0,104.73521046791491,523.6760523395745,0.008515107972607438,600,100,0.0020759670005645603,0.96,"{'Growth Department': 106.5, 'Trading/Opportunity Team': 106.5, 'Compliance Department': 104.0, 'Operations Department': 104.5, 'Risk Department': 102.17605233957453}",106.5,104.0,104.5,102.17605233957453,standard,compressed,
centralized_risk_averse,1,70.46771770654338,74.90851977696767,False,,100,520.5,103.49993478720614,517.4996739360307,0.005797609162448048,600,100,0.0020434329999261536,0.96,"{'Growth Department': 105.0, 'Trading/Opportunity Team': 104.5, 'Compliance Department': 103.0, 'Operations Department': 103.0, 'Risk Department': 101.99967393603072}",104.75,103.0,103.0,101.99967393603072,standard,compressed,
centralized_risk_averse,2,69.2505098078712,72.98587358108479,False,,100,535.5,106.3351327321777,531.6756636608885,0.008371476665669597,600,100,0.0025771529981284402,0.95,"{'Growth Department': 108.0, 'Trading/Opportunity Team': 108.5, 'Compliance Department': 104.5, 'Operations Department': 105.8029396909921, 'Risk Department': 104.87272396989643}",108.25,104.5,105.8029396909921,104.87272396989643,standard,compressed,
centralized_risk_averse,3,68.21441277320403,77.39302654384919,False,,100,517.5,102.92943765736838,514.6471882868419,0.0056004374183427075,600,100,0.0020136810053372756,0.98,"{'Growth Department': 104.0, 'Trading/Opportunity Team': 104.0, 'Compliance Department': 102.5, 'Operations Department': 103.0, 'Risk Department': 101.14718828684194}",104.0,102.5,103.0,101.14718828684194,standard,compressed,
centralized_risk_averse,4,71.69319761976868,76.92809273669161,False,,100,521.5,103.79168783760977,518.9584391880488,0.0054594904632319086,600,100,0.002391135996731464,0.97,"{'Growth Department': 105.0, 'Trading/Opportunity Team': 105.0, 'Compliance Department': 103.5, 'Operations Department': 103.0, 'Risk Department': 102.45843918804883}",105.0,103.5,103.0,102.45843918804883,standard,compressed,
centralized_risk_averse,5,74.64949729638045,75.09874626411256,False,,100,518.5,103.04890908040491,515.2445454020245,0.006995442669981244,600,100,0.0019724869998754,0.97,"{'Growth Department': 104.5, 'Trading/Opportunity Team': 104.5, 'Compliance Department': 102.0, 'Operations Department': 103.0, 'Risk Department': 101.24454540202451}",104.5,102.0,103.0,101.24454540202451,standard,compressed,
centralized_risk_averse,6,78.1839438106576,75.80539228819613,False,,100,534.5,106.34458342306561,531.7229171153281,0.008107292379376041,600,100,0.0020031180029036477,0.95,"{'Growth Department': 108.5, 'Trading/Opportunity Team': 107.5, 'Compliance Department': 104.0, 'Operations Department': 106.0, 'Risk Department': 105.72291711532813}",108.0,104.0,106.0,105.72291711532813,standard,compressed,
centralized_risk_averse,7,73.05257949055236,74.56562778342727,False,,100,521.5,103.66430457338629,518.3215228669314,0.006449243488800782,600,100,0.0020348170000943355,0.97,"{'Growth Department': 105.0, 'Trading/Opportunity Team': 105.0, 'Compliance Department': 103.0, 'Operations Department': 103.5, 'Risk Department': 101.82152286693147}",105.0,103.0,103.5,101.82152286693147,standard,compressed,
centralized_risk_averse,8,79.1122020028166,77.19522751474342,False,,100,530.0,105.50789233325756,527.5394616662878,0.005277738512092789,600,100,0.002946747001260519,0.96,"{'Growth Department': 106.5, 'Trading/Opportunity Team': 107.0, 'Compliance Department': 104.5, 'Operations Department': 105.0, 'Risk Department': 104.53946166628785}",106.75,104.5,105.0,104.53946166628785,standard,compressed,
centralized_risk_averse,9,76.37493866828585,76.02808466071389,False,,100,530.5,105.53479736635413,527.6739868317707,0.005553438942264855,600,100,0.003122032001556363,0.95,"{'Growth Department': 107.5, 'Trading/Opportunity Team': 106.0, 'Compliance Department': 104.5, 'Operations Department': 105.0, 'Risk Department': 104.67398683177066}",106.75,104.5,105.0,104.67398683177066,standard,compressed,
centralized_risk_averse,10,78.65773250264925,74.89494695069924,False,,100,522.0,103.78819497966121,518.9409748983061,0.005486597164375162,600,100,0.002045326000370551,0.98,"{'Growth Department': 104.5, 'Trading/Opportunity Team': 105.0, 'Compliance Department': 103.5, 'Operations Department': 104.0, 'Risk Department': 101.94097489830605}",104.75,103.5,104.0,101.94097489830605,standard,compressed,
centralized_risk_averse,11,79.66034966085616,74.94304024387557,False,,100,534.5,106.2206056364746,531.103028182373,0.007376304118447763,600,100,0.002234560997749213,0.94,"{'Growth Department': 108.0, 'Trading/Opportunity Team': 108.0, 'Compliance Department': 105.5, 'Operations Department': 105.0, 'Risk Department': 104.60302818237295}",108.0,105.5,105.0,104.60302818237295,standard,compressed,
centralized_risk_averse,12,73.30437929319969,75.04986390158115,False,,100,521.5,103.64775470959174,518.2387735479587,0.005806167572204224,600,100,0.0021243520022835582,0.99,"{'Growth Department': 104.5, 'Trading/Opportunity Team': 104.5, 'Compliance Department': 103.5, 'Operations Department': 104.5, 'Risk Department': 101.2387735479587}",104.5,103.5,104.5,101.2387735479587,standard,compressed,
centralized_risk_averse,13,80.07998622907955,77.17006132483262,False,,100,528.0,105.0554292741327,525.2771463706636,0.005289175290920945,600,100,0.0020213550014887005,0.95,"{'Growth Department': 106.5, 'Trading/Opportunity Team': 106.0, 'Compliance Department': 104.5, 'Operations Department': 104.5, 'Risk Department': 103.77714637066359}",106.25,104.5,104.5,103.77714637066359,standard,compressed,
centralized_risk_averse,14,73.81319648870851,74.8860309449901,False,,100,529.5,105.22132758242633,526.1066379121316,0.0070607162172226625,600,100,0.0030292469964479096,0.96,"{'Growth Department': 106.5, 'Trading/Opportunity Team': 107.0, 'Compliance Department': 104.0, 'Operations Department': 105.0, 'Risk Department': 103.60663791213163}",106.75,104.0,105.0,103.60663791213163,standard,compressed,
centralized_risk_averse,15,76.63500752227486,76.80024965434932,False,,100,528.0,105.05509237778665,525.2754618889333,0.006053262944016602,600,100,0.0021546210045926273,0.96,"{'Growth Department': 106.5, 'Trading/Opportunity Team': 106.5, 'Compliance Department': 104.0, 'Operations Department': 104.5, 'Risk Department': 103.77546188893321}",106.5,104.0,104.5,103.77546188893321,standard,compressed,
centralized_risk_averse,16,73.81424390318806,76.0659601598889,False,,100,521.0,103.61746798001654,518.0873399000827,0.004111523127248695,600,100,0.002073046998702921,0.98,"{'Growth Department': 104.0, 'Trading/Opportunity Team': 104.5, 'Compliance Department': 103.5, 'Operations Department': 104.0, 'Risk Department': 102.08733990008268}",104.25,103.5,104.0,102.08733990008268,standard,compressed,
centralized_risk_averse,17,75.82526347731773,74.36395284003031,False,,100,514.5,102.17377320955772,510.86886604778863,0.0060776989323882095,600,100,0.0022099030029494315,1.0,"{'Growth Department': 103.0, 'Trading/Opportunity Team': 103.0, 'Compliance Department': 102.5, 'Operations Department': 103.0, 'Risk Department': 99.36886604778861}",103.0,102.5,103.0,99.36886604778861,standard,compressed,
centralized_risk_averse,18,67.41556722760909,72.9970559922609,False,,100,522.5,103.69427253697408,518.4713626848704,0.007759174646158584,600,100,0.002102882004692219,0.96,"{'Growth Department': 105.0, 'Trading/Opportunity Team': 105.5, 'Compliance Department': 103.0, 'Operations Department': 103.5, 'Risk Department': 101.47136268487037}",105.25,103.0,103.5,101.47136268487037,standard,compressed,
centralized_risk_averse,19,75.91456911942912,74.19473367650001,False,,100,523.0,103.85320163135933,519.2660081567966,0.006908200071281278,600,100,0.0020264849954401143,0.98,"{'Growth Department': 104.5, 'Trading/Opportunity Team': 105.5, 'Compliance Department': 103.0, 'Operations Department': 104.5, 'Risk Department': 101.76600815679663}",105.0,103.0,104.5,101.76600815679663,standard,compressed,
structured_debate,0,41.57114047962328,54.78922526325571,False,,100,668.0,129.88864475463737,649.4432237731868,0.10375289833547079,1500,200,0.0031776209943927824,0.79,"{'Growth Department': 159.0, 'Trading/Opportunity Team': 155.0, 'Compliance Department': 103.5, 'Operations Department': 131.42024473668653, 'Risk Department': 100.52297903650025}",157.0,103.5,131.42024473668653,100.52297903650025,standard,compressed,
structured_debate,1,57.261705280812905,61.63203976328684,False,,100,667.0,132.58508583005465,662.9254291502733,0.09530710493249828,1500,200,0.003007829000125639,0.8,"{'Growth Department': 154.5, 'Trading/Opportunity Team': 154.0, 'Compliance Department': 105.5, 'Operations Department': 149.1523084483315, 'Risk Department': 99.7731207019418}",154.25,105.5,149.1523084483315,99.7731207019418,standard,compressed,
structured_debate,2,1.79014974419378,51.57304339632044,True,59.0,60,410.5,63.14581879648779,315.72909398243894,0.22983509155088555,900,120,0.0019215969950892031,0.55,"{'Growth Department': 92.0, 'Trading/Opportunity Team': 94.5, 'Compliance Department': 26.5, 'Operations Department': 46.58593694816997, 'Risk Department': 56.143157034268924}",93.25,26.5,46.58593694816997,56.143157034268924,standard,compressed,
structured_debate,3,56.2357842752305,66.436519659876,False,,100,672.5,133.84765198652747,669.2382599326373,0.09624284191458692,1500,200,0.0027584909985307604,0.79,"{'Growth Department': 156.0, 'Trading/Opportunity Team': 155.5, 'Compliance Department': 107.0, 'Operations Department': 151.0, 'Risk Department': 99.73825993263732}",155.75,107.0,151.0,99.73825993263732,standard,compressed,
structured_debate,4,59.07414895097541,65.55341651816781,False,,100,672.0,133.84708329790493,669.2354164895247,0.09236161937246763,1500,200,0.002967038999486249,0.8,"{'Growth Department': 154.5, 'Trading/Opportunity Team': 155.0, 'Compliance Department': 108.5, 'Operations Department': 150.5, 'Risk Department': 100.73541648952468}",154.75,108.5,150.5,100.73541648952468,standard,compressed,
structured_debate,5,63.882051401618654,61.897131586286704,False,,100,666.0,131.82064352293065,659.1032176146533,0.09792548568446105,1500,200,0.002726407998125069,0.82,"{'Growth Department': 154.0, 'Trading/Opportunity Team': 155.5, 'Compliance Department': 104.5, 'Operations Department': 145.53197099103565, 'Risk Department': 99.5712466236176}",154.75,104.5,145.53197099103565,99.5712466236176,standard,compressed,
structured_debate,6,67.8283459017757,64.28128464260841,False,,100,676.5,134.70508010381974,673.5254005190986,0.09172583474521723,1500,200,0.0031262070042430423,0.81,"{'Growth Department': 156.0, 'Trading/Opportunity Team': 156.0, 'Compliance Department': 107.5, 'Operations Department': 151.0, 'Risk Department': 103.02540051909865}",156.0,107.5,151.0,103.02540051909865,standard,compressed,
structured_debate,7,53.079595817807025,59.94284807222194,False,,100,673.0,133.17816285027632,665.8908142513816,0.09970176918672458,1500,200,0.0029016260014032014,0.75,"{'Growth Department': 158.5, 'Trading/Opportunity Team': 155.5, 'Compliance Department': 106.0, 'Operations Department': 145.62892958394585, 'Risk Department': 100.2618846674358}",157.0,106.0,145.62892958394585,100.2618846674358,standard,compressed,
structured_debate,8,67.00480123266856,66.17974839117062,False,,100,680.5,135.56643980762783,677.8321990381392,0.09196116805596226,1500,200,0.0028108839978813194,0.78,"{'Growth Department': 154.0, 'Trading/Opportunity Team': 159.5, 'Compliance Department': 110.5, 'Operations Department': 150.5, 'Risk Department': 103.3321990381391}",156.75,110.5,150.5,103.3321990381391,standard,compressed,
structured_debate,9,65.37099370387654,64.78735679659513,False,,100,672.0,133.8419789361828,669.2098946809141,0.09329223125882943,1500,200,0.003311076005047653,0.83,"{'Growth Department': 157.0, 'Trading/Opportunity Team': 151.5, 'Compliance Department': 106.0, 'Operations Department': 152.5, 'Risk Department': 102.20989468091408}",154.25,106.0,152.5,102.20989468091408,standard,compressed,
structured_debate,10,60.78948550081249,60.45732177597009,False,,100,672.0,133.2521072179823,666.2605360899115,0.0937888444814254,1500,200,0.002972684997075703,0.8,"{'Growth Department': 152.0, 'Trading/Opportunity Team': 157.5, 'Compliance Department': 108.0, 'Operations Department': 147.3702933442213, 'Risk Department': 101.39024274569019}",154.75,108.0,147.3702933442213,101.39024274569019,standard,compressed,
structured_debate,11,68.33890865720805,63.405385490522924,False,,100,674.0,134.1254712016779,670.6273560083895,0.09408819164319784,1500,200,0.0029366660019150004,0.81,"{'Growth Department': 156.5, 'Trading/Opportunity Team': 155.5, 'Compliance Department': 107.5, 'Operations Department': 149.5, 'Risk Department': 101.62735600838951}",156.0,107.5,149.5,101.62735600838951,standard,compressed,
structured_debate,12,32.06947154039032,60.42349187688157,False,,100,678.0,132.25092746065695,661.2546373032848,0.10429724729407966,1500,200,0.0030558359940187074,0.7,"{'Growth Department': 161.0, 'Trading/Opportunity Team': 159.5, 'Compliance Department': 107.5, 'Operations Department': 132.46343534225682, 'Risk Department': 100.7912019610279}",160.25,107.5,132.46343534225682,100.7912019610279,standard,compressed,
structured_debate,13,68.94705833025081,66.5979715319824,False,,100,675.5,134.51184795536864,672.5592397768432,0.0944936957517859,1500,200,0.0030065210012253374,0.76,"{'Growth Department': 156.5, 'Trading/Opportunity Team': 157.0, 'Compliance Department': 107.5, 'Operations Department': 149.5, 'Risk Department': 102.05923977684324}",156.75,107.5,149.5,102.05923977684324,standard,compressed,
structured_debate,14,62.46868136976751,61.49898023213449,False,,100,676.0,134.4312769151016,672.1563845755079,0.0936098792895553,1500,200,0.003172026998072397,0.77,"{'Growth Department': 156.5, 'Trading/Opportunity Team': 156.5, 'Compliance Department': 108.0, 'Operations Department': 149.0569821052793, 'Risk Department': 102.09940247022855}",156.5,108.0,149.0569821052793,102.09940247022855,standard,compressed,
structured_debate,15,65.83882921866893,66.27442875724293,False,,100,673.5,134.1376116030503,670.6880580152515,0.093709069121922,1500,200,0.0030629530010628514,0.77,"{'Growth Department': 156.5, 'Trading/Opportunity Team': 155.0, 'Compliance Department': 107.5, 'Operations Department': 150.0, 'Risk Department': 101.68805801525153}",155.75,107.5,150.0,101.68805801525153,standard,compressed,
structured_debate,16,56.676516029581144,64.26825114800026,False,,100,673.5,134.06883714963755,670.3441857481877,0.09625600217511003,1500,200,0.0029138600002625026,0.74,"{'Growth Department': 155.5, 'Trading/Opportunity Team': 157.5, 'Compliance Department': 106.5, 'Operations Department': 149.5, 'Risk Department': 101.34418574818767}",156.5,106.5,149.5,101.34418574818767,standard,compressed,
structured_debate,17,53.04781116800949,60.32683785481147,False,,100,669.5,132.28386862992426,661.4193431496213,0.09902689054775049,1500,200,0.0031246919970726594,0.77,"{'Growth Department': 156.0, 'Trading/Opportunity Team': 156.5, 'Compliance Department': 107.0, 'Operations Department': 142.7922192749245, 'Risk Department': 99.1271238746968}",156.25,107.0,142.7922192749245,99.1271238746968,standard,compressed,
structured_debate,18,1.9442456277693125,45.483405082250705,True,78.0,79,536.0,88.14309796262651,440.71548981313254,0.20459851301881998,1185,158,0.002357040000788402,0.4177215189873418,"{'Growth Department': 130.0, 'Trading/Opportunity Team': 129.0, 'Compliance Department': 54.5, 'Operations Department': 54.57566529968053, 'Risk Department': 72.63982451345206}",129.5,54.5,54.57566529968053,72.63982451345206,standard,compressed,
structured_debate,19,57.63627719940615,59.96892197415569,False,,100,675.0,134.08460338907952,670.4230169453975,0.09711909730710033,1500,200,0.003159469000820536,0.73,"{'Growth Department': 157.5, 'Trading/Opportunity Team': 156.5, 'Compliance Department': 105.5, 'Operations Department': 149.3116147199473, 'Risk Department': 101.61140222545022}",157.0,105.5,149.3116147199473,101.61140222545022,standard,compressed,
independent,0,0.5253729131925002,36.25833202103588,True,24.0,25,195.5,27.972646329405087,139.86323164702543,0.3182105252285904,0,0,0.000552456003788393,0.0,"{'Growth Department': 42.0, 'Trading/Opportunity Team': 41.0, 'Investment Department': 39.5, 'Operations Department': -3.6281126534453008, 'Risk Department': 20.991344300470733}",40.833333333333336,,-3.6281126534453008,20.991344300470733,aggressive,compressed,
independent,1,1.266711725634317,45.69245475496979,True,33.0,34,278.5,46.02467945964613,230.12339729823066,0.193360064108035,0,0,0.0007732279991614632,0.0,"{'Growth Department': 60.5, 'Trading/Opportunity Team': 58.0, 'Investment Department': 61.0, 'Operations Department': 20.634915565907583, 'Risk Department': 29.98848173232308}",59.833333333333336,,20.634915565907583,29.98848173232308,aggressive,compressed,
independent,2,4.2634240746667125,49.716727154162946,True,37.0,38,307.0,51.590089023780635,257.9504451189032,0.17760298840610106,0,0,0.0008335620004800148,0.0,"{'Growth Department': 65.0, 'Trading/Opportunity Team': 68.0, 'Investment Department': 64.5, 'Operations Department': 26.01763009659384, 'Risk Department': 34.432815022309335}",65.83333333333333,,26.01763009659384,34.432815022309335,aggressive,compressed,
independent,3,0.6670532269667104,45.45663004324131,True,47.0,48,391.0,66.51461494856241,332.5730747428121,0.19096007546474744,0,0,0.0011573369993129745,0.0,"{'Growth Department': 88.0, 'Trading/Opportunity Team': 85.0, 'Investment Department': 86.5, 'Operations Department': 30.656476631111634, 'Risk Department': 42.416598111700495}",86.5,,30.656476631111634,42.416598111700495,aggressive,compressed,
independent,4,4.001101928780374,46.02519163174272,True,39.0,40,324.0,54.39691461798983,271.98457308994915,0.18758269458069368,0,0,0.000969875996815972,0.0,"{'Growth Department': 68.5, 'Trading/Opportunity Team': 71.5, 'Investment Department': 70.5, 'Operations Department': 24.46642914857019, 'Risk Department': 37.01814394137897}",70.16666666666667,,24.46642914857019,37.01814394137897,aggressive,compressed,
independent,5,2.3559219407940564,45.752622764535374,True,22.0,23,187.0,28.53501368031261,142.67506840156304,0.22623989612134848,0,0,0.0005369470018194988,0.0,"{'Growth Department': 38.0, 'Trading/Opportunity Team': 39.0, 'Investment Department': 39.0, 'Operations Department': 9.62794996274716, 'Risk Department': 17.04711843881588}",38.666666666666664,,9.62794996274716,17.04711843881588,aggressive,compressed,
independent,6,0.38878059144514054,46.859652882969385,True,47.0,48,391.0,67.37551904811482,336.8775952405741,0.17300638922916178,0,0,0.0010923570007435046,0.0,"{'Growth Department': 86.5, 'Trading/Opportunity Team': 86.0, 'Investment Department': 85.5, 'Operations Department': 34.41746384748879, 'Risk Department': 44.46013139308538}",86.0,,34.41746384748879,44.46013139308538,aggressive,compressed,
independent,7,1.9897673727950593,45.373722111297674,True,24.0,25,199.5,30.352004217351727,151.76002108675863,0.2412222995715542,0,0,0.000663954000629019,0.0,"{'Growth Department': 42.0, 'Trading/Opportunity Team': 40.5, 'Investment Department': 42.0, 'Operations Department': 7.220225739302712, 'Risk Department': 20.0397953474559}",41.5,,7.220225739302712,20.0397953474559,aggressive,compressed,
independent,8,2.9549202206148397,41.763225616742155,True,45.0,46,371.5,61.32932299930313,306.64661499651567,0.22328687642694475,0,0,0.0013671359993168153,0.0,"{'Growth Department': 81.0, 'Trading/Opportunity Team': 83.5, 'Investment Department': 81.5, 'Operations Department': 16.677972929814608, 'Risk Department': 43.96864206670107}",82.0,,16.677972929814608,43.96864206670107,aggressive,compressed,
independent,9,3.842494884293899,48.86236534992221,True,34.0,35,293.5,49.69671924930177,248.48359624650885,0.17403105724116727,0,0,0.0009382069983985275,0.0,"{'Growth Department': 64.5, 'Trading/Opportunity Team': 63.0, 'Investment Department': 63.5, 'Operations Department': 26.906746348822985, 'Risk Department': 30.57684989768587}",63.666666666666664,,26.906746348822985,30.57684989768587,aggressive,compressed,
independent,10,4.199601500986875,45.91594619287429,True,43.0,44,358.5,60.90211936124253,304.5105968062126,0.183976815448057,0,0,0.0011950229963986203,0.0,"{'Growth Department': 79.0, 'Trading/Opportunity Team': 78.5, 'Investment Department': 78.5, 'Operations Department': 27.93217851730167, 'Risk Department': 40.578418288910946}",78.66666666666667,,27.93217851730167,40.578418288910946,aggressive,compressed,
independent,11,1.0248341096233027,46.40409509933705,True,33.0,34,276.5,45.695151535697505,228.47575767848753,0.18557618761399172,0,0,0.0009810150004341267,0.0,"{'Growth Department': 59.5, 'Trading/Opportunity Team': 59.0, 'Investment Department': 59.0, 'Operations Department': 21.025092141032758, 'Risk Department': 29.95066553745476}",59.166666666666664,,21.025092141032758,29.95066553745476,aggressive,compressed,
independent,12,0.4137321035733432,45.61142918616314,True,56.0,57,469.0,81.89455518169903,409.4727759084952,0.16944652941315042,0,0,0.0015431430001626723,0.0,"{'Growth Department': 104.5, 'Trading/Opportunity Team': 105.0, 'Investment Department': 102.5, 'Operations Department': 43.56787217434678, 'Risk Department': 53.9049037341484}",104.0,,43.56787217434678,53.9049037341484,aggressive,compressed,
independent,13,2.764724881778905,45.10311245874719,True,45.0,46,376.0,63.903852838639374,319.5192641931969,0.19319349093417984,0,0,0.0009635620008339174,0.0,"{'Growth Department': 83.5, 'Trading/Opportunity Team': 82.0, 'Investment Department': 84.0, 'Operations Department': 27.15813063129256, 'Risk Department': 42.86113356190429}",83.16666666666667,,27.15813063129256,42.86113356190429,aggressive,compressed,
independent,14,4.214131892086288,44.76253758346232,True,32.0,33,264.0,42.06155124328474,210.3077562164237,0.22527360928252554,0,0,0.0007144019982661121,0.0,"{'Growth Department': 57.0, 'Trading/Opportunity Team': 57.0, 'Investment Department': 56.0, 'Operations Department': 12.250275526118063, 'Risk Department': 28.057480690305656}",56.666666666666664,,12.250275526118063,28.057480690305656,aggressive,compressed,
independent,15,0.4105041365375639,46.62034099546931,True,53.0,54,449.0,78.91062808289942,394.5531404144971,0.1670220148815078,0,0,0.0011294529977021739,0.0,"{'Growth Department': 100.0, 'Trading/Opportunity Team': 99.0, 'Investment Department': 101.0, 'Operations Department': 42.69920836086361, 'Risk Department': 51.85393205363343}",100.0,,42.69920836086361,51.85393205363343,aggressive,compressed,
independent,16,0.0,43.078717577158756,True,46.0,47,381.0,64.14852742774315,320.74263713871574,0.21117510901728292,0,0,0.0009637549956096336,0.0,"{'Growth Department': 84.5, 'Trading/Opportunity Team': 86.0, 'Investment Department': 85.5, 'Operations Department': 23.42520945063652, 'Risk Department': 41.31742768807922}",85.33333333333333,,23.42520945063652,41.31742768807922,aggressive,compressed,
independent,17,0.6551019813559504,40.8881568495785,True,35.0,36,288.5,46.45227113694306,232.2613556847153,0.22288805706732456,0,0,0.0007386989964288659,0.0,"{'Growth Department': 63.5, 'Trading/Opportunity Team': 62.5, 'Investment Department': 60.5, 'Operations Department': 14.317938564312158, 'Risk Department': 31.443417120403144}",62.166666666666664,,14.317938564312158,31.443417120403144,aggressive,compressed,
independent,18,2.8288034030077576,49.28591981984857,True,25.0,26,212.0,33.90104610085281,169.50523050426403,0.19115197570782616,0,0,0.0006151790003059432,0.0,"{'Growth Department': 44.5, 'Trading/Opportunity Team': 43.0, 'Investment Department': 45.0, 'Operations Department': 16.491620236484653, 'Risk Department': 20.51361026777936}",44.166666666666664,,16.491620236484653,20.51361026777936,aggressive,compressed,
independent,19,0.5825577955317396,45.393336005863816,True,37.0,38,303.5,49.569740467311746,247.84870233655874,0.2070847985454492,0,0,0.0007751169978291728,0.0,"{'Growth Department': 64.0, 'Trading/Opportunity Team': 66.5, 'Investment Department': 65.0, 'Operations Department': 17.33705118064811, 'Risk Department': 35.01165115591064}",65.16666666666667,,17.33705118064811,35.01165115591064,aggressive,compressed,
voting,0,3.6399934607615023,40.35206422946472,True,14.0,15,137.5,18.992218648172457,94.96109324086228,0.13957183335891674,75,15,0.00047098700451897457,1.0,"{'Growth Department': 22.5, 'Trading/Opportunity Team': 22.5, 'Investment Department': 22.5, 'Operations Department': 6.904172055652246, 'Risk Department': 20.556921185210037}",22.5,,6.904172055652246,20.556921185210037,aggressive,compressed,
voting,1,0.14149541709299207,42.30263148511952,True,22.0,23,212.5,33.09481986049313,165.47409930246565,0.10165852294875463,115,23,0.0006615870006498881,1.0,"{'Growth Department': 37.5, 'Trading/Opportunity Team': 37.5, 'Investment Department': 37.5, 'Operations Department': 17.471269394123805, 'Risk Department': 35.50282990834186}",37.5,,17.471269394123805,35.50282990834186,aggressive,compressed,
voting,2,0.0,50.174042505270066,True,26.0,27,255.0,42.671504998728146,213.35752499364074,0.05858665238505854,135,27,0.0007892670037108473,1.0,"{'Growth Department': 46.0, 'Trading/Opportunity Team': 46.0, 'Investment Department': 46.0, 'Operations Department': 31.39271713001211, 'Risk Department': 43.96480786362863}",46.0,,31.39271713001211,43.96480786362863,aggressive,compressed,
voting,3,0.0,44.33938706320101,True,25.0,26,245.0,39.63205762465044,198.16028812325223,0.08413274758173887,130,26,0.0006775799993192777,1.0,"{'Growth Department': 44.0, 'Trading/Opportunity Team': 44.0, 'Investment Department': 44.0, 'Operations Department': 24.160288123252222, 'Risk Department': 41.99999999999999}",44.0,,24.160288123252222,41.99999999999999,aggressive,compressed,
voting,4,3.6767455226266037,49.076270897658986,True,25.0,26,240.0,39.68148150831721,198.40740754158605,0.06301881490397836,130,26,0.0007771199962007813,1.0,"{'Growth Department': 43.0, 'Trading/Opportunity Team': 43.0, 'Investment Department': 43.0, 'Operations Department': 28.33409322981037, 'Risk Department': 41.07331431177567}",43.0,,28.33409322981037,41.07331431177567,aggressive,compressed,
voting,5,0.5897312610680565,47.52708556940752,True,16.0,17,162.5,24.958039868002043,124.79019934001022,0.07510652621479821,85,17,0.00044579799578059465,1.0,"{'Growth Department': 27.5, 'Trading/Opportunity Team': 27.5, 'Investment Department': 27.5, 'Operations Department': 16.77840471478884, 'Risk Department': 25.511794625221363}",27.5,,16.77840471478884,25.511794625221363,aggressive,compressed,
voting,6,1.1664131311218338,44.20092347249001,True,26.0,27,255.0,41.4005563599613,207.00278179980648,0.08505733938508975,135,27,0.0006160890043247491,1.0,"{'Growth Department': 46.0, 'Trading/Opportunity Team': 46.0, 'Investment Department': 46.0, 'Operations Department': 24.97945353718404, 'Risk Department': 44.02332826262243}",46.0,,24.97945353718404,44.02332826262243,aggressive,compressed,
voting,7,0.0,45.35541538512071,True,18.0,19,177.5,26.904414331324308,134.52207165662153,0.10096739150265836,95,19,0.0005017040020902641,1.0,"{'Growth Department': 30.5, 'Trading/Opportunity Team': 30.5, 'Investment Department': 30.5, 'Operations Department': 14.522071656621542, 'Risk Department': 28.5}",30.5,,14.522071656621542,28.5,aggressive,compressed,
voting,8,4.398710317955318,46.13544445957445,True,22.0,23,220.0,35.39824502321117,176.99122511605583,0.07703883454892627,115,23,0.0005485709989443421,1.0,"{'Growth Department': 39.0, 'Trading/Opportunity Team': 39.0, 'Investment Department': 39.0, 'Operations Department': 22.92078061312524, 'Risk Department': 37.070444502930584}",39.0,,22.92078061312524,37.070444502930584,aggressive,compressed,
voting,9,0.8370352023821592,44.76235639054511,True,22.0,23,222.5,35.54101753503461,177.70508767517305,0.08464938364047861,115,23,0.0005104209994897246,1.0,"{'Growth Department': 39.5, 'Trading/Opportunity Team': 39.5, 'Investment Department': 39.5, 'Operations Department': 21.68834697112542, 'Risk Department': 37.51674070404764}",39.5,,21.68834697112542,37.51674070404764,aggressive,compressed,
voting,10,4.093603503570494,47.137450569041285,True,24.0,25,235.0,38.140311212235375,190.7015560611769,0.07690283630645371,125,25,0.0006265409974730574,1.0,"{'Growth Department': 42.0, 'Trading/Opportunity Team': 42.0, 'Investment Department': 42.0, 'Operations Department': 24.634717565926323, 'Risk Department': 40.06683849525056}",42.0,,24.634717565926323,40.06683849525056,aggressive,compressed,
voting,11,0.0,45.38005419090351,True,23.0,24,227.5,36.949139165240936,184.7456958262047,0.07250850284908009,120,24,0.0006037660059519112,1.0,"{'Growth Department': 40.5, 'Trading/Opportunity Team': 40.5, 'Investment Department': 40.5, 'Operations Department': 24.765219643371218, 'Risk Department': 38.480476182833485}",40.5,,24.765219643371218,38.480476182833485,aggressive,compressed,
voting,12,3.1809252418274507,44.62375896360579,True,25.0,26,247.5,40.27002715412819,201.35013577064092,0.0801853881231704,130,26,0.0008068989991443232,1.0,"{'Growth Department': 44.5, 'Trading/Opportunity Team': 44.5, 'Investment Department': 44.5, 'Operations Department': 25.28651726580437, 'Risk Department': 42.56361850483654}",44.5,,25.28651726580437,42.56361850483654,aggressive,compressed,
voting,13,2.1348732335030327,44.313333936660484,True,25.0,26,245.0,40.005904719724185,200.02952359862093,0.07562481946041562,130,26,0.0013474779989337549,1.0,"{'Growth Department': 44.0, 'Trading/Opportunity Team': 44.0, 'Investment Department': 44.0, 'Operations Department': 26.152484879132373, 'Risk Department': 41.87703871948857}",44.0,,26.152484879132373,41.87703871948857,aggressive,compressed,
voting,14,0.37577849568323174,47.22160590858225,True,19.0,20,190.0,29.57274759015312,147.8637379507656,0.08732374851535489,100,20,0.0010017719978350215,1.0,"{'Growth Department': 33.0, 'Trading/Opportunity Team': 33.0, 'Investment Department': 33.0, 'Operations Department': 17.85622238085194, 'Risk Department': 31.007515569913664}",33.0,,17.85622238085194,31.007515569913664,aggressive,compressed,
voting,15,2.6455246019931398,44.62021103395486,True,28.0,29,267.5,44.047689026282185,220.2384451314109,0.07712479382043505,145,29,0.0010602659967844374,1.0,"{'Growth Department': 48.5, 'Trading/Opportunity Team': 48.5, 'Investment Department': 48.5, 'Operations Department': 28.296943188356007, 'Risk Department': 46.441501943054895}",48.5,,28.296943188356007,46.441501943054895,aggressive,compressed,
voting,16,3.441601944927992,43.62952749896022,True,26.0,27,245.0,39.85981009499231,199.29905047496155,0.0786707814428425,135,27,0.0008272019986179657,1.0,"{'Growth Department': 44.0, 'Trading/Opportunity Team': 44.0, 'Investment Department': 44.0, 'Operations Department': 25.503419420834135, 'Risk Department': 41.79563105412742}",44.0,,25.503419420834135,41.79563105412742,aggressive,compressed,
voting,17,0.0,37.22384552978733,True,21.0,22,195.0,28.665691551149656,143.32845775574827,0.14321092955736017,110,22,0.0006863620001240633,1.0,"{'Growth Department': 34.0, 'Trading/Opportunity Team': 34.0, 'Investment Department': 34.0, 'Operations Department': 9.35603807619285, 'Risk Department': 31.972419679555433}",34.0,,9.35603807619285,31.972419679555433,aggressive,compressed,
voting,18,0.0,45.44633750248664,True,20.0,21,190.0,29.177634354158176,145.88817177079088,0.0990889292067612,105,21,0.0006522520052385516,1.0,"{'Growth Department': 33.0, 'Trading/Opportunity Team': 33.0, 'Investment Department': 33.0, 'Operations Department': 15.972071417459812, 'Risk Department': 30.91610035333105}",33.0,,15.972071417459812,30.91610035333105,aggressive,compressed,
voting,19,3.119575692868567,50.69675696171017,True,23.0,24,225.0,37.099514407633514,185.49757203816756,0.05815672114838666,120,24,0.0007327519997488707,1.0,"{'Growth Department': 40.0, 'Trading/Opportunity Team': 40.0, 'Investment Department': 40.0, 'Operations Department': 27.532601535016248, 'Risk Department': 37.96497050315132}",40.0,,27.532601535016248,37.96497050315132,aggressive,compressed,
adaptive_voting,0,0.0,36.34373898346537,True,73.0,74,500.0,80.56695069627006,402.8347534813503,0.1391326716374536,370,74,0.0018324510019738227,1.0,"{'Growth Department': 95.0, 'Trading/Opportunity Team': 95.0, 'Investment Department': 95.0, 'Operations Department': 27.046557817961343, 'Risk Department': 90.78819566338896}",95.0,,27.046557817961343,90.78819566338896,aggressive,compressed,
adaptive_voting,1,29.315677625069128,39.58979053690336,False,,100,687.5,122.0767450218744,610.383725109372,0.09763293980215693,500,100,0.002307421003933996,1.0,"{'Growth Department': 137.5, 'Trading/Opportunity Team': 137.5, 'Investment Department': 137.5, 'Operations Department': 65.63238116607901, 'Risk Department': 132.25134394329294}",137.5,,65.63238116607901,132.25134394329294,aggressive,compressed,
adaptive_voting,2,1.915931424470255,45.29582612885041,True,41.0,42,315.0,51.415340692826774,257.07670346413386,0.09831850246473124,210,42,0.0011187080017407425,1.0,"{'Growth Department': 58.0, 'Trading/Opportunity Team': 58.0, 'Investment Department': 58.0, 'Operations Department': 27.734805277957495, 'Risk Department': 55.34189818617638}",58.0,,27.734805277957495,55.34189818617638,aggressive,compressed,
adaptive_voting,3,31.52553865665118,42.83112453933414,False,,100,730.0,133.17683925863344,665.8841962931672,0.0738510845068829,500,100,0.0033384620037395507,1.0,"{'Growth Department': 146.0, 'Trading/Opportunity Team': 146.0, 'Investment Department': 146.0, 'Operations Department': 87.17512857622157, 'Risk Department': 140.7090677169456}",146.0,,87.17512857622157,140.7090677169456,aggressive,compressed,
adaptive_voting,4,36.17231988219391,41.59352620400293,False,,100,715.0,129.27768705010428,646.3884352505214,0.08185498977544832,500,100,0.002703119993384462,1.0,"{'Growth Department': 143.0, 'Trading/Opportunity Team': 143.0, 'Investment Department': 143.0, 'Operations Department': 79.33626785347994, 'Risk Department': 138.05216739704142}",143.0,,79.33626785347994,138.05216739704142,aggressive,compressed,
adaptive_voting,5,2.413862981000401,41.14788881074924,True,21.0,22,177.5,26.05440197590037,130.27200987950184,0.1304815877773267,110,22,0.0005209200026001781,1.0,"{'Growth Department': 30.5, 'Trading/Opportunity Team': 30.5, 'Investment Department': 30.5, 'Operations Department': 10.232743390445705, 'Risk Department': 28.539266489056132}",30.5,,10.232743390445705,28.539266489056132,aggressive,compressed,
adaptive_voting,6,2.3128867865893783,36.67185631370093,True,97.0,98,675.0,110.92999630260533,554.6499815130267,0.1342854201183492,490,98,0.0022544050007127225,1.0,"{'Growth Department': 130.0, 'Trading/Opportunity Team': 130.0, 'Investment Department': 130.0, 'Operations Department': 39.146504021695094, 'Risk Department': 125.50347749133152}",130.0,,39.146504021695094,125.50347749133152,aggressive,compressed,
adaptive_voting,7,14.556545749870402,39.62550250121906,False,,100,692.5,122.83861204124273,614.1930602062137,0.098494780529178,500,100,0.0023268910008482635,1.0,"{'Growth Department': 138.5, 'Trading/Opportunity Team': 138.5, 'Investment Department': 138.5, 'Operations Department': 65.56991312489826, 'Risk Department': 133.12314708131532}",138.5,,65.56991312489826,133.12314708131532,aggressive,compressed,
adaptive_voting,8,41.61739858915789,42.918370465952506,False,,100,742.5,136.2741867844481,681.3709339222404,0.06874844353881109,500,100,0.002402564998192247,1.0,"{'Growth Department': 148.5, 'Trading/Opportunity Team': 148.5, 'Investment Department': 148.5, 'Operations Department': 92.52108812840908, 'Risk Department': 143.3498457938314}",148.5,,92.52108812840908,143.3498457938314,aggressive,compressed,
adaptive_voting,9,42.568484635458816,40.790523485184174,False,,100,700.0,125.35283174677002,626.7641587338501,0.09034974282561378,500,100,0.00249709499621531,1.0,"{'Growth Department': 140.0, 'Trading/Opportunity Team': 140.0, 'Investment Department': 140.0, 'Operations Department': 71.66588988136084, 'Risk Department': 135.09826885248927}",140.0,,71.66588988136084,135.09826885248927,aggressive,compressed,
adaptive_voting,10,4.943308137108961,39.18885194194229,True,82.0,83,572.5,95.06312974608406,475.31564873042026,0.11785345447486292,415,83,0.0032089070009533316,1.0,"{'Growth Department': 109.5, 'Trading/Opportunity Team': 109.5, 'Investment Department': 109.5, 'Operations Department': 41.64037334747838, 'Risk Department': 105.1752753829419}",109.5,,41.64037334747838,105.1752753829419,aggressive,compressed,
adaptive_voting,11,4.330574590672423,37.15162794061739,True,40.0,41,302.5,46.81979994716663,234.09899973583313,0.1439391949847506,205,41,0.0010894630031543784,1.0,"{'Growth Department': 55.5, 'Trading/Opportunity Team': 55.5, 'Investment Department': 55.5, 'Operations Department': 14.660946342388947, 'Risk Department': 52.93805339344419}",55.5,,14.660946342388947,52.93805339344419,aggressive,compressed,
adaptive_voting,12,3.978541949542869,40.78604194180339,True,72.0,73,555.0,94.75777240551052,473.7888620275526,0.09159688321651523,365,73,0.0019115390023216605,0.9863013698630136,"{'Growth Department': 106.0, 'Trading/Opportunity Team': 106.0, 'Investment Department': 106.0, 'Operations Department': 53.71718031138876, 'Risk Department': 102.0716817161639}",106.0,,53.71718031138876,102.0716817161639,aggressive,compressed,
adaptive_voting,13,42.86677019857552,42.991188697314776,False,,100,742.5,136.54092287461748,682.7046143730875,0.06680128500224303,500,100,0.002685822000785265,1.0,"{'Growth Department': 148.5, 'Trading/Opportunity Team': 148.5, 'Investment Department': 148.5, 'Operations Department': 94.28152183420491, 'Risk Department': 142.92309253888257}",148.5,,94.28152183420491,142.92309253888257,aggressive,compressed,
adaptive_voting,14,3.9124019924406905,39.33695075763514,True,92.0,93,647.5,108.57314207327337,542.8657103663669,0.11334577270167098,465,93,0.0023796810055500828,1.0,"{'Growth Department': 124.5, 'Trading/Opportunity Team': 124.5, 'Investment Department': 124.5, 'Operations Department': 50.30545609683962, 'Risk Department': 119.06025426952729}",124.5,,50.30545609683962,119.06025426952729,aggressive,compressed,
adaptive_voting,15,34.00135712108302,43.54341612017862,False,,100,742.5,136.92084079975038,684.6042039987519,0.06445054985024416,500,100,0.002597514998342376,1.0,"{'Growth Department': 148.5, 'Trading/Opportunity Team': 148.5, 'Investment Department': 148.5, 'Operations Department': 96.08800255747734, 'Risk Department': 143.0162014412746}",148.5,,96.08800255747734,143.0162014412746,aggressive,compressed,
adaptive_voting,16,15.47672510421128,39.18665424820743,False,,100,710.0,126.17507533216512,630.8753766608256,0.09700468329501977,500,100,0.0033069409982999787,1.0,"{'Growth Department': 142.0, 'Trading/Opportunity Team': 142.0, 'Investment Department': 142.0, 'Operations Department': 68.12995806015023, 'Risk Department': 136.74541860067535}",142.0,,68.12995806015023,136.74541860067535,aggressive,compressed,
adaptive_voting,17,12.277018909061017,37.41659759665438,False,,100,667.5,115.38954393205154,576.9477196602577,0.12165373087234314,500,100,0.0025269899997510947,1.0,"{'Growth Department': 133.5, 'Trading/Opportunity Team': 133.5, 'Investment Department': 133.5, 'Operations Department': 48.582673802339485, 'Risk Department': 127.86504585791822}",133.5,,48.582673802339485,127.86504585791822,aggressive,compressed,
adaptive_voting,18,0.0,33.22495838839327,True,72.0,73,442.5,65.45620604718147,327.28103023590734,0.21625784675879042,365,73,0.0017451940002501942,1.0,"{'Growth Department': 83.5, 'Trading/Opportunity Team': 83.5, 'Investment Department': 83.5, 'Operations Department': -3.2237574454471525, 'Risk Department': 80.00478768135451}",83.5,,-3.2237574454471525,80.00478768135451,aggressive,compressed,
adaptive_voting,19,3.054913316952156,40.15897307958254,True,60.0,61,430.0,69.89658727586388,349.48293637931937,0.12282629892743131,305,61,0.0016105149989016354,1.0,"{'Growth Department': 81.0, 'Trading/Opportunity Team': 81.0, 'Investment Department': 81.0, 'Operations Department': 29.202824586273803, 'Risk Department': 77.28011179304559}",81.0,,29.202824586273803,77.28011179304559,aggressive,compressed,
centralized_profit,0,1.72897497897476,36.6113804923582,True,25.0,26,202.5,29.302646193048012,146.51323096524007,0.30568967368652356,156,26,0.0005667840014211833,0.11538461538461539,"{'Growth Department': 43.0, 'Trading/Opportunity Team': 43.0, 'Investment Department': 41.0, 'Operations Department': -2.482185376546295, 'Risk Department': 21.995416341786374}",42.333333333333336,,-2.482185376546295,21.995416341786374,aggressive,compressed,
centralized_profit,1,4.982976107453149,46.90174810265835,True,35.0,36,286.0,47.61629811498981,238.08149057494904,0.18123337200859863,216,36,0.0007609370004502125,0.1111111111111111,"{'Growth Department': 61.0, 'Trading/Opportunity Team': 61.5, 'Investment Department': 61.5, 'Operations Department': 22.547731050722447, 'Risk Department': 31.533759524226596}",61.333333333333336,,22.547731050722447,31.533759524226596,aggressive,compressed,
centralized_profit,2,0.9359291927685174,49.04136130142578,True,38.0,39,313.0,52.36067948440179,261.80339742200897,0.1852067967938263,234,39,0.000871185002324637,0.05128205128205128,"{'Growth Department': 66.5, 'Trading/Opportunity Team': 69.5, 'Investment Department': 66.0, 'Operations Department': 24.477181012312684, 'Risk Department': 35.32621640969626}",67.33333333333333,,24.477181012312684,35.32621640969626,aggressive,compressed,
centralized_profit,3,4.481443447853296,48.073810656435334,True,53.0,54,429.0,74.82498600651093,374.12493003255463,0.16778298841873324,324,54,0.0011162649971083738,0.14814814814814814,"{'Growth Department': 95.0, 'Trading/Opportunity Team': 96.0, 'Investment Department': 94.0, 'Operations Department': 40.94557296041657, 'Risk Department': 48.17935707213801}",95.0,,40.94557296041657,48.17935707213801,aggressive,compressed,
centralized_profit,4,2.913015143215535,45.921922431769296,True,42.0,43,344.0,57.99037294205855,289.95186471029274,0.1910390735707498,258,43,0.0012707319983746856,0.06976744186046512,"{'Growth Department': 73.5, 'Trading/Opportunity Team': 77.0, 'Investment Department': 74.5, 'Operations Department': 25.06779625379286, 'Risk Department': 39.88406845649989}",75.0,,25.06779625379286,39.88406845649989,aggressive,compressed,
centralized_profit,5,4.856934365947728,45.42738073256564,True,23.0,24,190.0,28.92146381896479,144.60731909482394,0.2237300324878678,144,24,0.0005135780011187308,0.125,"{'Growth Department': 38.5, 'Trading/Opportunity Team': 39.5, 'Investment Department': 39.0, 'Operations Department': 9.510180407504983, 'Risk Department': 18.09713868731895}",39.0,,9.510180407504983,18.09713868731895,aggressive,compressed,
centralized_profit,6,0.8998163749779495,46.51168848942796,True,51.0,52,417.5,72.27927399790794,361.39636998953966,0.17663746219268753,312,52,0.0010787479986902326,0.07692307692307693,"{'Growth Department': 91.5, 'Trading/Opportunity Team': 94.0, 'Investment Department': 92.0, 'Operations Department': 36.513285908955936, 'Risk Department': 47.383084080583714}",92.5,,36.513285908955936,47.383084080583714,aggressive,compressed,
centralized_profit,7,2.1567067208539505,45.503586411130605,True,25.0,26,206.5,31.725674301627407,158.62837150813704,0.22892850819813404,156,26,0.0005088050020276569,0.07692307692307693,"{'Growth Department': 43.0, 'Trading/Opportunity Team': 43.0, 'Investment Department': 43.0, 'Operations Department': 8.585237373719949, 'Risk Department': 21.043134134417084}",43.0,,8.585237373719949,21.043134134417084,aggressive,compressed,
centralized_profit,8,2.9549202206148397,41.763225616742155,True,45.0,46,371.5,61.32932299930313,306.64661499651567,0.22328687642694475,276,46,0.0008939590043155476,0.0,"{'Growth Department': 81.0, 'Trading/Opportunity Team': 83.5, 'Investment Department': 81.5, 'Operations Department': 16.677972929814608, 'Risk Department': 43.96864206670107}",82.0,,16.677972929814608,43.96864206670107,aggressive,compressed,
centralized_profit,9,0.04675410718738071,48.326968330107285,True,36.0,37,303.0,50.98995525915164,254.94977629575823,0.17823335111907265,222,37,0.00087622000137344,0.08108108108108109,"{'Growth Department': 66.0, 'Trading/Opportunity Team': 66.0, 'Investment Department': 64.5, 'Operations Department': 25.948841213614493, 'Risk Department': 32.50093508214375}",65.5,,25.948841213614493,32.50093508214375,aggressive,compressed,
centralized_profit,10,4.694040218937259,45.89565050759134,True,46.0,47,379.0,64.75671108290189,323.78355541450946,0.18283835464849538,282,47,0.001036788999044802,0.0851063829787234,"{'Growth Department': 82.5, 'Trading/Opportunity Team': 84.5, 'Investment Department': 83.0, 'Operations Department': 30.21631324991846, 'Risk Department': 43.567242164590986}",83.33333333333333,,30.21631324991846,43.567242164590986,aggressive,compressed,
centralized_profit,11,3.0488344997983443,46.89849725228288,True,33.0,34,276.0,45.755734490476456,228.77867245238227,0.18251228587384266,204,34,0.0007282119986484759,0.08823529411764706,"{'Growth Department': 58.5, 'Trading/Opportunity Team': 59.5, 'Investment Department': 59.0, 'Operations Department': 21.83403137644933, 'Risk Department': 29.944641075932935}",59.0,,21.83403137644933,29.944641075932935,aggressive,compressed,
centralized_profit,12,2.7713227575866703,46.8306702402671,True,58.0,59,484.5,85.50583377442258,427.5291688721129,0.16496457882637863,354,59,0.0013100619980832562,0.05084745762711865,"{'Growth Department': 108.5, 'Trading/Opportunity Team': 109.5, 'Investment Department': 106.0, 'Operations Department': 47.65290793043753, 'Risk Department': 55.87626094167537}",108.0,,47.65290793043753,55.87626094167537,aggressive,compressed,
centralized_profit,13,4.155377689769951,45.228026422628574,True,50.0,51,406.5,69.34532795894856,346.72663979474277,0.18657569158599402,306,51,0.0011193159953108989,0.1568627450980392,"{'Growth Department': 89.5, 'Trading/Opportunity Team': 90.5, 'Investment Department': 88.5, 'Operations Department': 30.546453677777365, 'Risk Department': 47.680186116965366}",89.5,,30.546453677777365,47.680186116965366,aggressive,compressed,
centralized_profit,14,4.498394174970056,45.41294156317511,True,34.0,35,275.0,44.07976775218463,220.39883876092316,0.22549097593612116,210,35,0.0007487580005545169,0.08571428571428572,"{'Growth Department': 59.0, 'Trading/Opportunity Team': 60.5, 'Investment Department': 58.0, 'Operations Department': 12.856288120606038, 'Risk Department': 30.0425506403171}",59.166666666666664,,12.856288120606038,30.0425506403171,aggressive,compressed,
centralized_profit,15,0.0,46.64734485869752,True,58.0,59,475.0,83.21483407059404,416.0741703529702,0.16443874023447247,354,59,0.0012843910008086823,0.11864406779661017,"{'Growth Department': 104.0, 'Trading/Opportunity Team': 106.0, 'Investment Department': 105.0, 'Operations Department': 44.87904860466564, 'Risk Department': 56.19512174830457}",105.0,,44.87904860466564,56.19512174830457,aggressive,compressed,
centralized_profit,16,1.301010538798594,43.790140809199436,True,49.0,50,404.0,68.89948054334093,344.49740271670464,0.2016722885025409,300,50,0.0013520900029106997,0.04,"{'Growth Department': 89.5, 'Trading/Opportunity Team': 92.5, 'Investment Department': 90.0, 'Operations Department': 28.813648310647114, 'Risk Department': 43.68375440605754}",90.66666666666667,,28.813648310647114,43.68375440605754,aggressive,compressed,
centralized_profit,17,0.0,41.25986607692039,True,39.0,40,315.0,51.41296629686091,257.06483148430453,0.21809154899794603,240,40,0.0019560049986466765,0.1,"{'Growth Department': 69.0, 'Trading/Opportunity Team': 70.0, 'Investment Department': 66.0, 'Operations Department': 16.776000287425646, 'Risk Department': 35.28883119687889}",68.33333333333333,,16.776000287425646,35.28883119687889,aggressive,compressed,
centralized_profit,18,2.9764375219949066,47.10139386937371,True,30.0,31,238.0,38.06919069553622,190.34595347768112,0.19984447363365412,186,31,0.000906150002265349,0.12903225806451613,"{'Growth Department': 49.0, 'Trading/Opportunity Team': 51.0, 'Investment Department': 49.5, 'Operations Department': 15.555079319710822, 'Risk Department': 25.290874157970297}",49.833333333333336,,15.555079319710822,25.290874157970297,aggressive,compressed,
centralized_profit,19,2.0566944635582427,45.353453039745716,True,39.0,40,314.0,51.33224058273286,256.6612029136643,0.21070724656676756,240,40,0.0009263359970645979,0.075,"{'Growth Department': 66.0, 'Trading/Opportunity Team': 70.0, 'Investment Department': 66.5, 'Operations Department': 17.13785867020418, 'Risk Department': 37.0233442434601}",67.5,,17.13785867020418,37.0233442434601,aggressive,compressed,
centralized_sustainability,0,3.012766973974726,37.392984894406176,True,27.0,28,214.0,31.328007941906538,156.6400397095327,0.2991513408583554,168,28,0.0006165430022520013,0.10714285714285714,"{'Growth Department': 45.0, 'Trading/Opportunity Team': 44.5, 'Investment Department': 45.5, 'Operations Department': -2.7877344875645536, 'Risk Department': 24.427774197097243}",45.0,,-2.7877344875645536,24.427774197097243,aggressive,compressed,
centralized_sustainability,1,1.266711725634317,45.69245475496979,True,33.0,34,278.5,46.02467945964613,230.12339729823066,0.193360064108035,204,34,0.0007338459981838241,0.0,"{'Growth Department': 60.5, 'Trading/Opportunity Team': 58.0, 'Investment Department': 61.0, 'Operations Department': 20.634915565907583, 'Risk Department': 29.98848173232308}",59.833333333333336,,20.634915565907583,29.98848173232308,aggressive,compressed,
centralized_sustainability,2,0.0,50.94991597566379,True,39.0,40,316.0,53.321553648478336,266.60776824239167,0.17324465825660235,240,40,0.0008618199935881421,0.125,"{'Growth Department': 65.5, 'Trading/Opportunity Team': 68.5, 'Investment Department': 69.0, 'Operations Department': 27.421302513336897, 'Risk Department': 36.18646572905473}",67.66666666666667,,27.421302513336897,36.18646572905473,aggressive,compressed,
centralized_sustainability,3,0.8526269444949328,46.51586051000088,True,50.0,51,410.5,70.71458785044895,353.57293925224474,0.1811250539559021,306,51,0.001078276000043843,0.058823529411764705,"{'Growth Department': 92.0, 'Trading/Opportunity Team': 88.0, 'Investment Department': 92.5, 'Operations Department': 35.824766499231096, 'Risk Department': 45.248172753013634}",90.83333333333333,,35.824766499231096,45.248172753013634,aggressive,compressed,
centralized_sustainability,4,2.2950754497724795,45.48510448814658,True,43.0,44,351.5,59.33648302906547,296.68241514532735,0.1901363911152183,264,44,0.001049334001436364,0.11363636363636363,"{'Growth Department': 75.0, 'Trading/Opportunity Team': 76.5, 'Investment Department': 78.5, 'Operations Department': 25.792275546973833, 'Risk Department': 40.89013959835355}",76.66666666666667,,25.792275546973833,40.89013959835355,aggressive,compressed,
centralized_sustainability,5,1.5779436285292165,44.53452075594706,True,23.0,24,191.5,29.03011986176454,145.1505993088227,0.2321185324924949,144,24,0.0005233219999354333,0.08333333333333333,"{'Growth Department': 39.5, 'Trading/Opportunity Team': 39.0, 'Investment Department': 40.0, 'Operations Department': 8.61904043625211, 'Risk Department': 18.031558872570592}",39.5,,8.61904043625211,18.031558872570592,aggressive,compressed,
centralized_sustainability,6,4.24251670005955,48.14183341327788,True,49.0,50,402.5,69.90414252208669,349.5207126104334,0.16758226246569255,300,50,0.0013058539989287965,0.08,"{'Growth Department': 87.5, 'Trading/Opportunity Team': 88.0, 'Investment Department': 90.0, 'Operations Department': 37.54560789487274, 'Risk Department': 46.47510471556067}",88.5,,37.54560789487274,46.47510471556067,aggressive,compressed,
centralized_sustainability,7,1.9897673727950593,45.373722111297674,True,24.0,25,199.5,30.352004217351727,151.76002108675863,0.2412222995715542,150,25,0.0005303680009092204,0.0,"{'Growth Department': 42.0, 'Trading/Opportunity Team': 40.5, 'Investment Department': 42.0, 'Operations Department': 7.220225739302712, 'Risk Department': 20.0397953474559}",41.5,,7.220225739302712,20.0397953474559,aggressive,compressed,
centralized_sustainability,8,3.1742347750554547,41.78662963223331,True,50.0,51,404.5,67.1225387098506,335.61269354925304,0.22296478127539743,306,51,0.0010181359975831583,0.11764705882352941,"{'Growth Department': 88.0, 'Trading/Opportunity Team': 90.5, 'Investment Department': 90.5, 'Operations Department': 17.812779424606443, 'Risk Department': 48.799914124646605}",89.66666666666667,,17.812779424606443,48.799914124646605,aggressive,compressed,
centralized_sustainability,9,2.530473918354396,47.842462806228035,True,36.0,37,303.0,51.0366437383863,255.18321869193153,0.17741632490519682,222,37,0.0008644209956401028,0.08108108108108109,"{'Growth Department': 66.0, 'Trading/Opportunity Team': 64.5, 'Investment Department': 66.0, 'Operations Department': 26.132609213564407, 'Risk Department': 32.55060947836709}",65.5,,26.132609213564407,32.55060947836709,aggressive,compressed,
centralized_sustainability,10,1.2085648710846684,45.11871189693642,True,47.0,48,385.5,65.55122927395765,327.7561463697882,0.18852311411162076,288,48,0.0009580650003044866,0.08333333333333333,"{'Growth Department': 84.0, 'Trading/Opportunity Team': 84.5, 'Investment Department': 86.0, 'Operations Department': 28.769830173070005, 'Risk Department': 44.486316196718235}",84.83333333333333,,28.769830173070005,44.486316196718235,aggressive,compressed,
centralized_sustainability,11,3.8242896273910425,46.95739008225171,True,34.0,35,282.0,46.801844494617185,234.0092224730859,0.1852428083096614,210,35,0.000874119003128726,0.05714285714285714,"{'Growth Department': 60.0, 'Trading/Opportunity Team': 60.5, 'Investment Department': 61.0, 'Operations Department': 21.619463673727193, 'Risk Department': 30.889758799358717}",60.5,,21.619463673727193,30.889758799358717,aggressive,compressed,
centralized_sustainability,12,0.0,47.48959374828734,True,62.0,63,513.5,91.55175528003176,457.7587764001588,0.15305036022223817,378,63,0.00141443099710159,0.09523809523809523,"{'Growth Department': 113.5, 'Trading/Opportunity Team': 114.0, 'Investment Department': 115.5, 'Operations Department': 55.090859542503004, 'Risk Department': 59.667916857655825}",114.33333333333333,,55.090859542503004,59.667916857655825,aggressive,compressed,
centralized_sustainability,13,3.1569067514463676,46.260981586945036,True,48.0,49,393.5,67.25127988159547,336.2563994079773,0.18457894357212493,294,49,0.0010638640014803968,0.14285714285714285,"{'Growth Department': 86.5, 'Trading/Opportunity Team': 85.0, 'Investment Department': 88.0, 'Operations Department': 30.578973161795243, 'Risk Department': 46.17742624618205}",86.5,,30.578973161795243,46.17742624618205,aggressive,compressed,
centralized_sustainability,14,1.1032263883973226,43.87992173381877,True,38.0,39,305.0,49.3117658246965,246.5588291234825,0.22438927269385384,234,39,0.0009281289967475459,0.1282051282051282,"{'Growth Department': 65.5, 'Trading/Opportunity Team': 65.5, 'Investment Department': 67.5, 'Operations Department': 14.128280018351475, 'Risk Department': 33.930549105131036}",66.16666666666667,,14.128280018351475,33.930549105131036,aggressive,compressed,
centralized_sustainability,15,4.585197646431652,47.30399892667758,True,55.0,56,460.5,81.46785499311943,407.33927496559716,0.15972710276779764,336,56,0.0015378850002889521,0.03571428571428571,"{'Growth Department': 102.0, 'Trading/Opportunity Team': 101.0, 'Investment Department': 104.0, 'Operations Department': 47.00291944992742, 'Risk Department': 53.33635551566975}",102.33333333333333,,47.00291944992742,53.33635551566975,aggressive,compressed,
centralized_sustainability,16,1.705881099624678,44.393835507863784,True,50.0,51,410.5,70.28839201235076,351.4419600617538,0.19495096739921358,306,51,0.001352922998194117,0.0784313725490196,"{'Growth Department': 90.5, 'Trading/Opportunity Team': 92.0, 'Investment Department': 93.0, 'Operations Department': 30.773164691459492, 'Risk Department': 45.168795370294255}",91.83333333333333,,30.773164691459492,45.168795370294255,aggressive,compressed,
centralized_sustainability,17,0.8022901432555853,43.71193778434242,True,42.0,43,340.0,57.19627411242091,285.98137056210453,0.19388608077652184,258,43,0.0009790569965844043,0.11627906976744186,"{'Growth Department': 74.5, 'Trading/Opportunity Team': 73.5, 'Investment Department': 75.5, 'Operations Department': 24.399111654433863, 'Risk Department': 38.082258907670656}",74.5,,24.399111654433863,38.082258907670656,aggressive,compressed,
centralized_sustainability,18,2.0995954107608163,48.66713202576482,True,26.0,27,215.5,34.27443958828732,171.3721979414366,0.20014741615196616,162,27,0.0007153990009101108,0.07407407407407407,"{'Growth Department': 45.0, 'Trading/Opportunity Team': 43.0, 'Investment Department': 46.5, 'Operations Department': 15.378545512908808, 'Risk Department': 21.493652428527803}",44.833333333333336,,15.378545512908808,21.493652428527803,aggressive,compressed,
centralized_sustainability,19,4.225150150812155,45.334768807886334,True,42.0,43,332.5,54.591822853311996,272.95911426656,0.21332529120410298,258,43,0.000940025995078031,0.13953488372093023,"{'Growth Department': 70.0, 'Trading/Opportunity Team': 72.0, 'Investment Department': 74.0, 'Operations Department': 17.468179389120223, 'Risk Department': 39.490934877439784}",72.0,,17.468179389120223,39.490934877439784,aggressive,compressed,
centralized_risk_averse,0,69.5944193393483,71.80754178051366,False,,100,530.0,105.12269141899844,525.6134570949922,0.008198485533119637,600,100,0.001913697000418324,0.96,"{'Growth Department': 106.5, 'Trading/Opportunity Team': 106.5, 'Investment Department': 106.0, 'Operations Department': 104.5, 'Risk Department': 102.1134570949922}",106.33333333333333,,104.5,102.1134570949922,aggressive,compressed,
centralized_risk_averse,1,70.26973063512575,74.76190741027425,False,,100,522.5,103.89020578988234,519.4510289494117,0.006235769417998504,600,100,0.0019214279964216985,0.96,"{'Growth Department': 105.0, 'Trading/Opportunity Team': 104.5, 'Investment Department': 105.0, 'Operations Department': 103.0, 'Risk Department': 101.95102894941174}",104.83333333333333,,103.0,101.95102894941174,aggressive,compressed,
centralized_risk_averse,2,68.74020726351898,72.5929221713918,False,,100,539.5,107.09593022635238,535.4796511317619,0.00765135146535414,600,100,0.0019675150033435784,0.95,"{'Growth Department': 108.0, 'Trading/Opportunity Team': 108.5, 'Investment Department': 108.5, 'Operations Department': 105.70215979690974, 'Risk Department': 104.77749133485212}",108.33333333333333,,105.70215979690974,104.77749133485212,aggressive,compressed,
centralized_risk_averse,3,68.21412252361249,77.36036343118019,False,,100,518.0,103.02595371656056,515.1297685828029,0.005233992089362793,600,100,0.002285472997755278,0.98,"{'Growth Department': 104.0, 'Trading/Opportunity Team': 104.0, 'Investment Department': 103.0, 'Operations Department': 103.0, 'Risk Department': 101.12976858280285}",103.66666666666667,,103.0,101.12976858280285,aggressive,compressed,
centralized_risk_averse,4,71.29943864980157,76.84137979164855,False,,100,523.0,104.08364687146309,520.4182343573154,0.005505980238540787,600,100,0.002205882999987807,0.97,"{'Growth Department': 105.0, 'Trading/Opportunity Team': 105.0, 'Investment Department': 105.0, 'Operations Department': 103.0, 'Risk Department': 102.41823435731546}",105.0,,103.0,102.41823435731546,aggressive,compressed,
centralized_risk_averse,5,74.12294775562043,74.96079871637136,False,,100,520.5,103.43848461942699,517.1924230971349,0.0062763129878307565,600,100,0.002117053998517804,0.97,"{'Growth Department': 104.5, 'Trading/Opportunity Team': 104.5, 'Investment Department': 104.0, 'Operations Department': 103.0, 'Risk Department': 101.19242309713485}",104.33333333333333,,103.0,101.19242309713485,aggressive,compressed,
centralized_risk_averse,6,78.17489284313646,75.52726960980179,False,,100,538.0,107.02992848448596,535.1496424224298,0.005382206832874203,600,100,0.002274667000165209,0.95,"{'Growth Department': 108.5, 'Trading/Opportunity Team': 107.5, 'Investment Department': 107.5, 'Operations Department': 106.0, 'Risk Department': 105.64964242242979}",107.83333333333333,,106.0,105.64964242242979,aggressive,compressed,
centralized_risk_averse,7,72.97639492886327,74.42057986317506,False,,100,523.5,104.05340311228015,520.2670155614007,0.006124523476548127,600,100,0.0023707799991825595,0.97,"{'Growth Department': 105.0, 'Trading/Opportunity Team': 105.0, 'Investment Department': 105.0, 'Operations Department': 103.5, 'Risk Department': 101.76701556140074}",105.0,,103.5,101.76701556140074,aggressive,compressed,
centralized_risk_averse,8,79.11219643580255,77.10022412878713,False,,100,531.5,105.80023294242332,529.0011647121166,0.004913161640619635,600,100,0.0022571869994862936,0.96,"{'Growth Department': 106.5, 'Trading/Opportunity Team': 107.0, 'Investment Department': 106.0, 'Operations Department': 105.0, 'Risk Department': 104.50116471211662}",106.5,,105.0,104.50116471211662,aggressive,compressed,
centralized_risk_averse,9,76.3629735273156,75.80693599817842,False,,100,533.5,106.11584944653995,530.5792472326998,0.0062886029396032935,600,100,0.00220172900299076,0.95,"{'Growth Department': 107.5, 'Trading/Opportunity Team': 106.0, 'Investment Department': 107.5, 'Operations Department': 105.0, 'Risk Department': 104.57924723269984}",107.0,,105.0,104.57924723269984,aggressive,compressed,
centralized_risk_averse,10,78.63293277555346,74.77418358670445,False,,100,523.5,104.0799843150796,520.399921575398,0.005534325852630495,600,100,0.0024702709997654893,0.98,"{'Growth Department': 104.5, 'Trading/Opportunity Team': 105.0, 'Investment Department': 105.0, 'Operations Department': 104.0, 'Risk Department': 101.899921575398}",104.83333333333333,,104.0,101.899921575398,aggressive,compressed,
centralized_risk_averse,11,79.63414349134102,74.77198024918303,False,,100,537.0,106.7059416099742,533.529708049871,0.007452693823998757,600,100,0.002251138001156505,0.94,"{'Growth Department': 108.0, 'Trading/Opportunity Team': 108.0, 'Investment Department': 108.0, 'Operations Department': 105.0, 'Risk Department': 104.52970804987105}",108.0,,105.0,104.52970804987105,aggressive,compressed,
centralized_risk_averse,12,73.23129655602051,74.96996205819671,False,,100,522.5,103.84218483637058,519.2109241818529,0.00506780680445793,600,100,0.0022974890016485006,0.99,"{'Growth Department': 104.5, 'Trading/Opportunity Team': 104.5, 'Investment Department': 104.5, 'Operations Department': 104.5, 'Risk Department': 101.21092418185286}",104.5,,104.5,101.21092418185286,aggressive,compressed,
centralized_risk_averse,13,80.06196753605184,77.03928190498334,False,,100,530.0,105.44437237304287,527.2218618652144,0.005732900561322296,600,100,0.0023839260029490106,0.95,"{'Growth Department': 106.5, 'Trading/Opportunity Team': 106.0, 'Investment Department': 106.5, 'Operations Department': 104.5, 'Risk Department': 103.7218618652144}",106.33333333333333,,104.5,103.7218618652144,aggressive,compressed,
centralized_risk_averse,14,73.26448602796187,74.74701777283319,False,,100,532.0,105.70673331514968,528.5336665757484,0.006381933550713548,600,100,0.002172528002120089,0.96,"{'Growth Department': 106.5, 'Trading/Opportunity Team': 107.0, 'Investment Department': 106.5, 'Operations Department': 105.0, 'Risk Department': 103.53366657574834}",106.66666666666667,,105.0,103.53366657574834,aggressive,compressed,
centralized_risk_averse,15,76.63270976934137,76.61833504203629,False,,100,530.5,105.53935932379245,527.6967966189623,0.0057657403348367,600,100,0.002689833003387321,0.96,"{'Growth Department': 106.5, 'Trading/Opportunity Team': 106.5, 'Investment Department': 106.5, 'Operations Department': 104.5, 'Risk Department': 103.69679661896231}",106.5,,104.5,103.69679661896231,aggressive,compressed,
centralized_risk_averse,16,73.34639316165246,75.9742774376554,False,,100,522.5,103.90875069777408,519.5437534888704,0.004937018666241499,600,100,0.002211753999290522,0.98,"{'Growth Department': 104.0, 'Trading/Opportunity Team': 104.5, 'Investment Department': 105.0, 'Operations Department': 104.0, 'Risk Department': 102.04375348887041}",104.5,,104.0,102.04375348887041,aggressive,compressed,
centralized_risk_averse,17,75.8252630759557,74.32661496619627,False,,100,515.0,102.27062679652406,511.35313398262025,0.005705436458717373,600,100,0.002319888000783976,1.0,"{'Growth Department': 103.0, 'Trading/Opportunity Team': 103.0, 'Investment Department': 103.0, 'Operations Department': 103.0, 'Risk Department': 99.35313398262025}",103.0,,103.0,99.35313398262025,aggressive,compressed,
centralized_risk_averse,18,66.331851182768,72.8605723955863,False,,100,525.0,104.18170383646145,520.9085191823073,0.007819385754235774,600,100,0.0022236320000956766,0.96,"{'Growth Department': 105.0, 'Trading/Opportunity Team': 105.5, 'Investment Department': 105.5, 'Operations Department': 103.5, 'Risk Department': 101.40851918230723}",105.33333333333333,,103.5,101.40851918230723,aggressive,compressed,
centralized_risk_averse,19,75.90589443961522,74.04051736171824,False,,100,525.0,104.24155856437373,521.2077928218687,0.006204369518339447,600,100,0.002166156002203934,0.98,"{'Growth Department': 104.5, 'Trading/Opportunity Team': 105.5, 'Investment Department': 105.0, 'Operations Department': 104.5, 'Risk Department': 101.70779282186872}",105.0,,104.5,101.70779282186872,aggressive,compressed,
structured_debate,0,3.2369370844672822,44.94291478743386,True,84.0,85,584.5,102.13362678316969,510.66813391584844,0.11360582396110477,1275,170,0.002768076003121678,0.8705882352941177,"{'Growth Department': 122.0, 'Trading/Opportunity Team': 120.0, 'Investment Department': 119.0, 'Operations Department': 69.29468077367729, 'Risk Department': 80.37345314217116}",120.33333333333333,,69.29468077367729,80.37345314217116,aggressive,compressed,
structured_debate,1,42.04815211663973,49.06425497806776,False,,100,699.0,132.77371262746317,663.8685631373158,0.09144901491994321,1500,200,0.004643833999580238,0.88,"{'Growth Department': 151.0, 'Trading/Opportunity Team': 152.0, 'Investment Department': 153.5, 'Operations Department': 107.5124416126958, 'Risk Department': 99.85612152462011}",152.16666666666666,,107.5124416126958,99.85612152462011,aggressive,compressed,
structured_debate,2,3.0147432727594285,38.55329358490929,True,99.0,100,611.5,96.51883057460724,482.5941528730362,0.20426609540136234,1500,200,0.0038948930014157668,0.85,"{'Growth Department': 122.5, 'Trading/Opportunity Team': 125.0, 'Investment Department': 124.0, 'Operations Department': 16.461788949705642, 'Risk Department': 94.63236392333056}",123.83333333333333,,16.461788949705642,94.63236392333056,aggressive,compressed,
structured_debate,3,49.680085174528585,62.16476415707542,False,,100,712.5,141.83991783957623,709.1995891978811,0.062087811889013446,1500,200,0.0033380719978595152,0.88,"{'Growth Department': 151.5, 'Trading/Opportunity Team': 153.5, 'Investment Department': 153.5, 'Operations Department': 150.98080511047172, 'Risk Department': 99.71878408740942}",152.83333333333334,,150.98080511047172,99.71878408740942,aggressive,compressed,
structured_debate,4,52.87221728349934,60.60598989563424,False,,100,712.5,141.92109124914379,709.605456245719,0.06329663140001518,1500,200,0.004248464996635448,0.88,"{'Growth Department': 150.5, 'Trading/Opportunity Team': 153.5, 'Investment Department': 155.0, 'Operations Department': 150.0, 'Risk Department': 100.60545624571894}",153.0,,150.0,100.60545624571894,aggressive,compressed,
structured_debate,5,55.52277355558144,54.99174121266774,False,,100,704.5,138.39955143260664,691.9977571630333,0.07366417692609542,1500,200,0.004272227997716982,0.9,"{'Growth Department': 150.0, 'Trading/Opportunity Team': 154.0, 'Investment Department': 153.5, 'Operations Department': 134.93412736636378, 'Risk Department': 99.56362979666953}",152.5,,134.93412736636378,99.56362979666953,aggressive,compressed,
structured_debate,6,58.75772543741411,56.211557009074056,False,,100,717.0,141.14053700426865,705.7026850213432,0.06417131874815674,1500,200,0.003385981995961629,0.87,"{'Growth Department': 153.0, 'Trading/Opportunity Team': 154.5, 'Investment Department': 152.5, 'Operations Department': 142.620049897523, 'Risk Department': 103.08263512382021}",153.33333333333334,,142.620049897523,103.08263512382021,aggressive,compressed,
structured_debate,7,41.937074271160604,50.204525404786864,False,,100,703.0,135.11915534516484,675.5957767258242,0.08445519858640704,1500,200,0.0033473189978394657,0.89,"{'Growth Department': 152.5, 'Trading/Opportunity Team': 151.5, 'Investment Department': 154.0, 'Operations Department': 117.33549217044167, 'Risk Department': 100.26028455538251}",152.66666666666666,,117.33549217044167,100.26028455538251,aggressive,compressed,
structured_debate,8,61.22623235106998,62.17672748911388,False,,100,716.0,142.6407106125527,713.2035530627635,0.06174556669085156,1500,200,0.003864968995912932,0.86,"{'Growth Department': 150.5, 'Trading/Opportunity Team': 156.5, 'Investment Department': 153.0, 'Operations Department': 150.5, 'Risk Department': 102.70355306276352}",153.33333333333334,,150.5,102.70355306276352,aggressive,compressed,
structured_debate,9,58.76594665189822,59.39299708104221,False,,100,711.5,141.60026084677725,708.0013042338862,0.05885293393492859,1500,200,0.0033985710033448413,0.92,"{'Growth Department': 152.5, 'Trading/Opportunity Team': 150.0, 'Investment Department': 153.0, 'Operations Department': 150.3362467137865, 'Risk Department': 102.16505752009972}",151.83333333333334,,150.3362467137865,102.16505752009972,aggressive,compressed,
structured_debate,10,24.939584380838035,49.30828654675217,False,,100,679.0,126.14414750680173,630.7207375340087,0.0986177862801723,1500,200,0.003830023000773508,0.88,"{'Growth Department': 142.5, 'Trading/Opportunity Team': 147.0, 'Investment Department': 147.5, 'Operations Department': 92.77855522448753, 'Risk Department': 100.94218230952121}",145.66666666666666,,92.77855522448753,100.94218230952121,aggressive,compressed,
structured_debate,11,62.80349992045875,57.40080102950713,False,,100,711.5,141.14259997023785,705.7129998511892,0.06102930861378404,1500,200,0.003426722003496252,0.9,"{'Growth Department': 152.0, 'Trading/Opportunity Team': 153.0, 'Investment Department': 152.0, 'Operations Department': 147.09894085407223, 'Risk Department': 101.61405899711701}",152.33333333333334,,147.09894085407223,101.61405899711701,aggressive,compressed,
structured_debate,12,4.6855982356093175,54.86185844728979,True,96.0,97,674.0,122.8888473505358,614.444236752679,0.08907077280642817,1455,194,0.003839295997750014,0.845360824742268,"{'Growth Department': 139.5, 'Trading/Opportunity Team': 140.0, 'Investment Department': 141.5, 'Operations Department': 100.71103104040056, 'Risk Department': 92.73320571227845}",140.33333333333334,,100.71103104040056,92.73320571227845,aggressive,compressed,
structured_debate,13,62.57294602502955,63.224739013042516,False,,100,710.0,141.40311632463005,707.0155816231502,0.06051851729101827,1500,200,0.0039061200004653074,0.89,"{'Growth Department': 150.0, 'Trading/Opportunity Team': 153.5, 'Investment Department': 152.5, 'Operations Department': 149.5, 'Risk Department': 101.51558162315013}",152.0,,149.5,101.51558162315013,aggressive,compressed,
structured_debate,14,47.03419486361417,54.424533020260725,False,,100,714.0,140.14147499731345,700.7073749865673,0.06821955442899999,1500,200,0.0034634300027391873,0.86,"{'Growth Department': 152.5, 'Trading/Opportunity Team': 153.0, 'Investment Department': 154.5, 'Operations Department': 138.91961223987877, 'Risk Department': 101.78776274668851}",153.33333333333334,,138.91961223987877,101.78776274668851,aggressive,compressed,
structured_debate,15,59.83377683321146,62.62252563286681,False,,100,708.0,141.01984362677905,705.0992181338953,0.058602568872849224,1500,200,0.003431827004533261,0.9,"{'Growth Department': 150.0, 'Trading/Opportunity Team': 152.0, 'Investment Department': 152.0, 'Operations Department': 149.5, 'Risk Department': 101.59921813389533}",151.33333333333334,,149.5,101.59921813389533,aggressive,compressed,
structured_debate,16,46.50368717170044,59.77056689731578,False,,100,710.5,140.83794564085747,704.1897282042873,0.06450602105981477,1500,200,0.0032965940044960007,0.87,"{'Growth Department': 149.5, 'Trading/Opportunity Team': 154.0, 'Investment Department': 153.5, 'Operations Department': 146.44065000270226, 'Risk Department': 100.74907820158514}",152.33333333333334,,146.44065000270226,100.74907820158514,aggressive,compressed,
structured_debate,17,24.087891543778394,52.71327643731859,False,,100,699.5,134.46009121003144,672.3004560501572,0.08419117543121661,1500,200,0.0032238589992630295,0.87,"{'Growth Department': 149.5, 'Trading/Opportunity Team': 152.0, 'Investment Department': 153.0, 'Operations Department': 119.10532619482865, 'Risk Department': 98.69512985532855}",151.5,,119.10532619482865,98.69512985532855,aggressive,compressed,
structured_debate,18,4.537296374369875,41.25893105010498,True,58.0,59,389.5,62.86870153341501,314.3435076670751,0.18789907221273944,885,118,0.0019254500002716668,0.7966101694915254,"{'Growth Department': 80.5, 'Trading/Opportunity Team': 80.5, 'Investment Department': 80.0, 'Operations Department': 20.494358716070927, 'Risk Department': 52.849148951004196}",80.33333333333333,,20.494358716070927,52.849148951004196,aggressive,compressed,
structured_debate,19,20.75067454511985,47.30351672700246,False,,100,686.0,127.06896415567765,635.3448207783882,0.10112586838745444,1500,200,0.003418606997001916,0.87,"{'Growth Department': 146.0, 'Trading/Opportunity Team': 148.0, 'Investment Department': 148.5, 'Operations Department': 91.53068740489645, 'Risk Department': 101.31413337349181}",147.5,,91.53068740489645,101.31413337349181,aggressive,compressed,
independent,0,46.443451453867276,56.187655567656684,False,,100,667.0,130.94178450158483,654.7089225079242,0.1395368587875158,0,0,0.0020841180012212135,0.0,"{'Growth Department': 198.5, 'Compliance Department': 108.5, 'ESG Department': 104.5, 'Operations Department': 140.7693037277117, 'Risk Department': 102.43961878021243}",198.5,106.5,140.7693037277117,102.43961878021243,conservative,compressed,
independent,1,58.35694360109704,62.02468755749035,False,,100,661.5,131.46911440182194,657.3455720091097,0.14131864921392712,0,0,0.0023564360017189756,0.0,"{'Growth Department': 194.5, 'Compliance Department': 104.0, 'ESG Department': 106.0, 'Operations Department': 150.97637159197626, 'Risk Department': 101.86920041713353}",194.5,105.0,150.97637159197626,101.86920041713353,conservative,compressed,
independent,2,48.08957729789037,49.85931558346204,False,,100,658.0,122.6279870535883,613.1399352679415,0.1322323470196416,0,0,0.00189520200365223,0.0,"{'Growth Department': 194.0, 'Compliance Department': 109.0, 'ESG Department': 110.0, 'Operations Department': 95.16773300218098, 'Risk Department': 104.97220226576053}",194.0,109.5,95.16773300218098,104.97220226576053,conservative,compressed,
independent,3,56.58531655230695,66.27099384701836,False,,100,673.0,133.94450284018515,669.7225142009257,0.1397922074502212,0,0,0.0020530469992081635,0.0,"{'Growth Department': 195.5, 'Compliance Department': 110.0, 'ESG Department': 109.5, 'Operations Department': 154.0, 'Risk Department': 100.72251420092574}",195.5,109.75,154.0,100.72251420092574,conservative,compressed,
independent,4,58.59733351398292,65.46400499056898,False,,100,673.0,134.03384411455164,670.1692205727581,0.13528616468584947,0,0,0.002479264003341086,0.0,"{'Growth Department': 194.5, 'Compliance Department': 109.5, 'ESG Department': 112.5, 'Operations Department': 151.5, 'Risk Department': 102.1692205727581}",194.5,111.0,151.5,102.1692205727581,conservative,compressed,
independent,5,61.57848346801636,62.491917406594894,False,,100,664.5,131.78159540297747,658.9079770148874,0.14024980063793696,0,0,0.0022832719987491146,0.0,"{'Growth Department': 195.0, 'Compliance Department': 109.5, 'ESG Department': 105.0, 'Operations Department': 148.28174502249513, 'Risk Department': 101.12623199239223}",195.0,107.25,148.28174502249513,101.12623199239223,conservative,compressed,
independent,6,67.83059299358278,64.36961436985396,False,,100,674.0,134.204520920547,671.022604602735,0.13499085678557599,0,0,0.0024331920067197643,0.0,"{'Growth Department': 196.5, 'Compliance Department': 108.0, 'ESG Department': 108.5, 'Operations Department': 152.5, 'Risk Department': 105.52260460273497}",196.5,108.25,152.5,105.52260460273497,conservative,compressed,
independent,7,51.9676797693824,60.62739514425395,False,,100,668.0,132.2028014683192,661.014007341596,0.13789022414289037,0,0,0.0018771630057017319,0.0,"{'Growth Department': 196.0, 'Compliance Department': 108.0, 'ESG Department': 108.0, 'Operations Department': 147.29881292266631, 'Risk Department': 101.71519441892958}",196.0,108.0,147.29881292266631,101.71519441892958,conservative,compressed,
independent,8,66.31819357266605,66.64160473297416,False,,100,676.5,134.76459362118067,673.8229681059033,0.1296210275538577,0,0,0.00206050300039351,0.0,"{'Growth Department': 193.0, 'Compliance Department': 111.0, 'ESG Department': 113.5, 'Operations Department': 152.0, 'Risk Department': 104.32296810590329}",193.0,112.25,152.0,104.32296810590329,conservative,compressed,
independent,9,65.72550635832694,63.941559807114906,False,,100,677.5,134.93115539436948,674.6557769718474,0.13795980350199527,0,0,0.0020766020024893805,0.0,"{'Growth Department': 198.5, 'Compliance Department': 110.5, 'ESG Department': 108.0, 'Operations Department': 153.0, 'Risk Department': 104.65577697184746}",198.5,109.25,153.0,104.65577697184746,conservative,compressed,
independent,10,63.530392392703206,61.33781130353833,False,,100,666.0,132.22262466840886,661.1131233420443,0.13429319245439847,0,0,0.00198889499733923,0.0,"{'Growth Department': 191.5, 'Compliance Department': 108.0, 'ESG Department': 109.0, 'Operations Department': 150.72790881728093, 'Risk Department': 101.88521452476341}",191.5,108.5,150.72790881728093,101.88521452476341,conservative,compressed,
independent,11,68.2473037842843,63.39489637211373,False,,100,674.0,134.13642963751985,670.6821481875993,0.13516727960465005,0,0,0.001977804997295607,0.0,"{'Growth Department': 197.0, 'Compliance Department': 108.5, 'ESG Department': 110.0, 'Operations Department': 150.5, 'Risk Department': 104.6821481875993}",197.0,109.25,150.5,104.6821481875993,conservative,compressed,
independent,12,41.469214684915876,61.25174126464458,False,,100,671.0,131.66588745748336,658.3294372874168,0.1345438694570859,0,0,0.0020334059954620898,0.0,"{'Growth Department': 196.0, 'Compliance Department': 111.5, 'ESG Department': 109.0, 'Operations Department': 140.6981164167405, 'Risk Department': 101.13132087067635}",196.0,110.25,140.6981164167405,101.13132087067635,conservative,compressed,
independent,13,70.54686916060837,66.98525517413782,False,,100,669.0,133.1902418990409,665.9512094952045,0.13490332493267018,0,0,0.0021561089961323887,0.0,"{'Growth Department': 194.5, 'Compliance Department': 107.5, 'ESG Department': 110.5, 'Operations Department': 150.0, 'Risk Department': 103.45120949520452}",194.5,109.0,150.0,103.45120949520452,conservative,compressed,
independent,14,62.81508300690811,62.18136884819131,False,,100,672.0,133.66127692180345,668.3063846090172,0.13550911867479468,0,0,0.00237735499831615,0.0,"{'Growth Department': 195.0, 'Compliance Department': 110.5, 'ESG Department': 108.0, 'Operations Department': 151.33893072526666, 'Risk Department': 103.46745388375055}",195.0,109.25,151.33893072526666,103.46745388375055,conservative,compressed,
independent,15,65.11218337311965,66.33677852184448,False,,100,673.5,134.11256694308005,670.5628347154003,0.13414064658960143,0,0,0.00249315000110073,0.0,"{'Growth Department': 195.0, 'Compliance Department': 109.5, 'ESG Department': 111.0, 'Operations Department': 151.5, 'Risk Department': 103.56283471540033}",195.0,110.25,151.5,103.56283471540033,conservative,compressed,
independent,16,56.05662302181061,65.04953768535884,False,,100,666.0,132.56478038443962,662.823901922198,0.13569347484514652,0,0,0.0020964389987057075,0.0,"{'Growth Department': 192.5, 'Compliance Department': 108.0, 'ESG Department': 109.0, 'Operations Department': 151.5, 'Risk Department': 101.823901922198}",192.5,108.5,151.5,101.823901922198,conservative,compressed,
independent,17,57.06850017914333,61.26416995012765,False,,100,665.0,131.85078853334892,659.2539426667446,0.139825206587353,0,0,0.0028659789968514815,0.0,"{'Growth Department': 194.5, 'Compliance Department': 108.5, 'ESG Department': 109.0, 'Operations Department': 148.1528940502502, 'Risk Department': 99.10104861649437}",194.5,108.75,148.1528940502502,99.10104861649437,conservative,compressed,
independent,18,55.654154195799315,54.48784480185768,False,,100,667.0,130.61642962081308,653.0821481040654,0.13399227089640586,0,0,0.001988659001654014,0.0,"{'Growth Department': 195.0, 'Compliance Department': 109.5, 'ESG Department': 107.5, 'Operations Department': 139.47806549134896, 'Risk Department': 101.60408261271638}",195.0,108.5,139.47806549134896,101.60408261271638,conservative,compressed,
independent,19,57.75995417743738,61.030561172940814,False,,100,667.0,132.48741810934555,662.4370905467277,0.13856421780521638,0,0,0.001978253996639978,0.0,"{'Growth Department': 194.0, 'Compliance Department': 109.0, 'ESG Department': 106.5, 'Operations Department': 151.28312477846063, 'Risk Department': 101.65396576826711}",194.0,107.75,151.28312477846063,101.65396576826711,conservative,compressed,
voting,0,64.16991390944068,64.97829903299876,False,,100,607.5,120.30671379049667,601.5335689524834,0.007478867913722276,500,100,0.00243509699794231,1.0,"{'Growth Department': 121.5, 'Compliance Department': 121.5, 'ESG Department': 121.5, 'Operations Department': 120.814113174631, 'Risk Department': 116.21945577785243}",121.5,121.5,120.814113174631,116.21945577785243,conservative,compressed,
voting,1,64.77930432152229,68.41369812688521,False,,100,610.0,121.12469989672613,605.6234994836307,0.005781150196583517,500,100,0.002461000003677327,1.0,"{'Growth Department': 122.0, 'Compliance Department': 122.0, 'ESG Department': 122.0, 'Operations Department': 122.0, 'Risk Department': 117.62349948363071}",122.0,122.0,122.0,117.62349948363071,conservative,compressed,
voting,2,64.73036194531129,65.23466308286909,False,,100,625.0,123.27766262113212,616.3883131056606,0.008870829806575563,500,100,0.002399867997155525,1.0,"{'Growth Department': 125.0, 'Compliance Department': 125.0, 'ESG Department': 125.0, 'Operations Department': 121.44631576212757, 'Risk Department': 119.94199734353296}",125.0,125.0,121.44631576212757,119.94199734353296,conservative,compressed,
voting,3,59.92074155065929,68.42157127638565,False,,100,647.5,128.53397765219273,642.6698882609637,0.006012557086944171,500,100,0.002388531996984966,1.0,"{'Growth Department': 129.5, 'Compliance Department': 129.5, 'ESG Department': 129.5, 'Operations Department': 129.5, 'Risk Department': 124.66988826096372}",129.5,129.5,129.5,124.66988826096372,conservative,compressed,
voting,4,58.31590611761469,67.71064557596,False,,100,650.0,129.1276938698845,645.6384693494225,0.005404300837243881,500,100,0.051559119994635694,1.0,"{'Growth Department': 130.0, 'Compliance Department': 130.0, 'ESG Department': 130.0, 'Operations Department': 130.0, 'Risk Department': 125.63846934942246}",130.0,130.0,130.0,125.63846934942246,conservative,compressed,
voting,5,65.59138474547032,66.69398890547842,False,,100,627.5,124.50239354123055,622.5119677061527,0.006410199389068438,500,100,0.002172294996853452,1.0,"{'Growth Department': 125.5, 'Compliance Department': 125.5, 'ESG Department': 125.5, 'Operations Department': 125.5, 'Risk Department': 120.51196770615275}",125.5,125.5,125.5,120.51196770615275,conservative,compressed,
voting,6,70.67244498126155,68.91821942578434,False,,100,632.5,125.7031910702326,628.515955351163,0.0050710498149387105,500,100,0.002360229002078995,1.0,"{'Growth Department': 126.5, 'Compliance Department': 126.5, 'ESG Department': 126.5, 'Operations Department': 126.5, 'Risk Department': 122.51595535116306}",126.5,126.5,126.5,122.51595535116306,conservative,compressed,
voting,7,61.8859244326035,67.00446926678237,False,,100,617.5,122.55849835393235,612.7924917696618,0.005985868711226239,500,100,0.0023405039974022657,1.0,"{'Growth Department': 123.5, 'Compliance Department': 123.5, 'ESG Department': 123.5, 'Operations Department': 123.25522204671971, 'Risk Department': 119.03726972294207}",123.5,123.5,123.25522204671971,119.03726972294207,conservative,compressed,
voting,8,69.9481974478479,69.5163124462013,False,,100,645.0,128.1663842923582,640.831921461791,0.005203334476474098,500,100,0.00235066899767844,1.0,"{'Growth Department': 129.0, 'Compliance Department': 129.0, 'ESG Department': 129.0, 'Operations Department': 129.0, 'Risk Department': 124.831921461791}",129.0,129.0,129.0,124.831921461791,conservative,compressed,
voting,9,71.64323571075157,67.83127856933878,False,,100,637.5,126.59323252041766,632.9661626020883,0.00573027459069646,500,100,0.0023338170067290775,1.0,"{'Growth Department': 127.5, 'Compliance Department': 127.5, 'ESG Department': 127.5, 'Operations Department': 127.5, 'Risk Department': 122.96616260208823}",127.5,127.5,127.5,122.96616260208823,conservative,compressed,
voting,10,70.72964523515758,68.10207739824524,False,,100,612.5,121.59991912974647,607.9995956487323,0.005921588610881656,500,100,0.002480809998814948,1.0,"{'Growth Department': 122.5, 'Compliance Department': 122.5, 'ESG Department': 122.5, 'Operations Department': 122.5, 'Risk Department': 117.99959564873228}",122.5,122.5,122.5,117.99959564873228,conservative,compressed,
voting,11,71.66399533892194,67.47973419368068,False,,100,635.0,126.05606579310509,630.2803289655254,0.0059905674571451685,500,100,0.002345398999750614,1.0,"{'Growth Department': 127.0, 'Compliance Department': 127.0, 'ESG Department': 127.0, 'Operations Department': 127.0, 'Risk Department': 122.28032896552547}",127.0,127.0,127.0,122.28032896552547,conservative,compressed,
voting,12,69.30195961561631,67.61714755808094,False,,100,620.0,123.03731113903287,615.1865556951643,0.006259492195041716,500,100,0.0023648659989703447,1.0,"{'Growth Department': 124.0, 'Compliance Department': 124.0, 'ESG Department': 124.0, 'Operations Department': 124.0, 'Risk Department': 119.18655569516436}",124.0,124.0,124.0,119.18655569516436,conservative,compressed,
voting,13,70.83636251730499,68.9582842959337,False,,100,645.0,128.1110580653584,640.555290326792,0.005551070754176912,500,100,0.0023797229951014742,1.0,"{'Growth Department': 129.0, 'Compliance Department': 129.0, 'ESG Department': 129.0, 'Operations Department': 129.0, 'Risk Department': 124.555290326792}",129.0,129.0,129.0,124.555290326792,conservative,compressed,
voting,14,67.86120706799676,67.56396948908363,False,,100,625.0,123.96690213471024,619.8345106735512,0.006666927042620685,500,100,0.002502545998140704,1.0,"{'Growth Department': 125.0, 'Compliance Department': 125.0, 'ESG Department': 125.0, 'Operations Department': 125.0, 'Risk Department': 119.8345106735512}",125.0,125.0,125.0,119.8345106735512,conservative,compressed,
voting,15,68.40953949257126,68.87802652264757,False,,100,645.0,128.14190250329585,640.7095125164793,0.005357170324091776,500,100,0.0025173960020765662,1.0,"{'Growth Department': 129.0, 'Compliance Department': 129.0, 'ESG Department': 129.0, 'Operations Department': 129.0, 'Risk Department': 124.70951251647931}",129.0,129.0,129.0,124.70951251647931,conservative,compressed,
voting,16,64.13162844040957,68.34023043432136,False,,100,627.5,124.62334735194929,623.1167367597465,0.00562753395204485,500,100,0.0024535269985790364,0.99,"{'Growth Department': 125.5, 'Compliance Department': 125.5, 'ESG Department': 125.5, 'Operations Department': 125.5, 'Risk Department': 121.11673675974644}",125.5,125.5,125.5,121.11673675974644,conservative,compressed,
voting,17,69.09170263770885,67.08372619198809,False,,100,610.0,120.8854663240846,604.427331620423,0.0073757993234846,500,100,0.002477104004356079,0.99,"{'Growth Department': 122.0, 'Compliance Department': 122.0, 'ESG Department': 122.0, 'Operations Department': 122.0, 'Risk Department': 116.42733162042306}",122.0,122.0,122.0,116.42733162042306,conservative,compressed,
voting,18,58.852765390893694,65.40519423178036,False,,100,612.5,121.32395590673256,606.6197795336628,0.007452803566495625,500,100,0.002396805000898894,1.0,"{'Growth Department': 122.5, 'Compliance Department': 122.5, 'ESG Department': 122.5, 'Operations Department': 122.04210420836375, 'Risk Department': 117.0776753252991}",122.5,122.5,122.04210420836375,117.0776753252991,conservative,compressed,
voting,19,67.58487908778464,67.79784936595425,False,,100,610.0,121.02374427851385,605.1187213925692,0.006453316924252483,500,100,0.002355397999053821,1.0,"{'Growth Department': 122.0, 'Compliance Department': 122.0, 'ESG Department': 122.0, 'Operations Department': 122.0, 'Risk Department': 117.11872139256926}",122.0,122.0,122.0,117.11872139256926,conservative,compressed,
adaptive_voting,0,63.92347214000377,66.67733930671233,False,,100,592.5,117.47270516320684,587.3635258160342,0.006862475438702198,500,100,0.002387833003012929,1.0,"{'Growth Department': 118.5, 'Compliance Department': 118.5, 'ESG Department': 118.5, 'Operations Department': 118.30397105582368, 'Risk Department': 113.55955476021056}",118.5,118.5,118.30397105582368,113.55955476021056,conservative,compressed,
adaptive_voting,1,64.79588091816909,69.04951970812832,False,,100,602.5,119.63159510383062,598.1579755191531,0.00580719429789891,500,100,0.002445491998514626,1.0,"{'Growth Department': 120.5, 'Compliance Department': 120.5, 'ESG Department': 120.5, 'Operations Department': 120.5, 'Risk Department': 116.15797551915304}",120.5,120.5,120.5,116.15797551915304,conservative,compressed,
adaptive_voting,2,67.77235083601417,68.72053065038259,False,,100,597.5,118.5475609910244,592.737804955122,0.006235460612034593,500,100,0.0024838710014591925,1.0,"{'Growth Department': 119.5, 'Compliance Department': 119.5, 'ESG Department': 119.5, 'Operations Department': 119.21559300039772, 'Risk Department': 115.02221195472431}",119.5,119.5,119.21559300039772,115.02221195472431,conservative,compressed,
adaptive_voting,3,61.97066303555559,70.16826171183082,False,,100,627.5,124.68683160187581,623.4341580093791,0.005217349018671769,500,100,0.003147535004245583,1.0,"{'Growth Department': 125.5, 'Compliance Department': 125.5, 'ESG Department': 125.5, 'Operations Department': 125.5, 'Risk Department': 121.43415800937908}",125.5,125.5,125.5,121.43415800937908,conservative,compressed,
adaptive_voting,4,70.32320990681077,70.35116426328419,False,,100,615.0,122.2826442498604,611.413221249302,0.004693099365262831,500,100,0.002925137996498961,1.0,"{'Growth Department': 123.0, 'Compliance Department': 123.0, 'ESG Department': 123.0, 'Operations Department': 123.0, 'Risk Department': 119.41322124930191}",123.0,123.0,123.0,119.41322124930191,conservative,compressed,
adaptive_voting,5,70.21321419628943,68.781197730419,False,,100,605.0,120.11669579764535,600.5834789882267,0.005832195467572454,500,100,0.002342810003028717,1.0,"{'Growth Department': 121.0, 'Compliance Department': 121.0, 'ESG Department': 121.0, 'Operations Department': 120.92375858658862, 'Risk Department': 116.6597204016381}",121.0,121.0,120.92375858658862,116.6597204016381,conservative,compressed,
adaptive_voting,6,69.62301037458194,69.89791439586841,False,,100,622.5,123.75007340109217,618.7503670054608,0.004848007460826231,500,100,0.002476366003975272,1.0,"{'Growth Department': 124.5, 'Compliance Department': 124.5, 'ESG Department': 124.5, 'Operations Department': 124.5, 'Risk Department': 120.7503670054608}",124.5,124.5,124.5,120.7503670054608,conservative,compressed,
adaptive_voting,7,68.86126874263596,68.60062668772353,False,,100,597.5,118.5978331854661,592.9891659273305,0.006085553439230651,500,100,0.002618833997985348,1.0,"{'Growth Department': 119.5, 'Compliance Department': 119.5, 'ESG Department': 119.5, 'Operations Department': 119.5, 'Risk Department': 114.9891659273305}",119.5,119.5,119.5,114.9891659273305,conservative,compressed,
adaptive_voting,8,69.86299474739336,70.79376001475023,False,,100,630.0,125.25100771041062,626.2550385520531,0.004783944198332257,500,100,0.00291269500303315,1.0,"{'Growth Department': 126.0, 'Compliance Department': 126.0, 'ESG Department': 126.0, 'Operations Department': 126.0, 'Risk Department': 122.25503855205311}",126.0,126.0,126.0,122.25503855205311,conservative,compressed,
adaptive_voting,9,71.44242904770054,70.32606208352512,False,,100,612.5,121.79198250808376,608.9599125404188,0.004650667325292801,500,100,0.0025354259996674955,1.0,"{'Growth Department': 122.5, 'Compliance Department': 122.5, 'ESG Department': 122.5, 'Operations Department': 122.5, 'Risk Department': 118.95991254041886}",122.5,122.5,122.5,118.95991254041886,conservative,compressed,
adaptive_voting,10,70.84043437206772,69.36102911817922,False,,100,600.0,119.150832981077,595.754164905385,0.005701459218890115,500,100,0.002678661003301386,1.0,"{'Growth Department': 120.0, 'Compliance Department': 120.0, 'ESG Department': 120.0, 'Operations Department': 120.0, 'Risk Department': 115.75416490538501}",120.0,120.0,120.0,115.75416490538501,conservative,compressed,
adaptive_voting,11,72.70163534015936,68.78814708211199,False,,100,620.0,123.1428952128011,615.7144760640055,0.005568196432073691,500,100,0.0026947630030917935,1.0,"{'Growth Department': 124.0, 'Compliance Department': 124.0, 'ESG Department': 124.0, 'Operations Department': 124.0, 'Risk Department': 119.71447606400545}",124.0,124.0,124.0,119.71447606400545,conservative,compressed,
adaptive_voting,12,70.51186150379172,69.15073084299769,False,,100,605.0,120.14020430727278,600.7010215363639,0.0057252820414932515,500,100,0.0025005990028148517,1.0,"{'Growth Department': 121.0, 'Compliance Department': 121.0, 'ESG Department': 121.0, 'Operations Department': 121.0, 'Risk Department': 116.70102153636395}",121.0,121.0,121.0,116.70102153636395,conservative,compressed,
adaptive_voting,13,70.8791858289533,70.52705882946054,False,,100,630.0,125.17025778602029,625.8512889301014,0.005303126980201078,500,100,0.0025282140049966983,1.0,"{'Growth Department': 126.0, 'Compliance Department': 126.0, 'ESG Department': 126.0, 'Operations Department': 126.0, 'Risk Department': 121.85128893010139}",126.0,126.0,126.0,121.85128893010139,conservative,compressed,
adaptive_voting,14,69.39157508227888,69.49160832866617,False,,100,605.0,120.14905438219137,600.7452719109568,0.005665933017512082,500,100,0.0031019289963296615,1.0,"{'Growth Department': 121.0, 'Compliance Department': 121.0, 'ESG Department': 121.0, 'Operations Department': 121.0, 'Risk Department': 116.74527191095679}",121.0,121.0,121.0,116.74527191095679,conservative,compressed,
adaptive_voting,15,68.5486091288687,70.20912570822303,False,,100,630.0,125.1917688392814,625.958844196407,0.005164755914623953,500,100,0.002522438000596594,1.0,"{'Growth Department': 126.0, 'Compliance Department': 126.0, 'ESG Department': 126.0, 'Operations Department': 126.0, 'Risk Department': 121.95884419640691}",126.0,126.0,126.0,121.95884419640691,conservative,compressed,
adaptive_voting,16,69.7092082697474,69.5305061262688,False,,100,612.5,121.66173026205873,608.3086513102936,0.005512134250503742,500,100,0.0024739979999139905,0.99,"{'Growth Department': 122.5, 'Compliance Department': 122.5, 'ESG Department': 122.5, 'Operations Department': 122.5, 'Risk Department': 118.30865131029361}",122.5,122.5,122.5,118.30865131029361,conservative,compressed,
adaptive_voting,17,69.20375665695735,68.76630514526659,False,,100,592.5,117.53402393079003,587.6701196539501,0.006574954464445426,500,100,0.0026635000031092204,0.99,"{'Growth Department': 118.5, 'Compliance Department': 118.5, 'ESG Department': 118.5, 'Operations Department': 118.5, 'Risk Department': 113.67011965395012}",118.5,118.5,118.5,113.67011965395012,conservative,compressed,
adaptive_voting,18,68.13641582046172,68.39015097218604,False,,100,577.5,114.57894781265345,572.8947390632673,0.0064308650406012195,500,100,0.0024833060015225783,1.0,"{'Growth Department': 115.5, 'Compliance Department': 115.5, 'ESG Department': 115.5, 'Operations Department': 115.5, 'Risk Department': 110.89473906326721}",115.5,115.5,115.5,110.89473906326721,conservative,compressed,
adaptive_voting,19,70.22290293159382,68.99265095839135,False,,100,592.5,117.55461266933312,587.7730633466656,0.006433689392188491,500,100,0.002999343996634707,1.0,"{'Growth Department': 118.5, 'Compliance Department': 118.5, 'ESG Department': 118.5, 'Operations Department': 118.5, 'Risk Department': 113.77306334666554}",118.5,118.5,118.5,113.77306334666554,conservative,compressed,
centralized_profit,0,64.97004982629284,66.94445136886293,False,,100,588.5,116.7476482092627,583.7382410463135,0.03759740777000218,600,100,0.002005786998779513,0.95,"{'Growth Department': 123.0, 'Compliance Department': 123.0, 'ESG Department': 118.5, 'Operations Department': 121.42204689576614, 'Risk Department': 97.81619415054742}",123.0,120.75,121.42204689576614,97.81619415054742,conservative,compressed,
centralized_profit,1,64.91658154285558,69.56847422494393,False,,100,595.5,118.37488018245907,591.8744009122953,0.03632608411011464,600,100,0.002880017003917601,0.95,"{'Growth Department': 123.0, 'Compliance Department': 124.5, 'ESG Department': 123.0, 'Operations Department': 123.5, 'Risk Department': 97.87440091229534}",123.0,123.75,123.5,97.87440091229534,conservative,compressed,
centralized_profit,2,65.37143869157204,68.58011454928278,False,,100,601.5,119.42211713550205,597.1105856775102,0.036767661097226956,600,100,0.002886886002670508,0.95,"{'Growth Department': 124.0, 'Compliance Department': 126.0, 'ESG Department': 123.0, 'Operations Department': 124.70235682813801, 'Risk Department': 99.40822884937225}",124.0,124.5,124.70235682813801,99.40822884937225,conservative,compressed,
centralized_profit,3,62.066876097562115,70.58226694387575,False,,100,622.0,123.66332850753588,618.3166425376794,0.04649185221972196,600,100,0.002023219996772241,0.92,"{'Growth Department': 131.5, 'Compliance Department': 132.0, 'ESG Department': 127.0, 'Operations Department': 129.5, 'Risk Department': 98.31664253767939}",131.5,129.5,129.5,98.31664253767939,conservative,compressed,
centralized_profit,4,69.35268396952114,70.43220669152696,False,,100,614.5,122.21831688247225,611.0915844123613,0.04144506832714061,600,100,0.002156542999728117,0.92,"{'Growth Department': 128.5, 'Compliance Department': 130.0, 'ESG Department': 126.0, 'Operations Department': 127.0, 'Risk Department': 99.59158441236131}",128.5,128.0,127.0,99.59158441236131,conservative,compressed,
centralized_profit,5,69.35491632020666,68.76777125610526,False,,100,607.0,120.63027150035717,603.1513575017858,0.04522731095484715,600,100,0.0019095610041404143,0.92,"{'Growth Department': 127.5, 'Compliance Department': 129.5, 'ESG Department': 123.0, 'Operations Department': 125.5, 'Risk Department': 97.6513575017858}",127.5,126.25,125.5,97.6513575017858,conservative,compressed,
centralized_profit,6,70.94000251773207,70.39695373852737,False,,100,616.0,122.53758855954227,612.6879427977113,0.040884835512588855,600,100,0.0020440459993551485,0.97,"{'Growth Department': 129.5, 'Compliance Department': 129.5, 'ESG Department': 125.5, 'Operations Department': 128.0, 'Risk Department': 100.18794279771136}",129.5,127.5,128.0,100.18794279771136,conservative,compressed,
centralized_profit,7,68.1538493792867,68.81698083978158,False,,100,597.0,118.6287646084869,593.1438230424345,0.03824526309604579,600,100,0.0020518919991445728,0.96,"{'Growth Department': 125.0, 'Compliance Department': 125.5, 'ESG Department': 122.0, 'Operations Department': 122.0, 'Risk Department': 98.64382304243455}",125.0,123.75,122.0,98.64382304243455,conservative,compressed,
centralized_profit,8,69.27852987911395,70.91189117799057,False,,100,629.0,125.1543803792453,625.7719018962265,0.04471673847647306,600,100,0.0019485489974613301,0.93,"{'Growth Department': 132.0, 'Compliance Department': 133.5, 'ESG Department': 129.5, 'Operations Department': 131.0, 'Risk Department': 99.77190189622648}",132.0,131.5,131.0,99.77190189622648,conservative,compressed,
centralized_profit,9,70.3700222873746,70.2935320837341,False,,100,613.0,121.95064417120275,609.7532208560137,0.04165197074241682,600,100,0.0019695829978445545,0.94,"{'Growth Department': 129.0, 'Compliance Department': 129.5, 'ESG Department': 124.0, 'Operations Department': 127.0, 'Risk Department': 100.25322085601368}",129.0,126.75,127.0,100.25322085601368,conservative,compressed,
centralized_profit,10,70.35372327011811,69.21120766003918,False,,100,601.5,119.4822028816523,597.4110144082615,0.038283841311571185,600,100,0.002315965997695457,0.94,"{'Growth Department': 125.0, 'Compliance Department': 126.5, 'ESG Department': 123.0, 'Operations Department': 124.0, 'Risk Department': 98.91101440826155}",125.0,124.75,124.0,98.91101440826155,conservative,compressed,
centralized_profit,11,71.26610177492509,69.14137617484187,False,,100,618.5,122.9200592295272,614.600296147636,0.042173365753902736,600,100,0.002551672005211003,0.95,"{'Growth Department': 129.5, 'Compliance Department': 130.5, 'ESG Department': 127.5, 'Operations Department': 128.0, 'Risk Department': 99.10029614763596}",129.5,129.0,128.0,99.10029614763596,conservative,compressed,
centralized_profit,12,68.8147441155332,68.89472049581104,False,,100,608.5,120.90455899769442,604.5227949884721,0.04297896493666169,600,100,0.002160809002816677,0.94,"{'Growth Department': 128.5, 'Compliance Department': 128.5, 'ESG Department': 122.5, 'Operations Department': 126.0, 'Risk Department': 99.02279498847217}",128.5,125.5,126.0,99.02279498847217,conservative,compressed,
centralized_profit,13,72.63083330569955,70.80282235795124,False,,100,625.5,124.40586112658839,622.0293056329419,0.04208251163827494,600,100,0.0021332350006559864,0.94,"{'Growth Department': 131.0, 'Compliance Department': 132.0, 'ESG Department': 129.5, 'Operations Department': 129.5, 'Risk Department': 100.029305632942}",131.0,130.75,129.5,100.029305632942,conservative,compressed,
centralized_profit,14,70.89174385712705,69.45828787462045,False,,100,603.0,119.79148718354084,598.9574359177042,0.03945864906013785,600,100,0.0021426530001917854,0.93,"{'Growth Department': 126.5, 'Compliance Department': 127.0, 'ESG Department': 121.5, 'Operations Department': 124.0, 'Risk Department': 99.95743591770415}",126.5,124.25,124.0,99.95743591770415,conservative,compressed,
centralized_profit,15,68.37211144623238,70.40299656499886,False,,100,627.5,124.82005501070496,624.1002750535248,0.043454202860035984,600,100,0.0020634890024666674,0.95,"{'Growth Department': 131.0, 'Compliance Department': 132.5, 'ESG Department': 129.5, 'Operations Department': 131.5, 'Risk Department': 99.60027505352484}",131.0,131.0,131.5,99.60027505352484,conservative,compressed,
centralized_profit,16,70.99519387275092,69.78518368871143,False,,100,608.5,120.96931757074648,604.8465878537324,0.04219703017186589,600,100,0.002056006000202615,0.89,"{'Growth Department': 126.5, 'Compliance Department': 129.5, 'ESG Department': 125.0, 'Operations Department': 125.5, 'Risk Department': 98.34658785373247}",126.5,127.25,125.5,98.34658785373247,conservative,compressed,
centralized_profit,17,69.45048601276777,68.97120829746599,False,,100,590.5,117.14528613511636,585.7264306755818,0.039641126374908,600,100,0.002220956994278822,0.95,"{'Growth Department': 124.0, 'Compliance Department': 124.0, 'ESG Department': 119.5, 'Operations Department': 121.0, 'Risk Department': 97.22643067558178}",124.0,121.75,121.0,97.22643067558178,conservative,compressed,
centralized_profit,18,68.28654321810019,67.92908261991889,False,,100,582.5,115.56928593523908,577.8464296761954,0.041053911628972095,600,100,0.002063200001430232,0.92,"{'Growth Department': 122.5, 'Compliance Department': 123.0, 'ESG Department': 115.5, 'Operations Department': 120.0, 'Risk Department': 96.84642967619543}",122.5,119.25,120.0,96.84642967619543,conservative,compressed,
centralized_profit,19,70.0433390116332,68.94524423254762,False,,100,594.0,117.97904222169,589.89521110845,0.0391320876632717,600,100,0.001946151998708956,0.97,"{'Growth Department': 123.5, 'Compliance Department': 125.0, 'ESG Department': 120.0, 'Operations Department': 123.5, 'Risk Department': 97.89521110845001}",123.5,122.5,123.5,97.89521110845001,conservative,compressed,
centralized_sustainability,0,64.38687374670069,67.64229078706775,False,,100,583.0,115.65247257726165,578.2623628863082,0.0321148389037079,600,100,0.0018910079961642623,0.97,"{'Growth Department': 120.5, 'Compliance Department': 119.5, 'ESG Department': 120.5, 'Operations Department': 119.97586617152236, 'Risk Department': 97.78649671478587}",120.5,120.0,119.97586617152236,97.78649671478587,conservative,compressed,
centralized_sustainability,1,63.60265886738482,69.40723082497448,False,,100,599.5,119.09357510510358,595.4678755255179,0.04034759987410297,600,100,0.002112084999680519,0.95,"{'Growth Department': 125.5, 'Compliance Department': 121.5, 'ESG Department': 126.0, 'Operations Department': 124.5, 'Risk Department': 97.96787552551787}",125.5,123.75,124.5,97.96787552551787,conservative,compressed,
centralized_sustainability,2,67.52161187189135,68.57414016891136,False,,100,597.5,118.60985767146126,593.0492883573063,0.03730667212208534,600,100,0.0019070869966526516,0.95,"{'Growth Department': 124.0, 'Compliance Department': 121.0, 'ESG Department': 125.5, 'Operations Department': 123.2051575485338, 'Risk Department': 99.34413080877248}",124.0,123.25,123.2051575485338,99.34413080877248,conservative,compressed,
centralized_sustainability,3,62.10357848013777,70.38187718429927,False,,100,624.5,124.14293562166158,620.7146781083079,0.046765862862821986,600,100,0.0019996639966848306,0.92,"{'Growth Department': 132.0, 'Compliance Department': 128.0, 'ESG Department': 132.5, 'Operations Department': 130.0, 'Risk Department': 98.21467810830785}",132.0,130.25,130.0,98.21467810830785,conservative,compressed,
centralized_sustainability,4,70.01221571665388,70.12514027300912,False,,100,617.5,122.84693929080132,614.2346964540066,0.046256330032835004,600,100,0.0022741580032743514,0.91,"{'Growth Department': 130.5, 'Compliance Department': 125.0, 'ESG Department': 131.5, 'Operations Department': 128.5, 'Risk Department': 98.73469645400655}",130.5,128.25,128.5,98.73469645400655,conservative,compressed,
centralized_sustainability,5,69.99879801056869,69.0250824895246,False,,100,603.5,119.92557974101173,599.6278987050587,0.0388535641624852,600,100,0.0018962449976243079,0.97,"{'Growth Department': 125.0, 'Compliance Department': 125.5, 'ESG Department': 126.5, 'Operations Department': 125.0, 'Risk Department': 97.62789870505861}",125.0,126.0,125.0,97.62789870505861,conservative,compressed,
centralized_sustainability,6,69.97772206864025,70.46365503108487,False,,100,616.5,122.67591600304536,613.3795800152268,0.04091485404061803,600,100,0.001997362000111025,0.95,"{'Growth Department': 129.5, 'Compliance Department': 127.0, 'ESG Department': 129.5, 'Operations Department': 128.0, 'Risk Department': 99.37958001522682}",129.5,128.25,128.0,99.37958001522682,conservative,compressed,
centralized_sustainability,7,68.44688607529133,68.94372328773723,False,,100,596.5,118.53603003648041,592.680150182402,0.04092575033365549,600,100,0.002024162000452634,0.96,"{'Growth Department': 125.5, 'Compliance Department': 122.0, 'ESG Department': 126.0, 'Operations Department': 121.5, 'Risk Department': 97.68015018240197}",125.5,124.0,121.5,97.68015018240197,conservative,compressed,
centralized_sustainability,8,69.28234172263797,70.75354256036152,False,,100,630.5,125.46689886407498,627.3344943203749,0.044525535892874404,600,100,0.0023343630018644035,0.92,"{'Growth Department': 132.5, 'Compliance Department': 129.0, 'ESG Department': 134.0, 'Operations Department': 131.0, 'Risk Department': 100.8344943203749}",132.5,131.5,131.0,100.8344943203749,conservative,compressed,
centralized_sustainability,9,71.46592165252642,70.26431239419745,False,,100,613.0,121.93789998377902,609.6894999188951,0.04042779163518943,600,100,0.002024619003350381,0.96,"{'Growth Department': 128.5, 'Compliance Department': 124.5, 'ESG Department': 129.0, 'Operations Department': 127.5, 'Risk Department': 100.18949991889511}",128.5,126.75,127.5,100.18949991889511,conservative,compressed,
centralized_sustainability,10,70.37903092545737,69.37843812251717,False,,100,600.5,119.28275952427971,596.4137976213985,0.03901479475438343,600,100,0.0020192470037727617,0.94,"{'Growth Department': 125.0, 'Compliance Department': 122.0, 'ESG Department': 126.5, 'Operations Department': 124.0, 'Risk Department': 98.91379762139849}",125.0,124.25,124.0,98.91379762139849,conservative,compressed,
centralized_sustainability,11,71.31804746977429,69.17195308682129,False,,100,617.5,122.69514270049478,613.4757135024739,0.04143510270829705,600,100,0.0022144639951875433,0.93,"{'Growth Department': 130.0, 'Compliance Department': 126.5, 'ESG Department': 130.0, 'Operations Department': 127.0, 'Risk Department': 99.97571350247388}",130.0,128.25,127.0,99.97571350247388,conservative,compressed,
centralized_sustainability,12,68.67679836507342,69.06797519184295,False,,100,605.5,120.29445942664344,601.4722971332172,0.039273899074015614,600,100,0.002081628997984808,0.95,"{'Growth Department': 126.5, 'Compliance Department': 124.5, 'ESG Department': 127.0, 'Operations Department': 125.0, 'Risk Department': 98.47229713321725}",126.5,125.75,125.0,98.47229713321725,conservative,compressed,
centralized_sustainability,13,73.04421463348505,70.74577988199613,False,,100,625.5,124.4114456518594,622.057228259297,0.04525985088437334,600,100,0.003005744998517912,0.91,"{'Growth Department': 132.5, 'Compliance Department': 128.0, 'ESG Department': 133.0, 'Operations Department': 128.5, 'Risk Department': 100.05722825929698}",132.5,130.5,128.5,100.05722825929698,conservative,compressed,
centralized_sustainability,14,70.90073838546019,69.50381686000533,False,,100,602.0,119.58674851313317,597.9337425656659,0.03888893416131918,600,100,0.0024116569984471425,0.98,"{'Growth Department': 125.5, 'Compliance Department': 123.5, 'ESG Department': 126.0, 'Operations Department': 125.0, 'Risk Department': 97.93374256566588}",125.5,124.75,125.0,97.93374256566588,conservative,compressed,
centralized_sustainability,15,69.86286591324469,70.4026746456248,False,,100,627.0,124.69463845177602,623.4731922588801,0.04494410752669662,600,100,0.0020647199999075383,0.92,"{'Growth Department': 132.0, 'Compliance Department': 129.0, 'ESG Department': 133.0, 'Operations Department': 130.0, 'Risk Department': 99.47319225888008}",132.0,131.0,130.0,99.47319225888008,conservative,compressed,
centralized_sustainability,16,69.65557921865613,69.91433637651785,False,,100,608.0,120.85800085613596,604.2900042806798,0.040655970480102256,600,100,0.002070636001008097,0.91,"{'Growth Department': 127.0, 'Compliance Department': 125.0, 'ESG Department': 128.5, 'Operations Department': 125.0, 'Risk Department': 98.79000428067978}",127.0,126.75,125.0,98.79000428067978,conservative,compressed,
centralized_sustainability,17,70.25931446253533,68.7822072620804,False,,100,591.5,117.33812521427134,586.6906260713567,0.038943010383356125,600,100,0.0022552509981323965,0.95,"{'Growth Department': 124.0, 'Compliance Department': 121.0, 'ESG Department': 124.0, 'Operations Department': 120.5, 'Risk Department': 97.19062607135679}",124.0,122.5,120.5,97.19062607135679,conservative,compressed,
centralized_sustainability,18,68.07055585745852,68.08489121054086,False,,100,580.0,115.07158239384125,575.3579119692063,0.036001365400088046,600,100,0.002073760006169323,0.96,"{'Growth Department': 121.0, 'Compliance Department': 117.5, 'ESG Department': 121.0, 'Operations Department': 119.0, 'Risk Department': 96.85791196920623}",121.0,119.25,119.0,96.85791196920623,conservative,compressed,
centralized_sustainability,19,68.98201239151781,69.1255559247457,False,,100,592.5,117.64447077133029,588.2223538566515,0.03539837746416748,600,100,0.001955913998244796,0.98,"{'Growth Department': 122.0, 'Compliance Department': 121.5, 'ESG Department': 123.5, 'Operations Department': 123.0, 'Risk Department': 98.22235385665145}",122.0,122.5,123.0,98.22235385665145,conservative,compressed,
centralized_risk_averse,0,69.68168631760676,72.11099222643816,False,,100,526.0,104.34700624263249,521.7350312131624,0.006923006532782239,600,100,0.0019542520021786913,0.96,"{'Growth Department': 106.5, 'Compliance Department': 104.5, 'ESG Department': 104.0, 'Operations Department': 104.5, 'Risk Department': 102.23503121316243}",106.5,104.25,104.5,102.23503121316243,conservative,compressed,
centralized_risk_averse,1,70.66280175940847,75.05272748813898,False,,100,518.5,103.10962517091662,515.5481258545831,0.004968496999358862,600,100,0.0019176429996150546,0.96,"{'Growth Department': 105.0, 'Compliance Department': 102.5, 'ESG Department': 103.0, 'Operations Department': 103.0, 'Risk Department': 102.04812585458305}",105.0,102.75,103.0,102.04812585458305,conservative,compressed,
centralized_risk_averse,2,69.74227441576053,73.36166989335125,False,,100,531.5,105.57290165654726,527.8645082827363,0.006362246157378948,600,100,0.002066497996565886,0.95,"{'Growth Department': 108.0, 'Compliance Department': 104.5, 'ESG Department': 104.5, 'Operations Department': 105.89600984859652, 'Risk Department': 104.96849843413986}",108.0,104.5,105.89600984859652,104.96849843413986,conservative,compressed,
centralized_risk_averse,3,68.21484445294693,77.46218206336404,False,,100,516.5,102.7355585455899,513.6777927279495,0.004784644873565646,600,100,0.001992700999835506,0.98,"{'Growth Department': 104.0, 'Compliance Department': 103.0, 'ESG Department': 102.5, 'Operations Department': 103.0, 'Risk Department': 101.17779272794955}",104.0,102.75,103.0,101.17779272794955,conservative,compressed,
centralized_risk_averse,4,72.08468527573062,77.01389256546359,False,,100,520.0,103.499706104772,517.49853052386,0.004253491461480507,600,100,0.0022068589969421737,0.97,"{'Growth Department': 105.0, 'Compliance Department': 103.5, 'ESG Department': 103.5, 'Operations Department': 103.0, 'Risk Department': 102.49853052386004}",105.0,103.5,103.0,102.49853052386004,conservative,compressed,
centralized_risk_averse,5,75.1385578974843,75.23272995276886,False,,100,516.5,102.6590733326728,513.295366663364,0.005773881592920205,600,100,0.0018628499965416268,0.97,"{'Growth Department': 104.5, 'Compliance Department': 102.5, 'ESG Department': 102.0, 'Operations Department': 103.0, 'Risk Department': 101.29536666336396}",104.5,102.25,103.0,101.29536666336396,conservative,compressed,
centralized_risk_averse,6,78.19187093823687,76.03256743115546,False,,100,531.5,105.7554395878994,528.777197939497,0.007942853845374387,600,100,0.00201555199600989,0.95,"{'Growth Department': 108.5, 'Compliance Department': 104.5, 'ESG Department': 104.0, 'Operations Department': 106.0, 'Risk Department': 105.77719793949706}",108.5,104.25,106.0,105.77719793949706,conservative,compressed,
centralized_risk_averse,7,73.12585428081937,74.70869905663822,False,,100,519.5,103.2749410334856,516.374705167428,0.005229217928446062,600,100,0.0020015359987155534,0.97,"{'Growth Department': 105.0, 'Compliance Department': 103.0, 'ESG Department': 103.0, 'Operations Department': 103.5, 'Risk Department': 101.87470516742799}",105.0,103.0,103.5,101.87470516742799,conservative,compressed,
centralized_risk_averse,8,79.11259795876289,77.32195579443464,False,,100,528.0,105.11708595163671,525.5854297581835,0.003359735633346972,600,100,0.001929438003571704,0.95,"{'Growth Department': 106.5, 'Compliance Department': 105.0, 'ESG Department': 104.5, 'Operations Department': 105.0, 'Risk Department': 104.5854297581835}",106.5,104.75,105.0,104.5854297581835,conservative,compressed,
centralized_risk_averse,9,76.38289925602923,76.17294777974958,False,,100,528.5,105.14766132040236,525.7383066020118,0.005706261009188829,600,100,0.003381509995961096,0.95,"{'Growth Department': 107.5, 'Compliance Department': 104.0, 'ESG Department': 104.5, 'Operations Department': 105.0, 'Risk Department': 104.73830660201183}",107.5,104.25,105.0,104.73830660201183,conservative,compressed,
centralized_risk_averse,10,78.68168855833694,75.01408669281254,False,,100,520.5,103.49640378730787,517.4820189365394,0.004279153226075571,600,100,0.0021422249992610887,0.98,"{'Growth Department': 104.5, 'Compliance Department': 103.5, 'ESG Department': 103.5, 'Operations Department': 104.0, 'Risk Department': 101.9820189365394}",104.5,103.5,104.0,101.9820189365394,conservative,compressed,
centralized_risk_averse,11,79.68594338296316,75.19302892217833,False,,100,531.0,105.54067319143692,527.7033659571846,0.005909861142290218,600,100,0.002188225000281818,0.94,"{'Growth Department': 108.0, 'Compliance Department': 104.5, 'ESG Department': 105.5, 'Operations Department': 105.0, 'Risk Department': 104.70336595718462}",108.0,105.0,105.0,104.70336595718462,conservative,compressed,
centralized_risk_averse,12,73.37527347552151,75.12876319243225,False,,100,520.5,103.45333008864316,517.2666504432158,0.0057739652128516285,600,100,0.002146147999155801,0.99,"{'Growth Department': 104.5, 'Compliance Department': 103.5, 'ESG Department': 103.5, 'Operations Department': 104.5, 'Risk Department': 101.26665044321574}",104.5,103.5,104.5,101.26665044321574,conservative,compressed,
centralized_risk_averse,13,80.09761135766429,77.30083419199995,False,,100,526.0,104.66545292955114,523.3272646477557,0.004467927508743941,600,100,0.0022077059984439984,0.95,"{'Growth Department': 106.5, 'Compliance Department': 104.0, 'ESG Department': 104.5, 'Operations Department': 104.5, 'Risk Department': 103.82726464775568}",106.5,104.25,104.5,103.82726464775568,conservative,compressed,
centralized_risk_averse,14,74.3575221541687,74.99118977404355,False,,100,527.5,104.83198784259415,524.1599392129707,0.005097773465167066,600,100,0.002148243998817634,0.96,"{'Growth Department': 106.5, 'Compliance Department': 105.0, 'ESG Department': 104.0, 'Operations Department': 105.0, 'Risk Department': 103.65993921297066}",106.5,104.5,105.0,103.65993921297066,conservative,compressed,
centralized_risk_averse,15,76.63718519997154,76.97771016902102,False,,100,525.5,104.570800906495,522.854004532475,0.004431057912794678,600,100,0.0026951830004691146,0.96,"{'Growth Department': 106.5, 'Compliance Department': 104.0, 'ESG Department': 104.0, 'Operations Department': 104.5, 'Risk Department': 103.854004532475}",106.5,104.0,104.5,103.854004532475,conservative,compressed,
centralized_risk_averse,16,74.26490491939211,76.15629190578476,False,,100,519.5,103.32622886326631,516.6311443163315,0.003668157771329383,600,100,0.002054242002486717,0.97,"{'Growth Department': 104.0, 'Compliance Department': 103.0, 'ESG Department': 103.5, 'Operations Department': 104.0, 'Risk Department': 102.13114431633153}",104.0,103.25,104.0,102.13114431633153,conservative,compressed,
centralized_risk_averse,17,75.8252638684062,74.40083730953113,False,,100,514.0,102.07541349705524,510.3770674852762,0.006070699898498866,600,100,0.003012832996319048,1.0,"{'Growth Department': 103.0, 'Compliance Department': 102.5, 'ESG Department': 102.5, 'Operations Department': 103.0, 'Risk Department': 99.3770674852762}",103.0,102.5,103.0,99.3770674852762,conservative,compressed,
centralized_risk_averse,18,68.49220322372148,73.13046842634148,False,,100,520.0,103.20690628773295,516.0345314386648,0.005760030904872693,600,100,0.0020752370037371293,0.95,"{'Growth Department': 105.0, 'Compliance Department': 103.0, 'ESG Department': 103.0, 'Operations Department': 103.5, 'Risk Department': 101.53453143866477}",105.0,103.0,103.5,101.53453143866477,conservative,compressed,
centralized_risk_averse,19,75.92300333142603,74.38162988278391,False,,100,520.5,103.36554918800024,516.8277459400013,0.005297322501560941,600,100,0.001975582003069576,0.98,"{'Growth Department': 104.5, 'Compliance Department': 103.0, 'ESG Department': 103.0, 'Operations Department': 104.5, 'Risk Department': 101.82774594000126}",104.5,103.0,104.5,101.82774594000126,conservative,compressed,
structured_debate,0,48.82652885152515,57.06094600571081,False,,100,661.0,129.93987114515377,649.6993557257689,0.1404918475388291,1500,200,0.005050716994446702,0.07,"{'Growth Department': 195.0, 'Compliance Department': 107.0, 'ESG Department': 104.0, 'Operations Department': 143.1974561760961, 'Risk Department': 100.50189954967274}",195.0,105.5,143.1974561760961,100.50189954967274,conservative,compressed,
structured_debate,1,58.211717847751146,63.02089369987356,False,,100,656.0,130.4797242160246,652.398621080123,0.14125981573248597,1500,200,0.0030474079976556823,0.06,"{'Growth Department': 191.5, 'Compliance Department': 104.0, 'ESG Department': 106.0, 'Operations Department': 151.06383821833708, 'Risk Department': 99.83478286178591}",191.5,105.0,151.06383821833708,99.83478286178591,conservative,compressed,
structured_debate,2,58.930808680356066,57.58605217373764,False,,100,657.0,127.37338240220785,636.8669120110393,0.12132433073730783,1500,200,0.002958226003102027,0.1,"{'Growth Department': 189.0, 'Compliance Department': 108.5, 'ESG Department': 108.5, 'Operations Department': 128.46748456442225, 'Risk Department': 102.3994274466171}",189.0,108.5,128.46748456442225,102.3994274466171,conservative,compressed,
structured_debate,3,56.80668469357249,67.045694948642,False,,100,666.0,132.52971075509956,662.6485537754978,0.1374501709249328,1500,200,0.0028312340000411496,0.09,"{'Growth Department': 191.0, 'Compliance Department': 109.0, 'ESG Department': 109.0, 'Operations Department': 154.0, 'Risk Department': 99.64855377549783}",191.0,109.0,154.0,99.64855377549783,conservative,compressed,
structured_debate,4,61.900983717521214,66.37578257402728,False,,100,663.0,132.04729351860317,660.2364675930158,0.1333019762547245,1500,200,0.002848825002729427,0.1,"{'Growth Department': 189.5, 'Compliance Department': 108.0, 'ESG Department': 110.0, 'Operations Department': 151.5, 'Risk Department': 101.23646759301582}",189.5,109.0,151.5,101.23646759301582,conservative,compressed,
structured_debate,5,64.70289785742612,63.40186571761417,False,,100,655.5,130.03988781292225,650.1994390646112,0.1388107178566928,1500,200,0.0028459579989430495,0.09,"{'Growth Department': 190.5, 'Compliance Department': 107.0, 'ESG Department': 104.5, 'Operations Department': 148.51183511522203, 'Risk Department': 99.68760394938903}",190.5,105.75,148.51183511522203,99.68760394938903,conservative,compressed,
structured_debate,6,68.84218401688874,65.54020403662474,False,,100,665.5,132.52240598870577,662.6120299435289,0.1353889938473083,1500,200,0.0028991720027988777,0.08,"{'Growth Department': 192.5, 'Compliance Department': 107.0, 'ESG Department': 107.5, 'Operations Department': 152.5, 'Risk Department': 103.1120299435289}",192.5,107.25,152.5,103.1120299435289,conservative,compressed,
structured_debate,7,56.106970950752526,61.48987321217548,False,,100,660.0,130.80363818023358,654.0181909011678,0.13779144557657083,1500,200,0.0029151900016586296,0.08,"{'Growth Department': 192.0, 'Compliance Department': 107.0, 'ESG Department': 106.5, 'Operations Department': 148.2772205654832, 'Risk Department': 100.24097033568462}",192.0,106.75,148.2772205654832,100.24097033568462,conservative,compressed,
structured_debate,8,67.53359762458724,67.38594727084396,False,,100,669.0,133.27507621144537,666.3753810572268,0.12650481628008875,1500,200,0.0028998740017414093,0.09,"{'Growth Department': 188.5, 'Compliance Department': 110.0, 'ESG Department': 112.5, 'Operations Department': 151.5, 'Risk Department': 103.87538105722678}",188.5,111.25,151.5,103.87538105722678,conservative,compressed,
structured_debate,9,66.30623794437705,65.42256216051086,False,,100,665.5,132.5568143625687,662.7840718128435,0.13605146288909004,1500,200,0.004240409005433321,0.13,"{'Growth Department': 192.0, 'Compliance Department': 108.5, 'ESG Department': 107.0, 'Operations Department': 153.0, 'Risk Department': 102.28407181284356}",192.0,107.75,153.0,102.28407181284356,conservative,compressed,
structured_debate,10,64.49506409912264,62.12286414448295,False,,100,662.0,131.59823983311068,657.9911991655534,0.13421406361861515,1500,200,0.0031321900023613125,0.04,"{'Growth Department': 189.5, 'Compliance Department': 107.0, 'ESG Department': 108.5, 'Operations Department': 151.5871933314478, 'Risk Department': 101.40400583410565}",189.5,107.75,151.5871933314478,101.40400583410565,conservative,compressed,
structured_debate,11,68.64419730384071,64.64422199329887,False,,100,664.0,132.12542264289664,660.6271132144832,0.1342638042765527,1500,200,0.003033043998584617,0.11,"{'Growth Department': 191.5, 'Compliance Department': 108.5, 'ESG Department': 108.5, 'Operations Department': 150.5, 'Risk Department': 101.62711321448319}",191.5,108.5,150.5,101.62711321448319,conservative,compressed,
structured_debate,12,43.39413126969193,62.16368769480375,False,,100,666.5,131.13779053498573,655.6889526749286,0.13372371644222358,1500,200,0.0029684860055567697,0.06,"{'Growth Department': 193.0, 'Compliance Department': 110.5, 'ESG Department': 108.5, 'Operations Department': 143.0269381014531, 'Risk Department': 100.66201457347556}",193.0,109.5,143.0269381014531,100.66201457347556,conservative,compressed,
structured_debate,13,70.60388152483141,67.78537411618188,False,,100,661.5,131.70147401900357,658.5073700950179,0.13301917017473402,1500,200,0.0043630580039462075,0.08,"{'Growth Department': 190.5, 'Compliance Department': 107.5, 'ESG Department': 109.0, 'Operations Department': 149.5, 'Risk Department': 102.00737009501786}",190.5,108.25,149.5,102.00737009501786,conservative,compressed,
structured_debate,14,65.04871672246958,63.36699496656395,False,,100,661.5,131.59725785127543,657.9862892563772,0.1324316665758797,1500,200,0.003286634004325606,0.1,"{'Growth Department': 190.0, 'Compliance Department': 108.0, 'ESG Department': 108.0, 'Operations Department': 149.93937689616882, 'Risk Department': 102.04691236020834}",190.0,108.0,149.93937689616882,102.04691236020834,conservative,compressed,
structured_debate,15,65.30193793483024,66.9154461647894,False,,100,668.0,133.02827047777842,665.1413523888921,0.13243338092349433,1500,200,0.003864786005578935,0.08,"{'Growth Department': 191.0, 'Compliance Department': 110.0, 'ESG Department': 111.0, 'Operations Department': 151.5, 'Risk Department': 101.64135238889206}",191.0,110.5,151.5,101.64135238889206,conservative,compressed,
structured_debate,16,58.703601628398346,65.59092174375985,False,,100,660.0,131.38109466833953,656.9054733416976,0.1343810105243623,1500,200,0.002906590001657605,0.06,"{'Growth Department': 189.5, 'Compliance Department': 107.5, 'ESG Department': 107.0, 'Operations Department': 151.5, 'Risk Department': 101.40547334169761}",189.5,107.25,151.5,101.40547334169761,conservative,compressed,
structured_debate,17,59.38139335537285,62.07071308419517,False,,100,658.0,130.52874043525733,652.6437021762866,0.13736884691539403,1500,200,0.002955399002530612,0.08,"{'Growth Department': 190.5, 'Compliance Department': 107.0, 'ESG Department': 107.5, 'Operations Department': 148.47322879631645, 'Risk Department': 99.17047337997022}",190.5,107.25,148.47322879631645,99.17047337997022,conservative,compressed,
structured_debate,18,60.60283516945006,56.40236447277278,False,,100,658.0,129.4357595822343,647.1787979111716,0.13463917153988286,1500,200,0.0030596639990108088,0.1,"{'Growth Department': 190.0, 'Compliance Department': 107.5, 'ESG Department': 106.5, 'Operations Department': 143.56554626489566, 'Risk Department': 99.61325164627601}",190.0,107.0,143.56554626489566,99.61325164627601,conservative,compressed,
structured_debate,19,58.890307087957964,61.24733883300259,False,,100,665.0,132.10574428074165,660.5287214037082,0.13787111676363537,1500,200,0.0030085690013947897,0.02,"{'Growth Department': 193.0, 'Compliance Department': 108.0, 'ESG Department': 106.5, 'Operations Department': 151.40900799779334, 'Risk Department': 101.61971340591494}",193.0,107.25,151.40900799779334,101.61971340591494,conservative,compressed,
independent,0,3.0121322911233612,37.13273572747582,True,24.0,25,198.0,27.900027982195457,139.50013991097728,0.5505366810715699,0,0,0.0005706459996872582,0.0,"{'Growth Department': 42.5, 'Trading/Opportunity Team': 41.5, 'Compliance Department': -8.5, 'Operations Department': -1.499860089022726, 'Saboteur Department': 65.5}",42.0,-8.5,-1.499860089022726,,free_rider,compressed,65.5
independent,1,0.6708099937440615,45.602189036910225,True,34.0,35,286.5,49.945532614415534,249.72766307207766,0.3552227001201917,0,0,0.0007254800002556294,0.0,"{'Growth Department': 62.0, 'Trading/Opportunity Team': 59.5, 'Compliance Department': 7.5, 'Operations Department': 22.22766307207767, 'Saboteur Department': 98.5}",60.75,7.5,22.22766307207767,,free_rider,compressed,98.5
independent,2,4.849061277002146,50.050905131284466,True,35.0,36,297.5,52.56703003458718,262.83515017293587,0.3255498356080853,0,0,0.0007509569986723363,0.0,"{'Growth Department': 61.5, 'Trading/Opportunity Team': 64.5, 'Compliance Department': 11.5, 'Operations Department': 26.085150172935847, 'Saboteur Department': 99.25}",63.0,11.5,26.085150172935847,,free_rider,compressed,99.25
independent,3,3.9885332269823213,45.39713170714742,True,44.0,45,373.5,67.71739824428542,338.58699122142707,0.31089559327631855,0,0,0.0008695689975866117,0.0,"{'Growth Department': 82.5, 'Trading/Opportunity Team': 79.0, 'Compliance Department': 21.0, 'Operations Department': 29.83699122142704, 'Saboteur Department': 126.25}",80.75,21.0,29.83699122142704,,free_rider,compressed,126.25
independent,4,2.5388270631124055,46.50010130209645,True,38.0,39,320.5,56.94188699416526,284.7094349708263,0.3305693962032324,0,0,0.0008061280022957362,0.0,"{'Growth Department': 67.0, 'Trading/Opportunity Team': 70.0, 'Compliance Department': 14.0, 'Operations Department': 24.709434970826308, 'Saboteur Department': 109.0}",68.5,14.0,24.709434970826308,,free_rider,compressed,109.0
independent,5,0.0,45.08249897941624,True,22.0,23,189.0,27.8280541681114,139.140270840557,0.5098731749995866,0,0,0.00043405600445112213,0.0,"{'Growth Department': 37.5, 'Trading/Opportunity Team': 38.5, 'Compliance Department': -10.0, 'Operations Department': 9.140270840557015, 'Saboteur Department': 64.0}",38.0,-10.0,9.140270840557015,,free_rider,compressed,64.0
independent,6,0.6943400861509952,46.412482326233196,True,45.0,46,380.0,69.70984098285696,348.5492049142848,0.30492199246422763,0,0,0.0008419520017923787,0.0,"{'Growth Department': 83.0, 'Trading/Opportunity Team': 82.5, 'Compliance Department': 22.0, 'Operations Department': 31.79920491428478, 'Saboteur Department': 129.25}",82.75,22.0,31.79920491428478,,free_rider,compressed,129.25
independent,7,3.5650347371099773,46.33774281502601,True,23.0,24,195.5,29.09023982053835,145.45119910269176,0.4923955306023867,0,0,0.00042727500112960115,0.0,"{'Growth Department': 40.5, 'Trading/Opportunity Team': 39.0, 'Compliance Department': -8.0, 'Operations Department': 8.451199102691765, 'Saboteur Department': 65.5}",39.75,-8.0,8.451199102691765,,free_rider,compressed,65.5
independent,8,2.632754619696188,42.35719394217718,True,47.0,48,393.5,70.71607102217025,353.58035511085126,0.3375066351576743,0,0,0.0008980960046756081,0.0,"{'Growth Department': 86.0, 'Trading/Opportunity Team': 89.0, 'Compliance Department': 22.5, 'Operations Department': 20.080355110851258, 'Saboteur Department': 136.0}",87.5,22.5,20.080355110851258,,free_rider,compressed,136.0
independent,9,1.9564357383068902,47.82224289903727,True,34.0,35,295.0,55.0004708381302,275.002354190651,0.2709033475113147,0,0,0.0006653609962086193,0.0,"{'Growth Department': 64.5, 'Trading/Opportunity Team': 63.0, 'Compliance Department': 24.0, 'Operations Department': 25.752354190651005, 'Saboteur Department': 97.75}",63.75,24.0,25.752354190651005,,free_rider,compressed,97.75
independent,10,0.444867897071906,45.160692169948256,True,41.0,42,348.0,62.26732379841091,311.3366189920545,0.31690892231888784,0,0,0.000801829002739396,0.0,"{'Growth Department': 76.0, 'Trading/Opportunity Team': 75.0, 'Compliance Department': 18.5, 'Operations Department': 25.33661899205454, 'Saboteur Department': 116.5}",75.5,18.5,25.33661899205454,,free_rider,compressed,116.5
independent,11,0.0,47.5151180202735,True,32.0,33,272.5,47.0679985662782,235.339992831391,0.3487040255254799,0,0,0.0006477529968833551,0.0,"{'Growth Department': 58.0, 'Trading/Opportunity Team': 58.0, 'Compliance Department': 6.5, 'Operations Department': 21.839992831390997, 'Saboteur Department': 91.0}",58.0,6.5,21.839992831390997,,free_rider,compressed,91.0
independent,12,4.656409733561755,47.2092327660528,True,53.0,54,451.5,86.44220833365124,432.2110416682562,0.26796072327460757,0,0,0.0011901999969268218,0.0,"{'Growth Department': 99.5, 'Trading/Opportunity Team': 100.5, 'Compliance Department': 34.0, 'Operations Department': 46.46104166825622, 'Saboteur Department': 151.75}",100.0,34.0,46.46104166825622,,free_rider,compressed,151.75
independent,13,3.3598669710787057,45.549686036946625,True,44.0,45,372.5,68.97967433698237,344.89837168491187,0.3010760845832602,0,0,0.0008707649976713583,0.0,"{'Growth Department': 82.0, 'Trading/Opportunity Team': 80.5, 'Compliance Department': 25.5, 'Operations Department': 28.398371684911854, 'Saboteur Department': 128.5}",81.25,25.5,28.398371684911854,,free_rider,compressed,128.5
independent,14,0.0,43.89703883353498,True,30.0,31,253.5,40.33204163628414,201.6602081814207,0.4211833236382477,0,0,0.000624036998488009,0.0,"{'Growth Department': 53.5, 'Trading/Opportunity Team': 53.0, 'Compliance Department': 1.0, 'Operations Department': 9.160208181420707, 'Saboteur Department': 85.0}",53.25,1.0,9.160208181420707,,free_rider,compressed,85.0
independent,15,4.9264866260523235,47.67726599941338,True,54.0,55,455.0,87.57293614162936,437.86468070814675,0.2648172662138718,0,0,0.0012134439966757782,0.0,"{'Growth Department': 101.5, 'Trading/Opportunity Team': 100.5, 'Compliance Department': 35.5, 'Operations Department': 47.11468070814675, 'Saboteur Department': 153.25}",101.0,35.5,47.11468070814675,,free_rider,compressed,153.25
independent,16,1.6533236450843471,43.41576263540456,True,44.0,45,368.0,66.18363525038333,330.91817625191663,0.33160079250436103,0,0,0.0009722359973238781,0.0,"{'Growth Department': 81.0, 'Trading/Opportunity Team': 82.0, 'Compliance Department': 18.5, 'Operations Department': 23.168176251916606, 'Saboteur Department': 126.25}",81.5,18.5,23.168176251916606,,free_rider,compressed,126.25
independent,17,0.0,41.00269871576436,True,33.0,34,277.5,46.520072688636546,232.60036344318272,0.3742894178408841,0,0,0.0007303430029423907,0.0,"{'Growth Department': 60.0, 'Trading/Opportunity Team': 59.0, 'Compliance Department': 8.5, 'Operations Department': 11.850363443182722, 'Saboteur Department': 93.25}",59.5,8.5,11.850363443182722,,free_rider,compressed,93.25
independent,18,3.7225997658623307,48.740466672758075,True,25.0,26,213.0,37.44956172826956,187.2478086413478,0.2948011885639312,0,0,0.0005974169980618171,0.0,"{'Growth Department': 44.5, 'Trading/Opportunity Team': 43.0, 'Compliance Department': 14.5, 'Operations Department': 15.997808641347797, 'Saboteur Department': 69.25}",43.75,14.5,15.997808641347797,,free_rider,compressed,69.25
independent,19,0.17928074129170923,45.381181483124976,True,37.0,38,308.5,52.561731725503456,262.8086586275173,0.3747081129795097,0,0,0.0007919280033092946,0.0,"{'Growth Department': 64.5, 'Trading/Opportunity Team': 67.0, 'Compliance Department': 7.5, 'Operations Department': 17.808658627517243, 'Saboteur Department': 106.0}",65.75,7.5,17.808658627517243,,free_rider,compressed,106.0
voting,0,1.9137286573074803,39.09470129925908,True,15.0,16,145.0,19.488275132934657,97.44137566467329,0.35327343748299195,80,16,0.0005029140011174604,1.0,"{'Growth Department': 24.0, 'Trading/Opportunity Team': 24.0, 'Compliance Department': 4.0, 'Operations Department': 6.941375664673285, 'Saboteur Department': 38.5}",24.0,4.0,6.941375664673285,,free_rider,compressed,38.5
voting,1,0.7631012787710638,41.64560137728644,True,24.0,25,225.0,35.112408002117704,175.56204001058853,0.2664310803915441,125,25,0.0006734810012858361,1.0,"{'Growth Department': 40.0, 'Trading/Opportunity Team': 40.0, 'Compliance Department': 15.0, 'Operations Department': 18.062040010588518, 'Saboteur Department': 62.5}",40.0,15.0,18.062040010588518,,free_rider,compressed,62.5
voting,2,3.7994592304478836,49.780610949676486,True,26.0,27,252.5,44.69035307503991,223.45176537519953,0.16969789335183644,135,27,0.0007577590004075319,1.0,"{'Growth Department': 45.5, 'Trading/Opportunity Team': 45.5, 'Compliance Department': 30.5, 'Operations Department': 31.20176537519953, 'Saboteur Department': 70.75}",45.5,30.5,31.20176537519953,,free_rider,compressed,70.75
voting,3,0.0,44.33938706320101,True,25.0,26,245.0,38.93205762465045,194.66028812325223,0.26474780884978627,130,26,0.0006788309983676299,1.0,"{'Growth Department': 44.0, 'Trading/Opportunity Team': 44.0, 'Compliance Department': 14.0, 'Operations Department': 24.160288123252222, 'Saboteur Department': 68.5}",44.0,14.0,24.160288123252222,,free_rider,compressed,68.5
voting,4,0.0,45.29644031147972,True,25.0,26,245.0,41.1637280503247,205.8186402516235,0.20927426129476068,130,26,0.0007084140015649609,1.0,"{'Growth Department': 44.0, 'Trading/Opportunity Team': 44.0, 'Compliance Department': 24.0, 'Operations Department': 25.318640251623496, 'Saboteur Department': 68.5}",44.0,24.0,25.318640251623496,,free_rider,compressed,68.5
voting,5,0.5897312610680565,47.52708556940752,True,16.0,17,162.5,25.60568094295777,128.02840471478885,0.22876671922399777,85,17,0.00044551199971465394,1.0,"{'Growth Department': 27.5, 'Trading/Opportunity Team': 27.5, 'Compliance Department': 12.5, 'Operations Department': 16.77840471478884, 'Saboteur Department': 43.75}",27.5,12.5,16.77840471478884,,free_rider,compressed,43.75
voting,6,2.293927312741914,44.65036771285014,True,27.0,28,260.0,41.89975942539342,209.4987971269671,0.2548963616094163,140,28,0.0006886300034238957,1.0,"{'Growth Department': 47.0, 'Trading/Opportunity Team': 47.0, 'Compliance Department': 17.0, 'Operations Department': 25.498797126967094, 'Saboteur Department': 73.0}",47.0,17.0,25.498797126967094,,free_rider,compressed,73.0
voting,7,0.0,45.35541538512071,True,18.0,19,177.5,25.854414331324307,129.27207165662153,0.31399799521409033,95,19,0.00048463499842910096,1.0,"{'Growth Department': 30.5, 'Trading/Opportunity Team': 30.5, 'Compliance Department': 5.5, 'Operations Department': 14.522071656621542, 'Saboteur Department': 48.25}",30.5,5.5,14.522071656621542,,free_rider,compressed,48.25
voting,8,1.5531624736729768,45.71739023289181,True,24.0,25,235.0,39.22554870776359,196.12774353881798,0.21286586910744615,125,25,0.0006062219981686212,1.0,"{'Growth Department': 42.0, 'Trading/Opportunity Team': 42.0, 'Compliance Department': 22.0, 'Operations Department': 24.627743538817967, 'Saboteur Department': 65.5}",42.0,22.0,24.627743538817967,,free_rider,compressed,65.5
voting,9,0.18713782216412778,44.85903698116872,True,23.0,24,227.5,36.2920970988676,181.460485494338,0.25193256635308214,120,24,0.0005456940052681603,1.0,"{'Growth Department': 40.5, 'Trading/Opportunity Team': 40.5, 'Compliance Department': 15.5, 'Operations Department': 21.710485494337988, 'Saboteur Department': 63.25}",40.5,15.5,21.710485494337988,,free_rider,compressed,63.25
voting,10,4.62301419993679,45.622753817180914,True,23.0,24,227.5,36.46809843012187,182.34049215060935,0.24878622737448097,120,24,0.0005857340001966804,1.0,"{'Growth Department': 40.5, 'Trading/Opportunity Team': 40.5, 'Compliance Department': 15.5, 'Operations Department': 22.590492150609357, 'Saboteur Department': 63.25}",40.5,15.5,22.590492150609357,,free_rider,compressed,63.25
voting,11,0.0,45.10968605648483,True,23.0,24,227.5,37.654863417762826,188.27431708881414,0.21771569164761928,120,24,0.0006110679969424382,1.0,"{'Growth Department': 40.5, 'Trading/Opportunity Team': 40.5, 'Compliance Department': 20.5, 'Operations Department': 23.524317088814144, 'Saboteur Department': 63.25}",40.5,20.5,23.524317088814144,,free_rider,compressed,63.25
voting,12,4.499335432321228,45.118491101637616,True,26.0,27,255.0,42.32919752280888,211.6459876140444,0.22651790140150502,135,27,0.0007150219971663319,1.0,"{'Growth Department': 46.0, 'Trading/Opportunity Team': 46.0, 'Compliance Department': 21.0, 'Operations Department': 27.14598761404439, 'Saboteur Department': 71.5}",46.0,21.0,27.14598761404439,,free_rider,compressed,71.5
voting,13,3.3716916405494572,45.05851374210357,True,26.0,27,250.0,42.3975411546984,211.987705773492,0.2038086007533261,135,27,0.0007437669992214069,1.0,"{'Growth Department': 45.0, 'Trading/Opportunity Team': 45.0, 'Compliance Department': 25.0, 'Operations Department': 26.987705773491996, 'Saboteur Department': 70.0}",45.0,25.0,26.987705773491996,,free_rider,compressed,70.0
voting,14,2.077739134868704,48.239342359475266,True,20.0,21,192.5,30.217879442188746,151.08939721094373,0.24928447535625242,105,21,0.0006680280057480559,1.0,"{'Growth Department': 33.5, 'Trading/Opportunity Team': 33.5, 'Compliance Department': 13.5, 'Operations Department': 17.839397210943712, 'Saboteur Department': 52.75}",33.5,13.5,17.839397210943712,,free_rider,compressed,52.75
voting,15,3.254747346231225,45.19150600033456,True,27.0,28,260.0,43.415901213967324,217.0795060698366,0.2228132837030909,140,28,0.000977945004706271,1.0,"{'Growth Department': 47.0, 'Trading/Opportunity Team': 47.0, 'Compliance Department': 22.0, 'Operations Department': 28.07950606983662, 'Saboteur Department': 73.0}",47.0,22.0,28.07950606983662,,free_rider,compressed,73.0
voting,16,3.148505111742759,42.90641374792659,True,26.0,27,242.5,38.41639502883193,192.08197514415966,0.2669027632804147,135,27,0.0008113080039038323,1.0,"{'Growth Department': 43.5, 'Trading/Opportunity Team': 43.5, 'Compliance Department': 13.5, 'Operations Department': 23.831975144159664, 'Saboteur Department': 67.75}",43.5,13.5,23.831975144159664,,free_rider,compressed,67.75
voting,17,0.0,39.654150159452335,True,18.0,19,180.0,25.685258631729845,128.42629315864923,0.32882271766866966,95,19,0.0005604219986707903,1.0,"{'Growth Department': 31.0, 'Trading/Opportunity Team': 31.0, 'Compliance Department': 6.0, 'Operations Department': 11.426293158649237, 'Saboteur Department': 49.0}",31.0,6.0,11.426293158649237,,free_rider,compressed,49.0
voting,18,1.969419693319857,45.65916701169235,True,20.0,21,187.5,27.898047319811802,139.49023659905902,0.29897365132620146,105,21,0.0007419679968734272,1.0,"{'Growth Department': 32.5, 'Trading/Opportunity Team': 32.5, 'Compliance Department': 7.5, 'Operations Department': 15.740236599059006, 'Saboteur Department': 51.25}",32.5,7.5,15.740236599059006,,free_rider,compressed,51.25
voting,19,0.0,47.481616950103344,True,27.0,28,247.5,40.82148654997001,204.10743274985006,0.23055028553385473,140,28,0.0008481819968437776,1.0,"{'Growth Department': 44.5, 'Trading/Opportunity Team': 44.5, 'Compliance Department': 19.5, 'Operations Department': 26.35743274985007, 'Saboteur Department': 69.25}",44.5,19.5,26.35743274985007,,free_rider,compressed,69.25
adaptive_voting,0,2.44642963237823,36.67924535495387,True,69.0,70,482.5,73.46349995737664,367.3174997868832,0.3375091035879739,350,70,0.0021043839951744303,1.0,"{'Growth Department': 91.5, 'Trading/Opportunity Team': 91.5, 'Compliance Department': 16.5, 'Operations Department': 28.06749978688318, 'Saboteur Department': 139.75}",91.5,16.5,28.06749978688318,,free_rider,compressed,139.75
adaptive_voting,1,22.19109346744125,36.094469929909685,False,,100,657.5,126.0820915048234,630.410457524117,0.2012524260447453,500,100,0.002868887997465208,1.0,"{'Growth Department': 131.5, 'Trading/Opportunity Team': 131.5, 'Compliance Department': 131.5, 'Operations Department': 38.660457524116985, 'Saboteur Department': 197.25}",131.5,131.5,38.660457524116985,,free_rider,compressed,197.25
adaptive_voting,2,2.052824021147323,41.747870139357076,True,41.0,42,315.0,54.35236167758069,271.76180838790344,0.21706712079821083,210,42,0.0010959579958580434,1.0,"{'Growth Department': 58.0, 'Trading/Opportunity Team': 58.0, 'Compliance Department': 43.0, 'Operations Department': 23.261808387903443, 'Saboteur Department': 89.5}",58.0,43.0,23.261808387903443,,free_rider,compressed,89.5
adaptive_voting,3,24.673268236872985,42.18333431952959,False,,100,735.0,149.42890478395935,747.1445239197968,0.14439559872320426,500,100,0.0023456929993699305,1.0,"{'Growth Department': 147.0, 'Trading/Opportunity Team': 147.0, 'Compliance Department': 147.0, 'Operations Department': 85.64452391979684, 'Saboteur Department': 220.5}",147.0,147.0,85.64452391979684,,free_rider,compressed,220.5
adaptive_voting,4,28.636613768437257,42.003483582613605,False,,100,725.0,147.0851052804304,735.4255264021521,0.14639086489827252,500,100,0.002622506995976437,1.0,"{'Growth Department': 145.0, 'Trading/Opportunity Team': 145.0, 'Compliance Department': 145.0, 'Operations Department': 82.9255264021521, 'Saboteur Department': 217.5}",145.0,145.0,82.9255264021521,,free_rider,compressed,217.5
adaptive_voting,5,2.413862981000401,41.14788881074924,True,21.0,22,177.5,22.99654867808914,114.9827433904457,0.43751698003060413,110,22,0.000553222002054099,1.0,"{'Growth Department': 30.5, 'Trading/Opportunity Team': 30.5, 'Compliance Department': -4.5, 'Operations Department': 10.232743390445705, 'Saboteur Department': 48.25}",30.5,-4.5,10.232743390445705,,free_rider,compressed,48.25
adaptive_voting,6,40.67262968888679,42.482069184492886,False,,100,722.5,147.26007981332324,736.3003990666163,0.14200682340964904,500,100,0.002293808000104036,1.0,"{'Growth Department': 144.5, 'Trading/Opportunity Team': 144.5, 'Compliance Department': 144.5, 'Operations Department': 86.05039906661627, 'Saboteur Department': 216.75}",144.5,144.5,86.05039906661627,,free_rider,compressed,216.75
adaptive_voting,7,5.966519323501341,38.596371034476455,False,,100,687.5,127.42902486488853,637.1451243244427,0.21075873519839838,500,100,0.003180341998813674,1.0,"{'Growth Department': 137.5, 'Trading/Opportunity Team': 137.5, 'Compliance Department': 97.5, 'Operations Department': 58.39512432444269, 'Saboteur Department': 206.25}",137.5,97.5,58.39512432444269,,free_rider,compressed,206.25
adaptive_voting,8,2.066124749588413,39.35752183622315,True,78.0,79,597.5,102.1712623386356,510.856311693178,0.23669072472589808,395,79,0.0019413100017118268,1.0,"{'Growth Department': 114.5, 'Trading/Opportunity Team': 114.5, 'Compliance Department': 54.5, 'Operations Department': 53.106311693177986, 'Saboteur Department': 174.25}",114.5,54.5,53.106311693177986,,free_rider,compressed,174.25
adaptive_voting,9,41.13127682258006,41.662367524279965,False,,100,710.0,143.74411962232415,718.7205981116207,0.14835183768330557,500,100,0.0025091499992413446,1.0,"{'Growth Department': 142.0, 'Trading/Opportunity Team': 142.0, 'Compliance Department': 142.0, 'Operations Department': 79.72059811162072, 'Saboteur Department': 213.0}",142.0,142.0,79.72059811162072,,free_rider,compressed,213.0
adaptive_voting,10,3.5471920043440424,38.87469736341158,True,82.0,83,575.0,98.91286983718709,494.56434918593544,0.23929852777713573,415,83,0.0022224089989322238,1.0,"{'Growth Department': 110.0, 'Trading/Opportunity Team': 110.0, 'Compliance Department': 65.0, 'Operations Department': 42.06434918593546, 'Saboteur Department': 167.5}",110.0,65.0,42.06434918593546,,free_rider,compressed,167.5
adaptive_voting,11,4.945548818739967,39.418678644394994,True,39.0,40,295.0,40.31264669433689,201.56323347168444,0.43050860574488814,200,40,0.001075497995771002,1.0,"{'Growth Department': 54.0, 'Trading/Opportunity Team': 54.0, 'Compliance Department': -6.0, 'Operations Department': 16.063233471684427, 'Saboteur Department': 83.5}",54.0,-6.0,16.063233471684427,,free_rider,compressed,83.5
adaptive_voting,12,3.3033448592531265,39.55863422286525,True,73.0,74,555.0,95.53696418721303,477.68482093606514,0.23164257770283622,370,74,0.0019249239994678646,1.0,"{'Growth Department': 106.0, 'Trading/Opportunity Team': 106.0, 'Compliance Department': 56.0, 'Operations Department': 48.18482093606513, 'Saboteur Department': 161.5}",106.0,56.0,48.18482093606513,,free_rider,compressed,161.5
adaptive_voting,13,42.02793266116046,42.63842788091757,False,,100,745.0,153.0346961593579,765.1734807967896,0.13468999899898346,500,100,0.003266168998379726,0.99,"{'Growth Department': 149.0, 'Trading/Opportunity Team': 149.0, 'Compliance Department': 149.0, 'Operations Department': 94.67348079678965, 'Saboteur Department': 223.5}",149.0,149.0,94.67348079678965,,free_rider,compressed,223.5
adaptive_voting,14,2.158463223349587,37.50806986353971,True,98.0,99,670.0,108.61012891278646,543.0506445639323,0.28866457653269395,495,99,0.0025305320014012977,1.0,"{'Growth Department': 129.0, 'Trading/Opportunity Team': 129.0, 'Compliance Department': 49.0, 'Operations Department': 40.05064456393237, 'Saboteur Department': 196.0}",129.0,49.0,40.05064456393237,,free_rider,compressed,196.0
adaptive_voting,15,39.72148749932499,44.599692999983915,False,,100,735.0,151.39845829206442,756.9922914603221,0.13210988798686357,500,100,0.002500853006495163,1.0,"{'Growth Department': 147.0, 'Trading/Opportunity Team': 147.0, 'Compliance Department': 147.0, 'Operations Department': 95.49229146032212, 'Saboteur Department': 220.5}",147.0,147.0,95.49229146032212,,free_rider,compressed,220.5
adaptive_voting,16,16.930835214686233,40.20382117995042,False,,100,720.0,142.84234014488922,714.2117007244461,0.16217970008465646,500,100,0.0025736009993124753,1.0,"{'Growth Department': 144.0, 'Trading/Opportunity Team': 144.0, 'Compliance Department': 134.0, 'Operations Department': 76.21170072444613, 'Saboteur Department': 216.0}",144.0,134.0,76.21170072444613,,free_rider,compressed,216.0
adaptive_voting,17,0.0,36.65195035518555,True,85.0,86,590.0,100.36203112944081,501.81015564720406,0.25298785617142805,430,86,0.002118417003657669,1.0,"{'Growth Department': 113.0, 'Trading/Opportunity Team': 113.0, 'Compliance Department': 68.0, 'Operations Department': 35.81015564720406, 'Saboteur Department': 172.0}",113.0,68.0,35.81015564720406,,free_rider,compressed,172.0
adaptive_voting,18,0.0,36.023325953712444,True,44.0,45,297.5,44.52799106938342,222.63995534691708,0.33905879834031155,225,45,0.0011079309988417663,1.0,"{'Growth Department': 54.5, 'Trading/Opportunity Team': 54.5, 'Compliance Department': 24.5, 'Operations Department': 4.889955346917077, 'Saboteur Department': 84.25}",54.5,24.5,4.889955346917077,,free_rider,compressed,84.25
adaptive_voting,19,3.023511321695633,39.59858691302169,True,59.0,60,425.0,66.22228112437477,331.11140562187387,0.30973091234545935,300,60,0.001693221005552914,1.0,"{'Growth Department': 80.0, 'Trading/Opportunity Team': 80.0, 'Compliance Department': 20.0, 'Operations Department': 28.611405621873867, 'Saboteur Department': 122.5}",80.0,20.0,28.611405621873867,,free_rider,compressed,122.5
centralized_profit,0,2.3036611491191437,36.25160916098497,True,27.0,28,216.0,28.95839802130289,144.79199010651445,0.6007459659433241,168,28,0.0006445809995057061,0.2857142857142857,"{'Growth Department': 46.5, 'Trading/Opportunity Team': 46.5, 'Compliance Department': -15.0, 'Operations Department': -2.458009893485573, 'Saboteur Department': 69.25}",46.5,-15.0,-2.458009893485573,,free_rider,compressed,69.25
centralized_profit,1,0.0,46.41218857803783,True,37.0,38,299.0,51.19739780553392,255.98698902766958,0.35863230681231606,228,38,0.0007760590015095659,0.23684210526315788,"{'Growth Department': 64.5, 'Trading/Opportunity Team': 65.0, 'Compliance Department': 4.5, 'Operations Department': 23.486989027669573, 'Saboteur Department': 98.5}",64.75,4.5,23.486989027669573,,free_rider,compressed,98.5
centralized_profit,2,3.2845971558965985,49.1441510016897,True,36.0,37,302.0,51.96890644456663,259.84453222283315,0.34352151398867525,222,37,0.0008524169970769435,0.13513513513513514,"{'Growth Department': 63.0, 'Trading/Opportunity Team': 66.0, 'Compliance Department': 7.5, 'Operations Department': 24.844532222833166, 'Saboteur Department': 98.5}",64.5,7.5,24.844532222833166,,free_rider,compressed,98.5
centralized_profit,3,3.751511465143796,47.24017913940274,True,53.0,54,433.0,81.94384668649475,409.71923343247374,0.2689947106063174,324,54,0.0011143050069222227,0.2037037037037037,"{'Growth Department': 95.0, 'Trading/Opportunity Team': 96.0, 'Compliance Department': 34.5, 'Operations Department': 39.96923343247376, 'Saboteur Department': 144.25}",95.5,34.5,39.96923343247376,,free_rider,compressed,144.25
centralized_profit,4,4.20532163649462,46.35458095442509,True,41.0,42,337.5,60.14464100571765,300.72320502858827,0.31893354548228814,252,42,0.0009379350012750365,0.14285714285714285,"{'Growth Department': 71.5, 'Trading/Opportunity Team': 75.0, 'Compliance Department': 17.0, 'Operations Department': 25.22320502858826, 'Saboteur Department': 112.0}",73.25,17.0,25.22320502858826,,free_rider,compressed,112.0
centralized_profit,5,2.1947742414520803,44.62546504711238,True,23.0,24,191.5,27.914031279312923,139.5701563965646,0.4934574784432166,144,24,0.0004938909987686202,0.25,"{'Growth Department': 38.5, 'Trading/Opportunity Team': 39.5, 'Compliance Department': -9.0, 'Operations Department': 8.820156396564617, 'Saboteur Department': 61.75}",39.0,-9.0,8.820156396564617,,free_rider,compressed,61.75
centralized_profit,6,3.6000498766369553,46.132286368483214,True,48.0,49,397.5,73.11593512344436,365.5796756172218,0.29506052154292634,294,49,0.0009868299966910854,0.12244897959183673,"{'Growth Department': 86.0, 'Trading/Opportunity Team': 88.5, 'Compliance Department': 24.5, 'Operations Department': 34.329675617221795, 'Saboteur Department': 132.25}",87.25,24.5,34.329675617221795,,free_rider,compressed,132.25
centralized_profit,7,4.630435582817146,46.31640617178554,True,24.0,25,201.0,31.083891741346527,155.41945870673263,0.42550795806138114,150,25,0.0004840379988308996,0.2,"{'Growth Department': 41.5, 'Trading/Opportunity Team': 41.5, 'Compliance Department': -2.0, 'Operations Department': 9.66945870673262, 'Saboteur Department': 64.75}",41.5,-2.0,9.66945870673262,,free_rider,compressed,64.75
centralized_profit,8,2.314840765954923,41.64066485800022,True,49.0,50,404.5,71.40272622627631,357.0136311313816,0.3461747236463745,300,50,0.0010176750001846813,0.14,"{'Growth Department': 89.5, 'Trading/Opportunity Team': 91.5, 'Compliance Department': 19.5, 'Operations Department': 19.013631131381615, 'Saboteur Department': 137.5}",90.5,19.5,19.013631131381615,,free_rider,compressed,137.5
centralized_profit,9,4.274413832376249,48.83054711091526,True,35.0,36,298.0,54.619588636756134,273.09794318378067,0.28034199684530847,216,36,0.0008464200000162236,0.1111111111111111,"{'Growth Department': 64.5, 'Trading/Opportunity Team': 64.5, 'Compliance Department': 20.0, 'Operations Department': 27.097943183780693, 'Saboteur Department': 97.0}",64.5,20.0,27.097943183780693,,free_rider,compressed,97.0
centralized_profit,10,3.780284542013849,44.35822966583944,True,46.0,47,377.0,66.80012437591783,334.0006218795892,0.3248489497941103,282,47,0.0009525720015517436,0.19148936170212766,"{'Growth Department': 81.5, 'Trading/Opportunity Team': 83.5, 'Compliance Department': 17.5, 'Operations Department': 26.750621879589197, 'Saboteur Department': 124.75}",82.5,17.5,26.750621879589197,,free_rider,compressed,124.75
centralized_profit,11,3.844323545303009,47.50565838302467,True,33.0,34,275.0,47.299188529705745,236.4959426485287,0.3378562103254993,204,34,0.0007352869943133555,0.17647058823529413,"{'Growth Department': 58.5, 'Trading/Opportunity Team': 59.5, 'Compliance Department': 7.5, 'Operations Department': 22.245942648528704, 'Saboteur Department': 88.75}",59.0,7.5,22.245942648528704,,free_rider,compressed,88.75
centralized_profit,12,0.4585692611640706,46.425974192795195,True,56.0,57,470.0,87.70322118213485,438.51610591067424,0.2923348901165408,342,57,0.0012027449993183836,0.07017543859649122,"{'Growth Department': 104.0, 'Trading/Opportunity Team': 105.5, 'Compliance Department': 27.0, 'Operations Department': 45.01610591067423, 'Saboteur Department': 157.0}",104.75,27.0,45.01610591067423,,free_rider,compressed,157.0
centralized_profit,13,2.638832168585356,45.21451437484043,True,49.0,50,403.5,73.81485658411457,369.07428292057284,0.2968786824286836,300,50,0.0010247509999317117,0.2,"{'Growth Department': 88.0, 'Trading/Opportunity Team': 89.0, 'Compliance Department': 26.5, 'Operations Department': 31.07428292057285, 'Saboteur Department': 134.5}",88.5,26.5,31.07428292057285,,free_rider,compressed,134.5
centralized_profit,14,4.857643018105129,44.994846484420606,True,32.0,33,262.5,43.128938911622626,215.64469455811312,0.3688573110493071,198,33,0.0007606740036862902,0.24242424242424243,"{'Growth Department': 55.0, 'Trading/Opportunity Team': 56.5, 'Compliance Department': 8.5, 'Operations Department': 10.644694558113112, 'Saboteur Department': 85.0}",55.75,8.5,10.644694558113112,,free_rider,compressed,85.0
centralized_profit,15,0.7072491350842505,48.52527539217772,True,58.0,59,475.5,90.5456018522519,452.72800926125956,0.2659627719786403,354,59,0.001446679001674056,0.15254237288135594,"{'Growth Department': 105.0, 'Trading/Opportunity Team': 107.0, 'Compliance Department': 34.0, 'Operations Department': 50.47800926125955, 'Saboteur Department': 156.25}",106.0,34.0,50.47800926125955,,free_rider,compressed,156.25
centralized_profit,16,4.236417540371667,43.73849097879487,True,46.0,47,382.5,70.35763233930517,351.78816169652583,0.3057791090070149,282,47,0.0010187980005866848,0.0851063829787234,"{'Growth Department': 83.5, 'Trading/Opportunity Team': 86.5, 'Compliance Department': 26.0, 'Operations Department': 25.78816169652582, 'Saboteur Department': 130.0}",85.0,26.0,25.78816169652582,,free_rider,compressed,130.0
centralized_profit,17,3.448548434103433,41.49990191638564,True,35.0,36,288.5,48.66907425920032,243.34537129600162,0.35160665282399484,216,36,0.0013443600037135184,0.16666666666666666,"{'Growth Department': 62.0, 'Trading/Opportunity Team': 63.0, 'Compliance Department': 10.5, 'Operations Department': 14.595371296001609, 'Saboteur Department': 93.25}",62.5,10.5,14.595371296001609,,free_rider,compressed,93.25
centralized_profit,18,1.875397942133338,45.106911862754274,True,31.0,32,244.0,36.622644867734984,183.1132243386749,0.46667689115930966,192,32,0.0008503849967382848,0.375,"{'Growth Department': 49.5, 'Trading/Opportunity Team': 51.5, 'Compliance Department': -9.5, 'Operations Department': 13.363224338674902, 'Saboteur Department': 78.25}",50.5,-9.5,13.363224338674902,,free_rider,compressed,78.25
centralized_profit,19,1.7096367600391655,44.80527584658594,True,41.0,42,330.5,55.40412567878618,277.0206283939309,0.3833351662585214,252,42,0.0011815469988505356,0.21428571428571427,"{'Growth Department': 70.0, 'Trading/Opportunity Team': 73.5, 'Compliance Department': 6.0, 'Operations Department': 17.020628393930934, 'Saboteur Department': 110.5}",71.75,6.0,17.020628393930934,,free_rider,compressed,110.5
centralized_sustainability,0,63.6828426824427,66.92149219593303,False,,100,591.0,129.94804904279727,649.7402452139863,0.07173297971324093,600,100,0.002114560003974475,0.99,"{'Growth Department': 118.5, 'Trading/Opportunity Team': 118.5, 'Compliance Department': 118.5, 'Operations Department': 117.99024521398626, 'Saboteur Department': 176.25}",118.5,118.5,117.99024521398626,,free_rider,compressed,176.25
centralized_sustainability,1,62.34172886474022,69.1125785952539,False,,100,604.0,132.85,664.25,0.07467068121942048,600,100,0.0019968380001955666,0.99,"{'Growth Department': 121.5, 'Trading/Opportunity Team': 119.5, 'Compliance Department': 122.0, 'Operations Department': 120.5, 'Saboteur Department': 180.75}",120.5,122.0,120.5,,free_rider,compressed,180.75
centralized_sustainability,2,67.17045066780426,67.70598880029088,False,,100,606.0,133.3125584789251,666.5627923946255,0.07733669906642593,600,100,0.0018861549979192205,0.96,"{'Growth Department': 121.0, 'Trading/Opportunity Team': 121.5, 'Compliance Department': 122.0, 'Operations Department': 119.06279239462546, 'Saboteur Department': 183.0}",121.25,122.0,119.06279239462546,,free_rider,compressed,183.0
centralized_sustainability,3,61.76919640162771,69.76144663565195,False,,100,632.5,139.2,696.0,0.07614942528735628,600,100,0.002041399995505344,0.96,"{'Growth Department': 127.0, 'Trading/Opportunity Team': 126.0, 'Compliance Department': 127.5, 'Operations Department': 125.0, 'Saboteur Department': 190.5}",126.5,127.5,125.0,,free_rider,compressed,190.5
centralized_sustainability,4,66.9362624947553,69.30603807508615,False,,100,628.5,138.25,691.25,0.07493670886075954,600,100,0.0022263609935180284,0.95,"{'Growth Department': 126.0, 'Trading/Opportunity Team': 126.0, 'Compliance Department': 127.0, 'Operations Department': 124.0, 'Saboteur Department': 188.25}",126.0,127.0,124.0,,free_rider,compressed,188.25
centralized_sustainability,5,69.59660063091533,68.65327098500093,False,,100,607.5,133.692021602159,668.460108010795,0.07664169181885824,600,100,0.0018716949998633936,0.98,"{'Growth Department': 120.5, 'Trading/Opportunity Team': 122.5, 'Compliance Department': 122.5, 'Operations Department': 119.96010801079501, 'Saboteur Department': 183.0}",121.5,122.5,119.96010801079501,,free_rider,compressed,183.0
centralized_sustainability,6,70.95561628797203,70.04645670471058,False,,100,620.5,136.45,682.25,0.07328691828508607,600,100,0.0021190680054132827,0.97,"{'Growth Department': 124.5, 'Trading/Opportunity Team': 124.5, 'Compliance Department': 125.0, 'Operations Department': 123.0, 'Saboteur Department': 185.25}",124.5,125.0,123.0,,free_rider,compressed,185.25
centralized_sustainability,7,64.43599210755103,68.12368936592364,False,,100,606.5,133.39547602124688,666.9773801062344,0.0767913537140565,600,100,0.002275480997923296,0.97,"{'Growth Department': 122.0, 'Trading/Opportunity Team': 121.5, 'Compliance Department': 122.5, 'Operations Department': 118.72738010623436, 'Saboteur Department': 182.25}",121.75,122.5,118.72738010623436,,free_rider,compressed,182.25
centralized_sustainability,8,69.06217615119468,70.14292033454397,False,,100,637.5,140.3,701.5,0.07669280114041346,600,100,0.002437032002490014,0.95,"{'Growth Department': 127.0, 'Trading/Opportunity Team': 128.5, 'Compliance Department': 128.5, 'Operations Department': 125.5, 'Saboteur Department': 192.0}",127.75,128.5,125.5,,free_rider,compressed,192.0
centralized_sustainability,9,70.49617600271218,69.85063940103718,False,,100,618.5,136.15,680.75,0.0763863385971355,600,100,0.002424754995445255,0.97,"{'Growth Department': 124.0, 'Trading/Opportunity Team': 123.0, 'Compliance Department': 124.5, 'Operations Department': 122.5, 'Saboteur Department': 186.75}",123.5,124.5,122.5,,free_rider,compressed,186.75
centralized_sustainability,10,69.98403866861534,68.82568269067924,False,,100,606.5,133.55,667.75,0.0781729689254961,600,100,0.0030728049969184212,0.96,"{'Growth Department': 120.5, 'Trading/Opportunity Team': 121.5, 'Compliance Department': 122.5, 'Operations Department': 119.5, 'Saboteur Department': 183.75}",121.0,122.5,119.5,,free_rider,compressed,183.75
centralized_sustainability,11,72.74438749353912,68.79814031141241,False,,100,620.5,136.45,682.25,0.07416636130450716,600,100,0.002199565999035258,0.95,"{'Growth Department': 125.0, 'Trading/Opportunity Team': 125.0, 'Compliance Department': 125.0, 'Operations Department': 122.0, 'Saboteur Department': 185.25}",125.0,125.0,122.0,,free_rider,compressed,185.25
centralized_sustainability,12,70.3290136541371,68.63030966299662,False,,100,608.5,133.8,669.0,0.07324364723467855,600,100,0.0022989469944150187,0.98,"{'Growth Department': 122.5, 'Trading/Opportunity Team': 122.0, 'Compliance Department': 122.5, 'Operations Department': 120.5, 'Saboteur Department': 181.5}",122.25,122.5,120.5,,free_rider,compressed,181.5
centralized_sustainability,13,73.2744692688121,70.23745498983094,False,,100,631.0,138.85,694.25,0.07691753691033494,600,100,0.0023618960040039383,0.94,"{'Growth Department': 127.0, 'Trading/Opportunity Team': 126.5, 'Compliance Department': 127.5, 'Operations Department': 123.5, 'Saboteur Department': 189.75}",126.75,127.5,123.5,,free_rider,compressed,189.75
centralized_sustainability,14,70.88528989750296,68.78946759881158,False,,100,609.5,134.15,670.75,0.0748415952292211,600,100,0.004228447003697511,0.99,"{'Growth Department': 121.5, 'Trading/Opportunity Team': 121.5, 'Compliance Department': 122.5, 'Operations Department': 121.5, 'Saboteur Department': 183.75}",121.5,122.5,121.5,,free_rider,compressed,183.75
centralized_sustainability,15,68.54243807448852,69.75306133028316,False,,100,635.5,139.85,699.25,0.0763675366464069,600,100,0.003612942004110664,0.95,"{'Growth Department': 127.5, 'Trading/Opportunity Team': 126.5, 'Compliance Department': 128.5, 'Operations Department': 125.5, 'Saboteur Department': 191.25}",127.0,128.5,125.5,,free_rider,compressed,191.25
centralized_sustainability,16,68.02889891945311,69.48870292467741,False,,100,614.0,135.1,675.5,0.07609178386380452,600,100,0.0020888549988740124,0.96,"{'Growth Department': 122.5, 'Trading/Opportunity Team': 123.5, 'Compliance Department': 124.0, 'Operations Department': 121.0, 'Saboteur Department': 184.5}",123.0,124.0,121.0,,free_rider,compressed,184.5
centralized_sustainability,17,69.11944363782264,68.25932493710283,False,,100,598.0,131.55,657.75,0.07571265678449261,600,100,0.0031544270023005083,0.96,"{'Growth Department': 120.5, 'Trading/Opportunity Team': 120.5, 'Compliance Department': 120.5, 'Operations Department': 117.0, 'Saboteur Department': 179.25}",120.5,120.5,117.0,,free_rider,compressed,179.25
centralized_sustainability,18,69.24965207991411,67.35442151776886,False,,100,586.5,129.05,645.25,0.07531964354901195,600,100,0.0019802679962594993,0.98,"{'Growth Department': 118.0, 'Trading/Opportunity Team': 117.0, 'Compliance Department': 118.0, 'Operations Department': 116.0, 'Saboteur Department': 176.25}",117.5,118.0,116.0,,free_rider,compressed,176.25
centralized_sustainability,19,70.76924664709651,68.716050267715,False,,100,596.0,131.2,656.0,0.07652439024390248,600,100,0.0019547589981812052,1.0,"{'Growth Department': 118.5, 'Trading/Opportunity Team': 118.0, 'Compliance Department': 120.0, 'Operations Department': 119.5, 'Saboteur Department': 180.0}",118.25,120.0,119.5,,free_rider,compressed,180.0
centralized_risk_averse,0,4.737031222831446,38.184589819657624,True,29.0,30,234.0,36.54435779117135,182.72178895585677,0.43794759942202094,180,30,0.0006870419965707697,0.16666666666666666,"{'Growth Department': 49.5, 'Trading/Opportunity Team': 49.0, 'Compliance Department': 3.0, 'Operations Department': 2.2217889558567485, 'Saboteur Department': 79.0}",49.25,3.0,2.2217889558567485,,free_rider,compressed,79.0
centralized_risk_averse,1,1.226774669231201,46.013007023726004,True,35.0,36,293.0,51.55786842289117,257.78934211445585,0.34867330983105554,216,36,0.0007767219940433279,0.027777777777777776,"{'Growth Department': 63.0, 'Trading/Opportunity Team': 60.5, 'Compliance Department': 8.5, 'Operations Department': 24.28934211445587, 'Saboteur Department': 101.5}",61.75,8.5,24.28934211445587,,free_rider,compressed,101.5
centralized_risk_averse,2,4.575024084886287,49.02058733051732,True,38.0,39,316.0,55.27946908909621,276.39734544548105,0.34711281928983573,234,39,0.001958123000804335,0.07692307692307693,"{'Growth Department': 65.0, 'Trading/Opportunity Team': 68.0, 'Compliance Department': 9.5, 'Operations Department': 25.647345445481065, 'Saboteur Department': 108.25}",66.5,9.5,25.647345445481065,,free_rider,compressed,108.25
centralized_risk_averse,3,3.914418394530598,44.53547276364163,True,49.0,50,409.0,75.02423078061078,375.1211539030539,0.30830449638856516,300,50,0.0011693499982357025,0.06,"{'Growth Department': 90.0, 'Trading/Opportunity Team': 86.5, 'Compliance Department': 26.0, 'Operations Department': 31.37115390305388, 'Saboteur Department': 141.25}",88.25,26.0,31.37115390305388,,free_rider,compressed,141.25
centralized_risk_averse,4,2.18182971715612,46.21009209191492,True,42.0,43,344.0,60.59107557207136,302.9553778603568,0.34499420209676346,258,43,0.0010588969962554984,0.11627906976744186,"{'Growth Department': 72.0, 'Trading/Opportunity Team': 74.5, 'Compliance Department': 13.0, 'Operations Department': 24.70537786035682, 'Saboteur Department': 118.75}",73.25,13.0,24.70537786035682,,free_rider,compressed,118.75
centralized_risk_averse,5,0.982249931104807,45.388561196358474,True,22.0,23,189.0,28.86252733998746,144.3126366999373,0.4585526730941771,138,23,0.0005190099982428364,0.043478260869565216,"{'Growth Department': 38.0, 'Trading/Opportunity Team': 38.5, 'Compliance Department': -5.0, 'Operations Department': 9.56263669993729, 'Saboteur Department': 63.25}",38.25,-5.0,9.56263669993729,,free_rider,compressed,63.25
centralized_risk_averse,6,4.703988013198137,47.2441266143535,True,46.0,47,382.5,69.45215234066124,347.26076170330623,0.3164644769528282,282,47,0.00165048200142337,0.0851063829787234,"{'Growth Department': 82.0, 'Trading/Opportunity Team': 82.0, 'Compliance Department': 18.5, 'Operations Department': 33.260761703306216, 'Saboteur Department': 131.5}",82.0,18.5,33.260761703306216,,free_rider,compressed,131.5
centralized_risk_averse,7,3.3559968132327533,46.52310418707365,True,23.0,24,196.0,30.23762389568808,151.1881194784404,0.4466273702032055,144,24,0.0005586519982898608,0.041666666666666664,"{'Growth Department': 40.5, 'Trading/Opportunity Team': 39.5, 'Compliance Department': -3.0, 'Operations Department': 8.68811947844038, 'Saboteur Department': 65.5}",40.0,-3.0,8.68811947844038,,free_rider,compressed,65.5
centralized_risk_averse,8,4.080385584884528,42.555757898490604,True,56.0,57,462.0,85.44873617285637,427.2436808642818,0.3234806306063932,342,57,0.0013132829990354367,0.07017543859649122,"{'Growth Department': 102.5, 'Trading/Opportunity Team': 104.5, 'Compliance Department': 32.5, 'Operations Department': 25.493680864281856, 'Saboteur Department': 162.25}",103.5,32.5,25.493680864281856,,free_rider,compressed,162.25
centralized_risk_averse,9,2.3812835764621045,48.07237852745294,True,36.0,37,306.5,55.59464677469116,277.9732338734558,0.3076220874184795,222,37,0.0009678469941718504,0.05405405405405406,"{'Growth Department': 66.0, 'Trading/Opportunity Team': 64.5, 'Compliance Department': 16.0, 'Operations Department': 27.723233873455797, 'Saboteur Department': 103.75}",65.25,16.0,27.723233873455797,,free_rider,compressed,103.75
centralized_risk_averse,10,3.267665005444414,45.035667731724054,True,44.0,45,366.0,66.08028959968541,330.40144799842705,0.31276927333902355,270,45,0.001002005003101658,0.08888888888888889,"{'Growth Department': 79.0, 'Trading/Opportunity Team': 78.0, 'Compliance Department': 21.5, 'Operations Department': 27.151447998427052, 'Saboteur Department': 124.75}",78.5,21.5,27.151447998427052,,free_rider,compressed,124.75
centralized_risk_averse,11,2.0245533746849453,48.587974009275,True,33.0,34,275.0,47.66760832825232,238.3380416412616,0.34809710935013527,204,34,0.0007607870065839961,0.11764705882352941,"{'Growth Department': 58.0, 'Trading/Opportunity Team': 57.5, 'Compliance Department': 7.5, 'Operations Department': 22.088041641261626, 'Saboteur Department': 93.25}",57.75,7.5,22.088041641261626,,free_rider,compressed,93.25
centralized_risk_averse,12,1.4993490833013574,46.74966143422402,True,59.0,60,488.5,91.76625540687408,458.8312770343704,0.29350111016116304,360,60,0.0012913299942738377,0.1,"{'Growth Department': 107.0, 'Trading/Opportunity Team': 108.0, 'Compliance Department': 30.0, 'Operations Department': 46.33127703437038, 'Saboteur Department': 167.5}",107.5,30.0,46.33127703437038,,free_rider,compressed,167.5
centralized_risk_averse,13,2.7195763540475966,45.65846317722238,True,48.0,49,400.5,73.98911058820215,369.94555294101076,0.30307643363258363,294,49,0.0010548350037424825,0.08163265306122448,"{'Growth Department': 87.5, 'Trading/Opportunity Team': 86.0, 'Compliance Department': 25.5, 'Operations Department': 32.69555294101075, 'Saboteur Department': 138.25}",86.75,25.5,32.69555294101075,,free_rider,compressed,138.25
centralized_risk_averse,14,1.7786088067405927,43.62731156460512,True,32.0,33,265.0,42.69234781016503,213.46173905082514,0.4118550929576066,198,33,0.0007321009979932569,0.12121212121212122,"{'Growth Department': 55.5, 'Trading/Opportunity Team': 55.0, 'Compliance Department': 3.5, 'Operations Department': 9.211739050825146, 'Saboteur Department': 90.25}",55.25,3.5,9.211739050825146,,free_rider,compressed,90.25
centralized_risk_averse,15,0.0,49.68559783616474,True,59.0,60,485.5,95.69985081048351,478.49925405241754,0.24827687268665813,360,60,0.0013422929987427779,0.11666666666666667,"{'Growth Department': 107.0, 'Trading/Opportunity Team': 104.5, 'Compliance Department': 45.5, 'Operations Department': 53.99925405241753, 'Saboteur Department': 167.5}",105.75,45.5,53.99925405241753,,free_rider,compressed,167.5
centralized_risk_averse,16,2.2872910523888033,43.75030225922428,True,47.0,48,386.5,70.01276022420419,350.0638011210209,0.32472503351551385,288,48,0.0011678500013658777,0.08333333333333333,"{'Growth Department': 83.5, 'Trading/Opportunity Team': 86.0, 'Compliance Department': 22.5, 'Operations Department': 24.313801121020862, 'Saboteur Department': 133.75}",84.75,22.5,24.313801121020862,,free_rider,compressed,133.75
centralized_risk_averse,17,0.32164674410039495,41.744761931915406,True,37.0,38,301.5,49.65738003021227,248.28690015106136,0.4067280226147033,228,38,0.0008163300008163787,0.13157894736842105,"{'Growth Department': 64.0, 'Trading/Opportunity Team': 63.5, 'Compliance Department': 2.0, 'Operations Department': 15.036900151061367, 'Saboteur Department': 103.75}",63.75,2.0,15.036900151061367,,free_rider,compressed,103.75
centralized_risk_averse,18,0.4110997325156971,46.52091474751295,True,27.0,28,224.0,37.27356348153339,186.36781740766693,0.36139755229092696,168,28,0.000715307003702037,0.10714285714285714,"{'Growth Department': 45.5, 'Trading/Opportunity Team': 44.5, 'Compliance Department': 6.5, 'Operations Department': 14.617817407666926, 'Saboteur Department': 75.25}",45.0,6.5,14.617817407666926,,free_rider,compressed,75.25
centralized_risk_averse,19,0.0,45.52357370559997,True,43.0,44,350.5,62.68177030520799,313.40885152603994,0.3357801123904771,264,44,0.0009340129981865175,0.11363636363636363,"{'Growth Department': 74.5, 'Trading/Opportunity Team': 76.5, 'Compliance Department': 18.5, 'Operations Department': 21.408851526039907, 'Saboteur Department': 122.5}",75.5,18.5,21.408851526039907,,free_rider,compressed,122.5
structured_debate,0,3.0965281141482155,47.5899963456998,True,80.0,81,572.0,110.18439345366218,550.9219672683109,0.21551366644788547,1215,162,0.0023814589949324727,0.8518518518518519,"{'Growth Department': 119.0, 'Trading/Opportunity Team': 118.5, 'Compliance Department': 54.0, 'Operations Department': 77.67196726831094, 'Saboteur Department': 181.75}",118.75,54.0,77.67196726831094,,free_rider,compressed,181.75
structured_debate,1,40.417090981333104,49.04979810492301,False,,100,702.5,149.48171908102728,747.4085954051363,0.15658979915063095,1500,200,0.003093500003160443,0.87,"{'Growth Department': 151.5, 'Trading/Opportunity Team': 152.5, 'Compliance Department': 105.0, 'Operations Department': 108.90859540513637, 'Saboteur Department': 229.5}",152.0,105.0,108.90859540513637,,free_rider,compressed,229.5
structured_debate,2,4.273243860600797,53.32808850042312,True,50.0,51,364.5,65.79744814001728,328.98724070008643,0.2653753487040401,765,102,0.001774566997482907,0.7450980392156863,"{'Growth Department': 71.5, 'Trading/Opportunity Team': 74.5, 'Compliance Department': 20.5, 'Operations Department': 46.73724070008645, 'Saboteur Department': 115.75}",73.0,20.5,46.73724070008645,,free_rider,compressed,115.75
structured_debate,3,50.050239880396646,61.82072148314999,False,,100,715.0,158.4,792.0,0.12853535353535345,1500,200,0.0027889420016435906,0.88,"{'Growth Department': 151.5, 'Trading/Opportunity Team': 153.5, 'Compliance Department': 105.0, 'Operations Department': 151.0, 'Saboteur Department': 231.0}",152.5,105.0,151.0,,free_rider,compressed,231.0
structured_debate,4,52.41300221072132,60.244699070241516,False,,100,714.5,158.15,790.75,0.12393297502371166,1500,200,0.0028212040051585063,0.87,"{'Growth Department': 151.0, 'Trading/Opportunity Team': 153.0, 'Compliance Department': 107.5, 'Operations Department': 150.5, 'Saboteur Department': 228.75}",152.0,107.5,150.5,,free_rider,compressed,228.75
structured_debate,5,56.445376626083004,54.35258351808065,False,,100,705.0,154.44581845889394,772.2290922944696,0.14180812944619525,1500,200,0.0027146689972141758,0.91,"{'Growth Department': 150.0, 'Trading/Opportunity Team': 153.5, 'Compliance Department': 104.0, 'Operations Department': 133.7290922944697, 'Saboteur Department': 231.0}",151.75,104.0,133.7290922944697,,free_rider,compressed,231.0
structured_debate,6,61.677069751764094,57.75347896490841,False,,100,715.0,157.46609111968084,787.3304555984042,0.12722461966050408,1500,200,0.0028480199980549514,0.88,"{'Growth Department': 152.5, 'Trading/Opportunity Team': 154.5, 'Compliance Department': 105.5, 'Operations Department': 147.58045559840426, 'Saboteur Department': 227.25}",153.5,105.5,147.58045559840426,,free_rider,compressed,227.25
structured_debate,7,41.83163260175941,52.462996684711335,False,,100,704.0,152.5675985962451,762.8379929812254,0.1457253097385328,1500,200,0.002793083003780339,0.9,"{'Growth Department': 152.0, 'Trading/Opportunity Team': 151.0, 'Compliance Department': 105.0, 'Operations Department': 124.58799298122543, 'Saboteur Department': 230.25}",151.5,105.0,124.58799298122543,,free_rider,compressed,230.25
structured_debate,8,60.23052439807698,61.55208008269146,False,,100,720.5,159.6,798.0,0.12781954887218044,1500,200,0.0027359050000086427,0.86,"{'Growth Department': 150.5, 'Trading/Opportunity Team': 156.5, 'Compliance Department': 108.0, 'Operations Department': 150.5, 'Saboteur Department': 232.5}",153.5,108.0,150.5,,free_rider,compressed,232.5
structured_debate,9,59.69269805148524,59.358937471671965,False,,100,711.5,157.3528019816374,786.7640099081871,0.12608609284450675,1500,200,0.002907636000600178,0.91,"{'Growth Department': 153.0, 'Trading/Opportunity Team': 150.0, 'Compliance Department': 105.5, 'Operations Department': 150.26400990818706, 'Saboteur Department': 228.0}",151.5,105.5,150.26400990818706,,free_rider,compressed,228.0
structured_debate,10,1.1095916116436442,51.24001542598362,True,90.0,91,645.5,125.52774183071467,627.6387091535734,0.21516282276580778,1365,182,0.0026214850004180335,0.8241758241758241,"{'Growth Department': 131.0, 'Trading/Opportunity Team': 135.5, 'Compliance Department': 63.0, 'Operations Department': 89.38870915357337, 'Saboteur Department': 208.75}",133.25,63.0,89.38870915357337,,free_rider,compressed,208.75
structured_debate,11,61.59756261612131,56.89315374523786,False,,100,714.0,157.3941156859621,786.9705784298105,0.12797399469370152,1500,200,0.0029812089996994473,0.9,"{'Growth Department': 152.0, 'Trading/Opportunity Team': 153.5, 'Compliance Department': 106.5, 'Operations Department': 146.22057842981047, 'Saboteur Department': 228.75}",152.75,106.5,146.22057842981047,,free_rider,compressed,228.75
structured_debate,12,0.0,56.18899659140425,True,93.0,94,668.5,134.329582939905,671.647914699525,0.18825463662275457,1410,188,0.0029231299995444715,0.8191489361702128,"{'Growth Department': 139.0, 'Trading/Opportunity Team': 139.5, 'Compliance Department': 74.5, 'Operations Department': 103.89791469952499, 'Saboteur Department': 214.75}",139.25,74.5,103.89791469952499,,free_rider,compressed,214.75
structured_debate,13,62.940379902298616,63.142393721266934,False,,100,710.5,157.35,786.75,0.12761360025421045,1500,200,0.003429939999477938,0.89,"{'Growth Department': 150.0, 'Trading/Opportunity Team': 153.5, 'Compliance Department': 105.5, 'Operations Department': 149.0, 'Saboteur Department': 228.75}",151.75,105.5,149.0,,free_rider,compressed,228.75
structured_debate,14,45.74677694477599,53.505065262558794,False,,100,715.5,155.97283964350444,779.8641982175222,0.1385553035515194,1500,200,0.003277651994721964,0.86,"{'Growth Department': 152.0, 'Trading/Opportunity Team': 153.5, 'Compliance Department': 106.5, 'Operations Department': 135.36419821752224, 'Saboteur Department': 232.5}",152.75,106.5,135.36419821752224,,free_rider,compressed,232.5
structured_debate,15,59.2210086452006,62.4961338333025,False,,100,709.5,157.2,786.0,0.12798982188295174,1500,200,0.0032152769999811426,0.9,"{'Growth Department': 150.0, 'Trading/Opportunity Team': 152.0, 'Compliance Department': 105.0, 'Operations Department': 149.5, 'Saboteur Department': 229.5}",151.0,105.0,149.5,,free_rider,compressed,229.5
structured_debate,16,45.27416933873377,59.6511731700768,False,,100,711.5,156.8900412498292,784.450206249146,0.1303077195799423,1500,200,0.003072166000492871,0.86,"{'Growth Department': 150.0, 'Trading/Opportunity Team': 153.5, 'Compliance Department': 105.5, 'Operations Department': 145.950206249146, 'Saboteur Department': 229.5}",151.75,105.5,145.950206249146,,free_rider,compressed,229.5
structured_debate,17,1.0081751661572103,51.40570653786366,True,97.0,98,693.0,134.0821447825013,670.4107239125065,0.22543748935424493,1470,196,0.004141104000154883,0.8061224489795918,"{'Growth Department': 142.0, 'Trading/Opportunity Team': 144.5, 'Compliance Department': 54.0, 'Operations Department': 106.16072391250651, 'Saboteur Department': 223.75}",143.25,54.0,106.16072391250651,,free_rider,compressed,223.75
structured_debate,18,0.0,44.4745802036367,True,50.0,51,359.5,62.48702997434752,312.4351498717376,0.31086751951941877,765,102,0.0015223450027406216,0.7254901960784313,"{'Growth Department': 74.5, 'Trading/Opportunity Team': 74.0, 'Compliance Department': 19.5, 'Operations Department': 27.18514987173763, 'Saboteur Department': 117.25}",74.25,19.5,27.18514987173763,,free_rider,compressed,117.25
structured_debate,19,3.8541227311192365,47.8927400592064,True,93.0,94,665.5,128.72606228719306,643.6303114359653,0.22800025545442928,1410,188,0.002542528003687039,0.7872340425531915,"{'Growth Department': 138.5, 'Trading/Opportunity Team': 140.0, 'Compliance Department': 63.5, 'Operations Department': 83.1303114359652, 'Saboteur Department': 218.5}",139.25,63.5,83.1303114359652,,free_rider,compressed,218.5
