mechanism,seed,final_reserve,average_reserve,liquidity_crisis,time_to_crisis,steps_survived,total_withdrawal,average_reward,social_welfare,mean_absolute_reward_gap,reward_std,reward_range,total_messages,total_rounds,wall_time_seconds,debate_override_rate,reward_per_department,reward_profit,reward_sustainability,reward_balanced,reward_risk_averse,recovery_noise_std,shock_probability,composition,leader_index,leader_name,leader_role
independent,0,3.786185515943563,43.109650553968386,True,24.0,25,240.0,33.62894827540565,168.14474137702825,29.268957173326502,26.926973756112535,68.0,0,0,0.0009019959979923442,0.0,"{'Growth Department': 66.0, 'Trading/Opportunity Team': 64.0, 'Compliance Department': -2.0, 'Operations Department': 17.06901766670937, 'Risk Department': 23.075723710318876}",65.0,-2.0,17.06901766670937,23.075723710318876,0.01,0.0,standard,,,
independent,1,0.0,42.48159780249698,True,25.0,26,247.0,34.54368767142588,172.7184383571294,28.36504986285929,26.010041399852835,66.0,0,0,0.0006751040018571075,0.0,"{'Growth Department': 67.0, 'Trading/Opportunity Team': 63.0, 'Compliance Department': 1.0, 'Operations Department': 17.71843835712941, 'Risk Department': 24.0}",65.0,1.0,17.71843835712941,24.0,0.01,0.0,standard,,,
independent,2,2.1320109841242587,43.278681668744404,True,24.0,25,242.0,34.992882975273844,174.96441487636923,25.45251605493012,23.772079000766308,58.0,0,0,0.0009106510005949531,0.0,"{'Growth Department': 61.0, 'Trading/Opportunity Team': 66.0, 'Compliance Department': 8.0, 'Operations Department': 17.921774656686754, 'Risk Department': 22.04264021968248}",63.5,8.0,17.921774656686754,22.04264021968248,0.01,0.0,standard,,,
independent,3,3.2504175707431475,43.13821693569246,True,25.0,26,248.0,35.05171124601628,175.2585562300814,27.489032339413352,25.604743898915768,64.0,0,0,0.0006635380013904069,0.0,"{'Growth Department': 68.0, 'Trading/Opportunity Team': 63.0, 'Compliance Department': 4.0, 'Operations Department': 19.193547878666564, 'Risk Department': 21.06500835141486}",65.5,4.0,19.193547878666564,21.06500835141486,0.01,0.0,standard,,,
independent,4,1.3825279443808594,42.384190410927964,True,26.0,27,257.0,36.63569264479154,183.1784632239577,28.932249185890715,26.83521996709469,66.0,0,0,0.0006813619984313846,0.0,"{'Growth Department': 67.0, 'Trading/Opportunity Team': 70.0, 'Compliance Department': 4.0, 'Operations Department': 18.173442588183043, 'Risk Department': 24.00502063577465}",68.5,4.0,18.173442588183043,24.00502063577465,0.01,0.0,standard,,,
independent,5,0.4784686391560964,41.3968855424956,True,27.0,28,263.0,36.52137825435777,182.60689127178887,32.22442849615908,30.11055023675657,74.0,0,0,0.0007046620012260973,0.0,"{'Growth Department': 72.0, 'Trading/Opportunity Team': 72.0, 'Compliance Department': -2.0, 'Operations Department': 18.597321899005763, 'Risk Department': 22.009569372783126}",72.0,-2.0,18.597321899005763,22.009569372783126,0.01,0.0,standard,,,
independent,6,4.8218151371636715,42.23422709340456,True,24.0,25,243.0,35.154231017193226,175.77115508596614,27.252044994684343,25.94017644100512,60.0,0,0,0.0006066530004318338,0.0,"{'Growth Department': 66.0, 'Trading/Opportunity Team': 67.0, 'Compliance Department': 7.0, 'Operations Department': 15.674718783222861, 'Risk Department': 20.09643630274327}",66.5,7.0,15.674718783222861,20.09643630274327,0.01,0.0,standard,,,
independent,7,1.0763525535054352,41.839799348996976,True,26.0,27,254.0,34.96747118440445,174.83735592202225,32.189467380647656,29.59777898160442,75.0,0,0,0.000615531000221381,0.0,"{'Growth Department': 71.0, 'Trading/Opportunity Team': 68.0, 'Compliance Department': -4.0, 'Operations Department': 16.815828870952153, 'Risk Department': 23.021527051070102}",69.5,-4.0,16.815828870952153,23.021527051070102,0.01,0.0,standard,,,
independent,8,0.21016149017564523,40.46281966635516,True,25.0,26,251.0,35.28609428660952,176.4304714330476,30.171797087480954,27.588570409783316,69.0,0,0,0.0006283969996729866,0.0,"{'Growth Department': 66.0, 'Trading/Opportunity Team': 69.0, 'Compliance Department': 0.0, 'Operations Department': 15.426268203244067, 'Risk Department': 26.004203229803515}",67.5,0.0,15.426268203244067,26.004203229803515,0.01,0.0,standard,,,
independent,9,2.729802526876517,42.737404865571435,True,25.0,26,252.0,36.91152392271947,184.55761961359732,27.759516229910428,26.265418144263833,63.0,0,0,0.0005967300021438859,0.0,"{'Growth Department': 70.0, 'Trading/Opportunity Team': 67.0, 'Compliance Department': 7.0, 'Operations Department': 19.503023563059813, 'Risk Department': 21.054596050537533}",68.5,7.0,19.503023563059813,21.054596050537533,0.01,0.0,standard,,,
voting,0,1.9448407431332262,34.71198975364094,True,27.0,28,255.0,32.297987438091184,161.48993719045592,16.16110703421048,15.836470639050203,35.0,140,28,0.0010334920007153414,1.0,"{'Growth Department': 46.0, 'Trading/Opportunity Team': 46.0, 'Compliance Department': 11.0, 'Operations Department': 14.993081036184497, 'Risk Department': 43.49685615427144}",46.0,11.0,14.993081036184497,43.49685615427144,0.01,0.0,standard,,,
voting,1,1.772497187246632,34.74596130444466,True,25.0,26,235.0,26.42463667951182,132.1231833975591,19.29156099854145,18.719049854585517,45.0,130,26,0.0008379289974982385,1.0,"{'Growth Department': 42.0, 'Trading/Opportunity Team': 42.0, 'Compliance Department': -3.0, 'Operations Department': 11.427743759115945, 'Risk Department': 39.69543963844316}",42.0,-3.0,11.427743759115945,39.69543963844316,0.01,0.0,standard,,,
voting,2,4.649873179571301,37.38786965803667,True,17.0,18,190.0,21.701432192536593,108.50716096268297,14.315708345799516,13.928355899730015,35.0,90,18,0.0006305110000539571,1.0,"{'Growth Department': 33.0, 'Trading/Opportunity Team': 33.0, 'Compliance Department': -2.0, 'Operations Department': 13.526822838753027, 'Risk Department': 30.980338123929947}",33.0,-2.0,13.526822838753027,30.980338123929947,0.01,0.0,standard,,,
voting,3,3.5219441027587273,34.19326603946944,True,29.0,30,260.0,33.515080530787806,167.57540265393902,15.995592677806908,15.62540541474188,34.98622711814659,150,30,0.000894635002623545,1.0,"{'Growth Department': 47.0, 'Trading/Opportunity Team': 47.0, 'Compliance Department': 17.0, 'Operations Department': 12.013772881853415, 'Risk Department': 44.56162977208562}",47.0,17.0,12.013772881853415,44.56162977208562,0.01,0.0,standard,,,
voting,4,0.06824462448422786,35.71582237040935,True,30.0,31,280.0,37.02045603135002,185.1022801567501,16.33046182659309,16.025435225325495,35.0,155,31,0.0010015350017056335,1.0,"{'Growth Department': 51.0, 'Trading/Opportunity Team': 51.0, 'Compliance Department': 16.0, 'Operations Department': 18.934613583793194, 'Risk Department': 48.16766657295693}",51.0,16.0,18.934613583793194,48.16766657295693,0.01,0.0,standard,,,
voting,5,3.4320716538221436,32.950591129799534,True,37.0,38,315.0,43.69367214719541,218.46836073597703,17.965382407034,17.40462252921916,43.64182002198125,190,38,0.000993921003100695,1.0,"{'Growth Department': 58.0, 'Trading/Opportunity Team': 58.0, 'Compliance Department': 33.0, 'Operations Department': 14.358179978018748, 'Risk Department': 55.11018075795828}",58.0,33.0,14.358179978018748,55.11018075795828,0.01,0.0,standard,,,
voting,6,0.0,32.16079553110204,True,67.0,68,515.0,77.62132690836476,388.10663454182384,28.018323278631943,29.521107162021707,77.55726024572482,340,68,0.0018804179999278858,1.0,"{'Growth Department': 98.0, 'Trading/Opportunity Team': 98.0, 'Compliance Department': 78.0, 'Operations Department': 20.442739754275177, 'Risk Department': 93.66389478754867}",98.0,78.0,20.442739754275177,93.66389478754867,0.01,0.0,standard,,,
voting,7,4.977630925455401,34.71570561032805,True,68.0,69,530.0,81.43921129252074,407.1960564626037,25.79420220229367,25.971089594436826,68.10688188216771,345,69,0.0021734629990532994,1.0,"{'Growth Department': 101.0, 'Trading/Opportunity Team': 101.0, 'Compliance Department': 76.0, 'Operations Department': 32.89311811783229, 'Risk Department': 96.30293834477142}",101.0,76.0,32.89311811783229,96.30293834477142,0.01,0.0,standard,,,
voting,8,2.8997968663502824,34.006123634330855,True,36.0,37,315.0,43.3373357104396,216.686678552198,17.676767202885188,17.051256058729994,40.2398975090162,185,37,0.0009950729981937911,1.0,"{'Growth Department': 58.0, 'Trading/Opportunity Team': 58.0, 'Compliance Department': 28.0, 'Operations Department': 17.760102490983794, 'Risk Department': 54.92657606121421}",58.0,28.0,17.760102490983794,54.92657606121421,0.01,0.0,standard,,,
voting,9,2.975701652440109,33.24692293882521,True,20.0,21,200.0,19.226925726172624,96.13462863086312,20.283543826163367,19.885573551990227,50.0,105,21,0.0005868590014870279,1.0,"{'Growth Department': 35.0, 'Trading/Opportunity Team': 35.0, 'Compliance Department': -15.0, 'Operations Department': 8.227851086478934, 'Risk Department': 32.90677754438418}",35.0,-15.0,8.227851086478934,32.90677754438418,0.01,0.0,standard,,,
adaptive_voting,0,70.96658603417528,67.928501834501,False,,100,675.0,133.94684360477495,669.7342180238747,1.6850502323600722,2.1063127904500902,5.265781976125226,500,100,0.0024717920023249462,1.0,"{'Growth Department': 135.0, 'Trading/Opportunity Team': 135.0, 'Compliance Department': 135.0, 'Operations Department': 135.0, 'Risk Department': 129.73421802387477}",135.0,135.0,135.0,129.73421802387477,0.01,0.0,standard,,,
adaptive_voting,1,68.16099782448636,65.78997394876265,False,,100,690.0,136.8381795481379,684.1908977406895,1.8589127229793758,2.3236409037242196,5.809102259310549,500,100,0.0026026039995485917,1.0,"{'Growth Department': 138.0, 'Trading/Opportunity Team': 138.0, 'Compliance Department': 138.0, 'Operations Department': 138.0, 'Risk Department': 132.19089774068945}",138.0,138.0,138.0,132.19089774068945,0.01,0.0,standard,,,
adaptive_voting,2,54.36712782896784,61.95381271564799,False,,100,725.0,143.3566905070768,716.783452535384,2.34513133104002,2.4952864473175556,6.44052335438397,500,100,0.0025236069996026345,1.0,"{'Growth Department': 145.0, 'Trading/Opportunity Team': 145.0, 'Compliance Department': 145.0, 'Operations Department': 143.22397588976781, 'Risk Department': 138.55947664561603}",145.0,145.0,143.22397588976781,138.55947664561603,0.01,0.0,standard,,,
adaptive_voting,3,58.500413948285164,64.72985895637628,False,,100,705.0,139.6554165734975,698.2770828674875,2.0381194949417614,2.3513973945572313,6.015329710873459,500,100,0.0025146109983325005,1.0,"{'Growth Department': 141.0, 'Trading/Opportunity Team': 141.0, 'Compliance Department': 141.0, 'Operations Department': 140.2924125783609, 'Risk Department': 134.98467028912654}",141.0,141.0,140.2924125783609,134.98467028912654,0.01,0.0,standard,,,
adaptive_voting,4,56.82705702406398,66.03394569222073,False,,100,700.0,138.82305551061168,694.1152775530584,1.8831111830213285,2.3538889787766606,5.884722446941652,500,100,0.002394516999629559,1.0,"{'Growth Department': 140.0, 'Trading/Opportunity Team': 140.0, 'Compliance Department': 140.0, 'Operations Department': 140.0, 'Risk Department': 134.11527755305835}",140.0,140.0,140.0,134.11527755305835,0.01,0.0,standard,,,
adaptive_voting,5,58.66586295821217,67.1920248419052,False,,100,685.0,135.90085723079704,679.5042861539852,1.758628430724748,2.1982855384059348,5.495713846014837,500,100,0.00240068700077245,1.0,"{'Growth Department': 137.0, 'Trading/Opportunity Team': 137.0, 'Compliance Department': 137.0, 'Operations Department': 137.0, 'Risk Department': 131.50428615398516}",137.0,137.0,137.0,131.50428615398516,0.01,0.0,standard,,,
adaptive_voting,6,61.667875526062105,65.13387984773662,False,,100,705.0,139.7791845023838,698.895922511919,1.9533047961859302,2.441630995232413,6.104077488081032,500,100,0.0024824979991535656,1.0,"{'Growth Department': 141.0, 'Trading/Opportunity Team': 141.0, 'Compliance Department': 141.0, 'Operations Department': 141.0, 'Risk Department': 134.89592251191897}",141.0,141.0,141.0,134.89592251191897,0.01,0.0,standard,,,
adaptive_voting,7,69.00925732297269,66.11820933364709,False,,100,685.0,135.859124487083,679.295622435415,1.8254008206672097,2.281751025834012,5.70437756458503,500,100,0.002542998998251278,1.0,"{'Growth Department': 137.0, 'Trading/Opportunity Team': 137.0, 'Compliance Department': 137.0, 'Operations Department': 137.0, 'Risk Department': 131.29562243541497}",137.0,137.0,137.0,131.29562243541497,0.01,0.0,standard,,,
adaptive_voting,8,68.26049227390317,61.683293926459285,False,,100,715.0,141.32179085444892,706.6089542722445,2.3566574732017034,2.4618633228899465,6.338063479755135,500,100,0.002425124002911616,1.0,"{'Growth Department': 143.0, 'Trading/Opportunity Team': 143.0, 'Compliance Department': 143.0, 'Operations Department': 140.94701775199962, 'Risk Department': 136.66193652024486}",143.0,143.0,140.94701775199962,136.66193652024486,0.01,0.0,standard,,,
adaptive_voting,9,70.3821253358564,66.71471970810398,False,,100,685.0,135.87108577884362,679.3554288942181,1.8062627538502147,2.2578284423127686,5.644571105781921,500,100,0.0025358040002174675,1.0,"{'Growth Department': 137.0, 'Trading/Opportunity Team': 137.0, 'Compliance Department': 137.0, 'Operations Department': 137.0, 'Risk Department': 131.35542889421808}",137.0,137.0,137.0,131.35542889421808,0.01,0.0,standard,,,
centralized_profit,0,0.44541316466115255,40.70492067082128,True,30.0,31,281.0,40.42492050935552,202.12460254677762,30.861488914642496,28.472432291539484,68.0,186,31,0.000868946997798048,0.2903225806451613,"{'Growth Department': 75.0, 'Trading/Opportunity Team': 73.0, 'Compliance Department': 7.0, 'Operations Department': 16.11569428348439, 'Risk Department': 31.008908263293232}",74.0,7.0,16.11569428348439,31.008908263293232,0.01,0.0,standard,0.0,Growth Department,profit
centralized_profit,1,2.0498884385117417,40.919848668538236,True,33.0,34,297.0,42.0362795102117,210.1813975510585,32.28419233177496,29.534704321822062,74.0,204,34,0.0009104060009121895,0.35294117647058826,"{'Growth Department': 78.0, 'Trading/Opportunity Team': 75.0, 'Compliance Department': 4.0, 'Operations Department': 21.22379792640653, 'Risk Department': 31.957599624651976}",76.5,4.0,21.22379792640653,31.957599624651976,0.01,0.0,standard,0.0,Growth Department,profit
centralized_profit,2,3.7851942438234545,42.46474680798768,True,31.0,32,283.0,40.93915009726014,204.69575048630068,28.687525531395348,26.877098381519037,62.0,192,32,0.0008545599994249642,0.34375,"{'Growth Department': 73.0, 'Trading/Opportunity Team': 73.0, 'Compliance Department': 11.0, 'Operations Department': 17.702965428779066, 'Risk Department': 29.992785057521605}",73.0,11.0,17.702965428779066,29.992785057521605,0.01,0.0,standard,0.0,Growth Department,profit
centralized_profit,3,4.274686107585934,40.4462126059569,True,38.0,39,332.0,49.326314359004975,246.63157179502488,32.698698107075415,30.856850200893568,71.0,234,39,0.0009544460008328315,0.48717948717948717,"{'Growth Department': 88.0, 'Trading/Opportunity Team': 85.0, 'Compliance Department': 17.0, 'Operations Department': 22.633136830778664, 'Risk Department': 33.998434964246236}",86.5,17.0,22.633136830778664,33.998434964246236,0.01,0.0,standard,0.0,Growth Department,profit
centralized_profit,4,1.434433976921909,42.20656157190999,True,35.0,36,316.0,47.12788646091117,235.63943230455584,30.910177682746436,28.85895684963101,67.0,216,36,0.000935140997171402,0.3888888888888889,"{'Growth Department': 82.0, 'Trading/Opportunity Team': 81.0, 'Compliance Department': 15.0, 'Operations Department': 21.8113894828348, 'Risk Department': 35.82804282172103}",81.5,15.0,21.8113894828348,35.82804282172103,0.01,0.0,standard,0.0,Growth Department,profit
centralized_profit,5,3.3414363748286213,39.897793685432724,True,39.0,40,341.0,51.142494007274756,255.7124700363738,35.39115855477573,33.49213594037234,77.0,240,40,0.0009151390004262794,0.425,"{'Growth Department': 92.0, 'Trading/Opportunity Team': 91.0, 'Compliance Department': 15.0, 'Operations Department': 23.80525903265169, 'Risk Department': 33.907211003722104}",91.5,15.0,23.80525903265169,33.907211003722104,0.01,0.0,standard,0.0,Growth Department,profit
centralized_profit,6,1.044247527969981,37.99744347245564,True,47.0,48,396.0,59.08281475128409,295.41407375642046,41.579714141082505,38.739478315332185,89.43660669088283,288,48,0.001079683999705594,0.5833333333333334,"{'Growth Department': 106.0, 'Trading/Opportunity Team': 104.0, 'Compliance Department': 23.0, 'Operations Department': 16.563393309117174, 'Risk Department': 45.85068044730329}",105.0,23.0,16.563393309117174,45.85068044730329,0.01,0.0,standard,0.0,Growth Department,profit
centralized_profit,7,1.7042952289670898,39.273648507553325,True,38.0,39,328.0,46.275594228204284,231.37797114102142,37.861207342960135,34.764008617318154,85.0,234,39,0.0008871950012689922,0.46153846153846156,"{'Growth Department': 88.0, 'Trading/Opportunity Team': 86.0, 'Compliance Department': 3.0, 'Operations Department': 19.36745410649918, 'Risk Department': 35.01051703452225}",87.0,3.0,19.36745410649918,35.01051703452225,0.01,0.0,standard,0.0,Growth Department,profit
centralized_profit,8,1.4503896564148882,39.63597841436174,True,36.0,37,325.0,47.43574707185064,237.1787353592532,35.47261734342191,32.79484284095463,78.0,222,37,0.0008640989981358871,0.40540540540540543,"{'Growth Department': 86.0, 'Trading/Opportunity Team': 86.0, 'Compliance Department': 8.0, 'Operations Department': 20.296141603613066, 'Risk Department': 36.882593755640144}",86.0,8.0,20.296141603613066,36.882593755640144,0.01,0.0,standard,0.0,Growth Department,profit
centralized_profit,9,0.9233063429829595,39.63294187353691,True,38.0,39,336.0,49.05437727198254,245.27188635991268,36.270700861202144,33.64452060061717,80.0,234,39,0.0008999269994092174,0.48717948717948717,"{'Growth Department': 90.0, 'Trading/Opportunity Team': 88.0, 'Compliance Department': 10.0, 'Operations Department': 21.308119617486582, 'Risk Department': 35.96376674242611}",89.0,10.0,21.308119617486582,35.96376674242611,0.01,0.0,standard,0.0,Growth Department,profit
centralized_sustainability,0,70.97487988685248,69.99752199381709,False,,100,650.0,129.15830959222097,645.7915479611048,12.066704652446473,14.690189657546952,37.20845203889523,600,100,0.0022684460018354002,0.99,"{'Growth Department': 137.0, 'Trading/Opportunity Team': 136.0, 'Compliance Department': 137.0, 'Operations Department': 136.0, 'Risk Department': 99.79154796110477}",136.5,137.0,136.0,99.79154796110477,0.01,0.0,standard,2.0,Compliance Department,sustainability
centralized_sustainability,1,67.43446528823124,69.6034199447953,False,,100,656.0,130.35592724515016,651.7796362257508,13.510516407759747,15.830841374843292,41.22036377424921,600,100,0.0021911809999437537,0.97,"{'Growth Department': 139.0, 'Trading/Opportunity Team': 137.0, 'Compliance Department': 140.0, 'Operations Department': 137.0, 'Risk Department': 98.77963622575079}",138.0,140.0,137.0,98.77963622575079,0.01,0.0,standard,2.0,Compliance Department,sustainability
centralized_sustainability,2,69.49954926497091,69.5434211026545,False,,100,656.0,130.31664012059812,651.5832006029906,13.893375807043025,15.522115710997987,40.416799397009456,600,100,0.002254799001093488,0.95,"{'Growth Department': 138.0, 'Trading/Opportunity Team': 140.0, 'Compliance Department': 140.0, 'Operations Department': 134.0, 'Risk Department': 99.58320060299054}",139.0,140.0,134.0,99.58320060299054,0.01,0.0,standard,2.0,Compliance Department,sustainability
centralized_sustainability,3,71.25266798429578,69.39245957322673,False,,100,655.0,130.11222097888586,650.5611048944293,13.580446433782646,15.826188155829382,41.438895105570765,600,100,0.002300837000802858,0.96,"{'Growth Department': 138.0, 'Trading/Opportunity Team': 138.0, 'Compliance Department': 140.0, 'Operations Department': 136.0, 'Risk Department': 98.56110489442923}",138.0,140.0,136.0,98.56110489442923,0.01,0.0,standard,2.0,Compliance Department,sustainability
centralized_sustainability,4,67.5371518113868,69.06961082846111,False,,100,662.0,131.46756593106852,657.3378296553426,14.131894510290367,16.17034286238002,41.6621703446574,600,100,0.002214156000263756,0.95,"{'Growth Department': 140.0, 'Trading/Opportunity Team': 141.0, 'Compliance Department': 141.0, 'Operations Department': 136.0, 'Risk Department': 99.3378296553426}",140.5,141.0,136.0,99.3378296553426,0.01,0.0,standard,2.0,Compliance Department,sustainability
centralized_sustainability,5,69.16456857151269,69.79224902055597,False,,100,650.0,129.17276544536628,645.8638272268314,13.80357528741396,15.74364643572158,41.136172773168624,600,100,0.0022209300004760735,0.99,"{'Growth Department': 137.0, 'Trading/Opportunity Team': 138.0, 'Compliance Department': 139.0, 'Operations Department': 134.0, 'Risk Department': 97.86382722683138}",137.5,139.0,134.0,97.86382722683138,0.01,0.0,standard,2.0,Compliance Department,sustainability
centralized_sustainability,6,66.49849835276537,69.4183856607434,False,,100,661.0,131.29904875674714,656.4952437837356,12.641521989204584,14.933743593530917,38.504756216264326,600,100,0.002286003997141961,0.97,"{'Growth Department': 139.0, 'Trading/Opportunity Team': 139.0, 'Compliance Department': 140.0, 'Operations Department': 137.0, 'Risk Department': 101.49524378373567}",139.0,140.0,137.0,101.49524378373567,0.01,0.0,standard,2.0,Compliance Department,sustainability
centralized_sustainability,7,67.25902924851847,69.42943374672431,False,,100,656.0,130.33596389228597,651.6798194614299,13.702457772342433,15.445057391974204,40.3201805385701,600,100,0.002139270000043325,0.96,"{'Growth Department': 137.0, 'Trading/Opportunity Team': 140.0, 'Compliance Department': 140.0, 'Operations Department': 135.0, 'Risk Department': 99.6798194614299}",138.5,140.0,135.0,99.6798194614299,0.01,0.0,standard,2.0,Compliance Department,sustainability
centralized_sustainability,8,68.44391575981037,68.88973403415714,False,,100,665.0,132.08406787993954,660.4203393996977,14.265491392096724,15.98273835478824,41.57966060030226,600,100,0.0023018459978629835,0.95,"{'Growth Department': 140.0, 'Trading/Opportunity Team': 142.0, 'Compliance Department': 142.0, 'Operations Department': 136.0, 'Risk Department': 100.42033939969774}",141.0,142.0,136.0,100.42033939969774,0.01,0.0,standard,2.0,Compliance Department,sustainability
centralized_sustainability,9,71.29798020293136,69.30718103640406,False,,100,658.0,130.7332978422424,653.6664892112119,13.866723452412176,15.64246302949976,41.33351078878805,600,100,0.0023060380008246284,0.97,"{'Growth Department': 140.0, 'Trading/Opportunity Team': 136.0, 'Compliance Department': 141.0, 'Operations Department': 137.0, 'Risk Department': 99.66648921121195}",138.0,141.0,137.0,99.66648921121195,0.01,0.0,standard,2.0,Compliance Department,sustainability
centralized_risk_averse,0,78.08571080069049,76.28201278309535,False,,100,557.0,110.95767609846727,554.7883804923364,1.92,1.7908560105613762,4.0,600,100,0.002289924002980115,0.96,"{'Growth Department': 113.0, 'Trading/Opportunity Team': 113.0, 'Compliance Department': 109.0, 'Operations Department': 109.0, 'Risk Department': 110.78838049233637}",113.0,109.0,109.0,110.78838049233637,0.01,0.0,standard,4.0,Risk Department,risk_averse
centralized_risk_averse,1,76.18483994092588,77.21984670943512,False,,100,541.0,107.86561579411884,539.3280789705942,1.76,1.6135265871372941,4.0,600,100,0.0022811349990661256,0.96,"{'Growth Department': 110.0, 'Trading/Opportunity Team': 109.0, 'Compliance Department': 106.0, 'Operations Department': 106.0, 'Risk Department': 108.32807897059422}",109.5,106.0,106.0,108.32807897059422,0.01,0.0,standard,4.0,Risk Department,risk_averse
centralized_risk_averse,2,72.05079116369609,75.43663528817606,False,,100,573.0,114.07455719165912,570.3727859582956,2.56,2.285221017606913,6.0,600,100,0.002479020997270709,0.95,"{'Growth Department': 116.0, 'Trading/Opportunity Team': 117.0, 'Compliance Department': 111.0, 'Operations Department': 112.0, 'Risk Department': 114.37278595829557}",116.5,111.0,112.0,114.37278595829557,0.01,0.0,standard,4.0,Risk Department,risk_averse
centralized_risk_averse,3,78.90809757286395,77.47786112445681,False,,100,535.0,106.7031702607039,533.5158513035195,1.28,1.1656638014153837,3.0,600,100,0.0024391959996137302,0.98,"{'Growth Department': 108.0, 'Trading/Opportunity Team': 108.0, 'Compliance Department': 105.0, 'Operations Department': 106.0, 'Risk Department': 106.5158513035195}",108.0,105.0,106.0,106.5158513035195,0.01,0.0,standard,4.0,Risk Department,risk_averse
centralized_risk_averse,4,73.25692691233272,77.33456802243919,False,,100,543.0,108.26698658033645,541.3349329016822,1.76,1.5972332877967785,4.0,600,100,0.0023656720004510134,0.97,"{'Growth Department': 110.0, 'Trading/Opportunity Team': 110.0, 'Compliance Department': 107.0, 'Operations Department': 106.0, 'Risk Department': 108.33493290168227}",110.0,107.0,106.0,108.33493290168227,0.01,0.0,standard,4.0,Risk Department,risk_averse
centralized_risk_averse,5,71.99204560902533,77.47524802726686,False,,100,537.0,107.11728660843173,535.5864330421587,2.08,1.9118118615778286,5.0,600,100,0.0023669740003242623,0.97,"{'Growth Department': 109.0, 'Trading/Opportunity Team': 109.0, 'Compliance Department': 104.0, 'Operations Department': 106.0, 'Risk Department': 107.5864330421587}",109.0,104.0,106.0,107.5864330421587,0.01,0.0,standard,4.0,Risk Department,risk_averse
centralized_risk_averse,6,74.88158295993222,75.44702500412345,False,,100,570.0,113.49846650611896,567.4923325305948,3.04,2.7562551439683247,8.0,600,100,0.0024462809997203294,0.95,"{'Growth Department': 117.0, 'Trading/Opportunity Team': 115.0, 'Compliance Department': 109.0, 'Operations Department': 112.0, 'Risk Department': 114.4923325305948}",116.0,109.0,112.0,114.4923325305948,0.01,0.0,standard,4.0,Risk Department,risk_averse
centralized_risk_averse,7,77.87716461930721,76.91414818645498,False,,100,544.0,108.44717856132749,542.2358928066375,1.44,1.3457936013868304,3.0,600,100,0.002337784000701504,0.97,"{'Growth Department': 110.0, 'Trading/Opportunity Team': 110.0, 'Compliance Department': 107.0, 'Operations Department': 107.0, 'Risk Department': 108.23589280663745}",110.0,107.0,107.0,108.23589280663745,0.01,0.0,standard,4.0,Risk Department,risk_averse
centralized_risk_averse,8,78.51900117055997,76.06518441958579,False,,100,560.0,111.54774252742618,557.7387126371309,2.08,1.8463795372837504,5.0,600,100,0.002382812002906576,0.96,"{'Growth Department': 113.0, 'Trading/Opportunity Team': 114.0, 'Compliance Department': 109.0, 'Operations Department': 110.0, 'Risk Department': 111.73871263713087}",113.5,109.0,110.0,111.73871263713087,0.01,0.0,standard,4.0,Risk Department,risk_averse
centralized_risk_averse,9,75.13739122500944,75.97685979216187,False,,100,562.0,111.9321263644423,559.6606318222115,2.0257010915538443,1.8661940013031566,5.0,600,100,0.0022882660014147405,0.95,"{'Growth Department': 115.0, 'Trading/Opportunity Team': 112.0, 'Compliance Department': 110.0, 'Operations Department': 110.0, 'Risk Department': 112.66063182221153}",113.5,110.0,110.0,112.66063182221153,0.01,0.0,standard,4.0,Risk Department,risk_averse
structured_debate,0,2.3112782652849404,45.447505515876244,True,44.0,45,384.0,61.31341059249748,306.5670529624874,33.59260390955109,31.059866819757502,78.0,675,90,0.0016175669989024755,0.6,"{'Growth Department': 98.0, 'Trading/Opportunity Team': 97.0, 'Compliance Department': 20.0, 'Operations Department': 48.52082739718171, 'Risk Department': 43.04622556530569}",97.5,20.0,48.52082739718171,43.04622556530569,0.01,0.0,standard,,,
structured_debate,1,4.578114286320259,45.3819472454829,True,50.0,51,423.0,67.5629793626357,337.8148968131785,37.74587368118725,34.509499139745046,89.0,765,102,0.001766478999343235,0.5882352941176471,"{'Growth Department': 110.0, 'Trading/Opportunity Team': 105.0, 'Compliance Department': 21.0, 'Operations Department': 54.726607320598774, 'Risk Department': 47.08828949257972}",107.5,21.0,54.726607320598774,47.08828949257972,0.01,0.0,standard,,,
structured_debate,2,1.8818560382826348,45.69472629505648,True,43.0,44,377.0,59.96642166345496,299.8321083172748,32.3139780606775,29.78737279878398,76.0,660,88,0.0014752880015294068,0.5454545454545454,"{'Growth Department': 92.0, 'Trading/Opportunity Team': 98.0, 'Compliance Department': 22.0, 'Operations Department': 45.794471196509164, 'Risk Department': 42.037637120765645}",95.0,22.0,45.794471196509164,42.037637120765645,0.01,0.0,standard,,,
structured_debate,3,3.710287740223599,45.38521350343919,True,50.0,51,427.0,69.42417942200154,347.1208971100077,36.63079397125839,33.397426022074185,85.0,765,102,0.0017739079994498752,0.5882352941176471,"{'Growth Department': 112.0, 'Trading/Opportunity Team': 105.0, 'Compliance Department': 27.0, 'Operations Department': 57.06335943037263, 'Risk Department': 46.05753767963506}",108.5,27.0,57.06335943037263,46.05753767963506,0.01,0.0,standard,,,
structured_debate,4,2.530552438181296,45.18424254608232,True,45.0,46,392.0,62.776342066324844,313.8817103316242,32.95198540365169,30.37628004000259,77.0,690,92,0.0016762090017437004,0.5434782608695652,"{'Growth Department': 96.0, 'Trading/Opportunity Team': 101.0, 'Compliance Department': 24.0, 'Operations Department': 48.83161910444728, 'Risk Department': 44.050091227176964}",98.5,24.0,48.83161910444728,44.050091227176964,0.01,0.0,standard,,,
structured_debate,5,2.501732791866413,46.329961622289545,True,47.0,48,406.0,65.85331614269306,329.2665807134653,36.151994455066024,33.177631434880574,82.0,720,96,0.0015095839989953674,0.5416666666666666,"{'Growth Department': 105.0, 'Trading/Opportunity Team': 104.0, 'Compliance Department': 23.0, 'Operations Department': 55.216546057627966, 'Risk Department': 42.05003465583735}",104.5,23.0,55.216546057627966,42.05003465583735,0.01,0.0,standard,,,
structured_debate,6,2.3912311458769473,46.034868907496524,True,47.0,48,411.0,66.75706116647675,333.7853058323837,34.71234806033319,32.09827818457333,79.0,720,96,0.0015765370008011814,0.5416666666666666,"{'Growth Department': 104.0, 'Trading/Opportunity Team': 105.0, 'Compliance Department': 26.0, 'Operations Department': 53.737481209466104, 'Risk Department': 45.04782462291755}",104.5,26.0,53.737481209466104,45.04782462291755,0.01,0.0,standard,,,
structured_debate,7,0.0,44.66063675684215,True,46.0,47,396.0,62.15561190955147,310.7780595477573,36.805373606420225,33.97966745753716,86.0,705,94,0.0018979209999088198,0.5106382978723404,"{'Growth Department': 102.0, 'Trading/Opportunity Team': 101.0, 'Compliance Department': 16.0, 'Operations Department': 48.81164458788372, 'Risk Department': 42.96641495987358}",101.5,16.0,48.81164458788372,42.96641495987358,0.01,0.0,standard,,,
structured_debate,8,3.7838803668671286,45.981695792511076,True,48.0,49,416.0,67.82293620231651,339.11468101158255,35.187891582826026,32.07767854576813,83.0,735,98,0.00187232800089987,0.6122448979591837,"{'Growth Department': 102.0, 'Trading/Opportunity Team': 108.0, 'Compliance Department': 25.0, 'Operations Department': 56.03900340424517, 'Risk Department': 48.075677607337354}",105.0,25.0,56.03900340424517,48.075677607337354,0.01,0.0,standard,,,
structured_debate,9,1.2498897304777952,46.380979352132016,True,50.0,51,427.0,67.56947754121552,337.8473877060776,39.19600035286246,35.61464005843388,94.0,765,102,0.0017931350012077019,0.6274509803921569,"{'Growth Department': 111.0, 'Trading/Opportunity Team': 105.0, 'Compliance Department': 17.0, 'Operations Department': 56.82238991146805, 'Risk Department': 48.02499779460956}",108.0,17.0,56.82238991146805,48.02499779460956,0.01,0.0,standard,,,
independent,0,2.047057060862519,35.92430419080902,True,16.0,17,153.0,15.176355880941523,75.88177940470761,24.665465877841545,22.293866346718175,58.0,0,0,0.0004906649992335588,0.0,"{'Growth Department': 41.0, 'Trading/Opportunity Team': 39.0, 'Compliance Department': -17.0, 'Operations Department': 0.8408382634903608, 'Risk Department': 12.040941141217253}",40.0,-17.0,0.8408382634903608,12.040941141217253,0.01,0.05,standard,,,
independent,1,2.35371191276832,40.52259356908349,True,22.0,23,215.0,27.404976912862452,137.02488456431226,27.203550347830898,24.67907403540501,64.0,0,0,0.0006081370011088438,0.0,"{'Growth Department': 57.0, 'Trading/Opportunity Team': 54.0, 'Compliance Department': -7.0, 'Operations Department': 11.977810326056881, 'Risk Department': 21.047074238255366}",55.5,-7.0,11.977810326056881,21.047074238255366,0.01,0.05,standard,,,
independent,2,0.0,43.97905872644398,True,24.0,25,242.0,35.163609493259074,175.81804746629535,25.30911240539275,23.65046192982982,58.0,0,0,0.0006540980029967614,0.0,"{'Growth Department': 61.0, 'Trading/Opportunity Team': 66.0, 'Compliance Department': 8.0, 'Operations Department': 18.818047466295344, 'Risk Department': 22.0}",63.5,8.0,18.818047466295344,22.0,0.01,0.05,standard,,,
independent,3,0.11157982599168292,43.008772587618814,True,25.0,26,250.0,36.396005863186474,181.98002931593237,26.403552364893994,24.963590784770027,60.0,0,0,0.000665829997160472,0.0,"{'Growth Department': 69.0, 'Trading/Opportunity Team': 64.0, 'Compliance Department': 9.0, 'Operations Department': 18.97779771941254, 'Risk Department': 21.00223159651984}",66.5,9.0,18.97779771941254,21.00223159651984,0.01,0.05,standard,,,
independent,4,0.0,43.358419378979995,True,25.0,26,248.0,36.27521193581178,181.3760596790589,26.499830451350572,24.78396483369046,60.0,0,0,0.0006683949977741577,0.0,"{'Growth Department': 64.0, 'Trading/Opportunity Team': 68.0, 'Compliance Department': 8.0, 'Operations Department': 18.376059679058894, 'Risk Department': 23.000000000000007}",66.0,8.0,18.376059679058894,23.000000000000007,0.01,0.05,standard,,,
independent,5,3.131132337872243,44.99802794456248,True,16.0,17,167.0,23.74698198555766,118.73490992778831,17.26998037651881,16.36497397962887,38.0,0,0,0.000457362002634909,0.0,"{'Growth Department': 43.0, 'Trading/Opportunity Team': 44.0, 'Compliance Department': 6.0, 'Operations Department': 14.672287281030869, 'Risk Department': 11.062622646757443}",43.5,6.0,14.672287281030869,11.062622646757443,0.01,0.05,standard,,,
independent,6,2.1594481863913373,40.57211441826042,True,25.0,26,247.0,33.371244775136844,166.8562238756842,31.06991441408698,28.82981018393177,70.0,0,0,0.0005890730026294477,0.0,"{'Growth Department': 67.0, 'Trading/Opportunity Team': 68.0, 'Compliance Department': -2.0, 'Operations Department': 12.813034911956372, 'Risk Department': 21.04318896372783}",67.5,-2.0,12.813034911956372,21.04318896372783,0.01,0.05,standard,,,
independent,7,1.4137229504656865,45.24439826310548,True,19.0,20,192.0,27.06733079258213,135.33665396291065,21.550659279375786,20.321220519741665,49.0,0,0,0.0004682559992943425,0.0,"{'Growth Department': 53.0, 'Trading/Opportunity Team': 50.0, 'Compliance Department': 4.0, 'Operations Department': 13.308379503901342, 'Risk Department': 15.028274459009317}",51.5,4.0,13.308379503901342,15.028274459009317,0.01,0.05,standard,,,
independent,8,0.0,40.52766533093127,True,24.0,25,242.0,33.589301288212965,167.94650644106483,29.128558969429633,26.582671986243472,67.0,0,0,0.0005958499968983233,0.0,"{'Growth Department': 63.0, 'Trading/Opportunity Team': 66.0, 'Compliance Department': -1.0, 'Operations Department': 14.946506441064816, 'Risk Department': 25.000000000000004}",64.5,-1.0,14.946506441064816,25.000000000000004,0.01,0.05,standard,,,
independent,9,2.5610441726290585,42.84832574490393,True,24.0,25,243.0,35.25676324691792,176.2838162345896,26.68278474381808,25.210106741588664,61.0,0,0,0.0005956329987384379,0.0,"{'Growth Department': 67.0, 'Trading/Opportunity Team': 64.0, 'Compliance Department': 6.0, 'Operations Department': 19.232595351137014, 'Risk Department': 20.051220883452586}",65.5,6.0,19.232595351137014,20.051220883452586,0.01,0.05,standard,,,
voting,0,4.971358285366485,34.56056174444669,True,10.0,11,115.0,9.88543959855859,49.42719799279295,10.187556667666302,9.862165838312977,25.0,55,11,0.00048443799823871814,1.0,"{'Growth Department': 18.0, 'Trading/Opportunity Team': 18.0, 'Compliance Department': -7.0, 'Operations Department': 4.3277708270856134, 'Risk Department': 16.099427165707333}",18.0,-7.0,4.3277708270856134,16.099427165707333,0.01,0.05,standard,,,
voting,1,2.8763312193525543,34.108576950048835,True,23.0,24,215.0,24.91593753044804,124.5796876522402,15.715660484242356,15.299647761697146,35.0,120,24,0.0007777549981256016,1.0,"{'Growth Department': 38.0, 'Trading/Opportunity Team': 38.0, 'Compliance Department': 3.0, 'Operations Department': 9.777121973485277, 'Risk Department': 35.80256567875492}",38.0,3.0,9.777121973485277,35.80256567875492,0.01,0.05,standard,,,
voting,2,4.729213657517173,36.528829079526375,True,18.0,19,195.0,21.323147815633355,106.61573907816677,16.214513433984845,15.849852094625742,40.0,95,19,0.0006441769983211998,1.0,"{'Growth Department': 34.0, 'Trading/Opportunity Team': 34.0, 'Compliance Department': -6.0, 'Operations Department': 12.659291037594716, 'Risk Department': 31.956448040572056}",34.0,-6.0,12.659291037594716,31.956448040572056,0.01,0.05,standard,,,
voting,3,3.6849617520282045,34.367214793808344,True,29.0,30,260.0,33.57486903272117,167.87434516360582,15.900782131444355,15.544479437596697,34.68994416076361,150,30,0.0009057120005309116,1.0,"{'Growth Department': 47.0, 'Trading/Opportunity Team': 47.0, 'Compliance Department': 17.0, 'Operations Department': 12.31005583923639, 'Risk Department': 44.564289324369454}",47.0,17.0,12.31005583923639,44.564289324369454,0.01,0.05,standard,,,
voting,4,1.8848532104224862,37.19018024132354,True,28.0,29,260.0,36.923115278902614,184.61557639451308,12.03667883850595,11.511047645085927,27.614621370331093,145,29,0.0009357369999634102,1.0,"{'Growth Department': 47.0, 'Trading/Opportunity Team': 47.0, 'Compliance Department': 27.0, 'Operations Department': 19.385378629668907, 'Risk Department': 44.23019776484417}",47.0,27.0,19.385378629668907,44.23019776484417,0.01,0.05,standard,,,
voting,5,2.458587967904741,35.611041946603045,True,17.0,18,165.0,19.553118206084513,97.76559103042257,9.593048723104548,9.452022312502168,20.0,90,18,0.0005597330018645152,1.0,"{'Growth Department': 28.0, 'Trading/Opportunity Team': 28.0, 'Compliance Department': 8.0, 'Operations Department': 8.043445480596574, 'Risk Department': 25.72214554982599}",28.0,8.0,8.043445480596574,25.72214554982599,0.01,0.05,standard,,,
voting,6,3.963466293470974,32.75398857777088,True,38.0,39,320.0,41.38197109595524,206.90985547977618,20.82732784398645,20.44381094336782,45.085399512457656,195,39,0.0010918379994109273,1.0,"{'Growth Department': 59.0, 'Trading/Opportunity Team': 59.0, 'Compliance Department': 19.0, 'Operations Department': 13.914600487542348, 'Risk Department': 55.995254992233846}",59.0,19.0,13.914600487542348,55.995254992233846,0.01,0.05,standard,,,
voting,7,4.458254226913898,32.079630136670495,True,35.0,36,275.0,35.75619147501468,178.7809573750734,17.940635020372156,17.409655809857625,43.56448443866299,180,36,0.0009405259988852777,1.0,"{'Growth Department': 50.0, 'Trading/Opportunity Team': 50.0, 'Compliance Department': 25.0, 'Operations Department': 6.43551556133701, 'Risk Department': 47.34544181373639}",50.0,25.0,6.43551556133701,47.34544181373639,0.01,0.05,standard,,,
voting,8,3.947312313290139,34.24793984283637,True,34.0,35,300.0,42.86754779113171,214.33773895565855,15.290470978408294,14.83134404158227,37.78272180752592,175,35,0.0009748510019562673,1.0,"{'Growth Department': 55.0, 'Trading/Opportunity Team': 55.0, 'Compliance Department': 35.0, 'Operations Department': 17.21727819247408, 'Risk Department': 52.12046076318446}",55.0,35.0,17.21727819247408,52.12046076318446,0.01,0.05,standard,,,
voting,9,4.297094878670768,35.177351751356106,True,18.0,19,190.0,20.08099944627499,100.40499723137495,16.406869453064985,15.986819485877712,40.0,95,19,0.000586010002734838,1.0,"{'Growth Department': 33.0, 'Trading/Opportunity Team': 33.0, 'Compliance Department': -7.0, 'Operations Department': 10.45706591834385, 'Risk Department': 30.94793131303109}",33.0,-7.0,10.45706591834385,30.94793131303109,0.01,0.05,standard,,,
adaptive_voting,0,66.6194192734224,62.80997621431883,False,,100,630.0,124.33921322949573,621.6960661474786,2.3954173849478138,2.58231105374487,6.667424803402497,500,100,0.0026284260020474903,1.0,"{'Growth Department': 126.0, 'Trading/Opportunity Team': 126.0, 'Compliance Department': 126.0, 'Operations Department': 124.36349095088116, 'Risk Department': 119.3325751965975}",126.0,126.0,124.36349095088116,119.3325751965975,0.01,0.05,standard,,,
adaptive_voting,1,60.690964839402554,63.755888442937454,False,,100,660.0,130.5667971531849,652.8339857659245,2.1803566402448586,2.5287817841296945,6.461214767454848,500,100,0.002678202999959467,1.0,"{'Growth Department': 132.0, 'Trading/Opportunity Team': 132.0, 'Compliance Department': 132.0, 'Operations Department': 131.29520053337933, 'Risk Department': 125.53878523254515}",132.0,132.0,131.29520053337933,125.53878523254515,0.01,0.05,standard,,,
adaptive_voting,2,45.643264409664724,50.872242951524775,False,,100,675.0,126.93401276891754,634.6700638445877,11.865470573100914,13.125369292026827,33.82925492646841,500,100,0.002878310999221867,1.0,"{'Growth Department': 135.0, 'Trading/Opportunity Team': 135.0, 'Compliance Department': 135.0, 'Operations Department': 101.17074507353159, 'Risk Department': 128.4993187710561}",135.0,135.0,101.17074507353159,128.4993187710561,0.01,0.05,standard,,,
adaptive_voting,3,38.67123876142653,63.00564949315665,False,,100,695.0,136.78458706768942,683.9229353384471,2.819006462221046,2.7865104498867064,6.541725727328583,500,100,0.0025905229995260015,1.0,"{'Growth Department': 139.0, 'Trading/Opportunity Team': 139.0, 'Compliance Department': 139.0, 'Operations Department': 134.46466106577563, 'Risk Department': 132.45827427267142}",139.0,139.0,134.46466106577563,132.45827427267142,0.01,0.05,standard,,,
adaptive_voting,4,50.84087149201606,64.28355783521546,False,,100,695.0,137.67366800422946,688.3683400211473,2.033771916841265,2.386146388310461,6.079414501405324,500,100,0.002817452997987857,1.0,"{'Growth Department': 139.0, 'Trading/Opportunity Team': 139.0, 'Compliance Department': 139.0, 'Operations Department': 138.44775452255274, 'Risk Department': 132.92058549859468}",139.0,139.0,138.44775452255274,132.92058549859468,0.01,0.05,standard,,,
adaptive_voting,5,53.0897417495803,64.92479876350845,False,,100,660.0,130.65968658639397,653.2984329319698,2.0642024577317533,2.437454859305535,6.199698292793315,500,100,0.0026987680030288175,1.0,"{'Growth Department': 132.0, 'Trading/Opportunity Team': 132.0, 'Compliance Department': 132.0, 'Operations Department': 131.49813122476317, 'Risk Department': 125.80030170720669}",132.0,132.0,131.49813122476317,125.80030170720669,0.01,0.05,standard,,,
adaptive_voting,6,62.982230790873004,63.86005470869596,False,,100,690.0,136.6748162175392,683.3740810876959,2.067920645638228,2.4899301867334955,6.298585122934867,500,100,0.0028828239992435556,1.0,"{'Growth Department': 138.0, 'Trading/Opportunity Team': 138.0, 'Compliance Department': 138.0, 'Operations Department': 137.6726662106308, 'Risk Department': 131.70141487706513}",138.0,138.0,137.6726662106308,131.70141487706513,0.01,0.05,standard,,,
adaptive_voting,7,50.10242103949715,63.57510005528501,False,,100,670.0,131.84943689736878,659.2471844868438,2.7194217691941276,2.690384918142218,6.243570544307175,500,100,0.0027584780000324827,1.0,"{'Growth Department': 134.0, 'Trading/Opportunity Team': 134.0, 'Compliance Department': 134.0, 'Operations Department': 129.49075503115105, 'Risk Department': 127.75642945569282}",134.0,134.0,129.49075503115105,127.75642945569282,0.01,0.05,standard,,,
adaptive_voting,8,67.692984224541,59.77414613898623,False,,100,700.0,136.73009454602067,683.6504727301034,4.236785683424601,4.191443874229195,10.130383251507084,500,100,0.002785458997095702,1.0,"{'Growth Department': 140.0, 'Trading/Opportunity Team': 140.0, 'Compliance Department': 140.0, 'Operations Department': 129.86961674849292, 'Risk Department': 133.78085598161042}",140.0,140.0,129.86961674849292,133.78085598161042,0.01,0.05,standard,,,
adaptive_voting,9,70.63182072653599,64.98968168368553,False,,100,675.0,133.78725929300944,668.9362964650472,1.940385131184903,2.425481413981129,6.063703534952822,500,100,0.0028583009989233688,1.0,"{'Growth Department': 135.0, 'Trading/Opportunity Team': 135.0, 'Compliance Department': 135.0, 'Operations Department': 135.0, 'Risk Department': 128.93629646504718}",135.0,135.0,135.0,128.93629646504718,0.01,0.05,standard,,,
centralized_profit,0,4.83966494018177,35.034170707337424,True,24.0,25,204.0,24.769219469734985,123.84609734867492,26.280111352020594,24.051828003489966,57.0,150,25,0.0007573610018880572,0.52,"{'Growth Department': 53.0, 'Trading/Opportunity Team': 51.0, 'Compliance Department': -4.0, 'Operations Department': 0.7493040498712835, 'Risk Department': 23.096793298803632}",52.0,-4.0,0.7493040498712835,23.096793298803632,0.01,0.05,standard,0.0,Growth Department,profit
centralized_profit,1,3.6606180655220655,41.15487408843903,True,30.0,31,266.0,39.84913354639134,199.24566773195673,24.441669734812475,22.99890280667116,53.0,186,31,0.0010914749982475769,0.4838709677419355,"{'Growth Department': 69.0, 'Trading/Opportunity Team': 66.0, 'Compliance Department': 16.0, 'Operations Department': 19.239564157422045, 'Risk Department': 29.006103574534666}",67.5,16.0,19.239564157422045,29.006103574534666,0.01,0.05,standard,0.0,Growth Department,profit
centralized_profit,2,4.901636214835722,45.96091405407051,True,27.0,28,253.0,37.44424877594935,187.22124387974674,23.801900672910996,22.49380084378757,53.0,168,28,0.0009581689992046449,0.32142857142857145,"{'Growth Department': 65.0, 'Trading/Opportunity Team': 64.0, 'Compliance Department': 12.0, 'Operations Department': 21.238120794306276, 'Risk Department': 24.983123085440454}",64.5,12.0,21.238120794306276,24.983123085440454,0.01,0.05,standard,0.0,Growth Department,profit
centralized_profit,3,0.0,39.99855518117878,True,37.0,38,325.0,46.823456113691456,234.1172805684573,33.892201761399555,31.551304069292446,75.0,228,38,0.0011701619987434242,0.4473684210526316,"{'Growth Department': 86.0, 'Trading/Opportunity Team': 83.0, 'Compliance Department': 11.0, 'Operations Department': 21.173738991252776, 'Risk Department': 32.94354157720452}",84.5,11.0,21.173738991252776,32.94354157720452,0.01,0.05,standard,0.0,Growth Department,profit
centralized_profit,4,2.9270080908778553,44.03099321496956,True,30.0,31,274.0,38.9559193731179,194.7795968655895,28.49954322753215,26.259812121624226,66.0,186,31,0.001067479999619536,0.41935483870967744,"{'Growth Department': 70.0, 'Trading/Opportunity Team': 69.0, 'Compliance Department': 4.0, 'Operations Department': 22.87785482792405, 'Risk Department': 28.901742037665443}",69.5,4.0,22.87785482792405,28.901742037665443,0.01,0.05,standard,0.0,Growth Department,profit
centralized_profit,5,3.6069624287648345,40.61167376081792,True,20.0,21,185.0,23.000337916168807,115.00168958084403,22.088798765406768,20.368157289373862,52.0,126,21,0.0006731190005666576,0.2857142857142857,"{'Growth Department': 47.0, 'Trading/Opportunity Team': 46.0, 'Compliance Department': -5.0, 'Operations Department': 11.945007716207703, 'Risk Department': 15.056681864636335}",46.5,-5.0,11.945007716207703,15.056681864636335,0.01,0.05,standard,0.0,Growth Department,profit
centralized_profit,6,4.322433447014699,38.830363772368386,True,45.0,46,381.0,57.88701580336565,289.43507901682824,38.39341914527653,35.77139322831199,83.47943482898914,276,46,0.0013553719982155599,0.5869565217391305,"{'Growth Department': 102.0, 'Trading/Opportunity Team': 99.0, 'Compliance Department': 26.0, 'Operations Department': 18.52056517101086, 'Risk Department': 43.91451384581738}",100.5,26.0,18.52056517101086,43.91451384581738,0.01,0.05,standard,0.0,Growth Department,profit
centralized_profit,7,4.619679310973632,41.247127887737555,True,28.0,29,243.0,33.265133624410325,166.3256681220516,27.479524889923525,25.278172022917317,61.0,174,29,0.0008615389997430611,0.5172413793103449,"{'Growth Department': 64.0, 'Trading/Opportunity Team': 62.0, 'Compliance Department': 3.0, 'Operations Department': 12.252969437977956, 'Risk Department': 25.072698684073668}",63.0,3.0,12.252969437977956,25.072698684073668,0.01,0.05,standard,0.0,Growth Department,profit
centralized_profit,8,0.15699031315447343,38.81281946970807,True,37.0,38,329.0,47.70974422430137,238.54872112150684,36.056282106303634,33.42396895274503,78.0,228,38,0.0011569470007088967,0.4473684210526316,"{'Growth Department': 87.0, 'Trading/Opportunity Team': 87.0, 'Compliance Department': 9.0, 'Operations Department': 17.648236835602297, 'Risk Department': 37.90048428590456}",87.0,9.0,17.648236835602297,37.90048428590456,0.01,0.05,standard,0.0,Growth Department,profit
centralized_profit,9,0.0,40.46074882044772,True,33.0,34,300.0,42.84359273799557,214.21796368997786,33.24277427403798,30.66131883989765,75.0,204,34,0.0009456799998588394,0.38235294117647056,"{'Growth Department': 80.0, 'Trading/Opportunity Team': 78.0, 'Compliance Department': 5.0, 'Operations Department': 20.232660787262652, 'Risk Department': 30.98530290271522}",79.0,5.0,20.232660787262652,30.98530290271522,0.01,0.05,standard,0.0,Growth Department,profit
centralized_sustainability,0,65.0626094026742,65.97551357326161,False,,100,607.0,120.24697464092712,601.2348732046356,9.036104367449784,10.986345193297495,27.710525501196713,600,100,0.0027295010004309006,0.99,"{'Growth Department': 126.0, 'Trading/Opportunity Team': 126.0, 'Compliance Department': 126.0, 'Operations Department': 124.94539870583228, 'Risk Department': 98.28947449880329}",126.0,126.0,124.94539870583228,98.28947449880329,0.01,0.05,standard,2.0,Compliance Department,sustainability
centralized_sustainability,1,64.55251607869057,68.14839241055901,False,,100,622.0,123.41240633316556,617.0620316658278,10.860149866935103,12.26520226534936,32.9379683341722,600,100,0.00272861299890792,0.97,"{'Growth Department': 130.0, 'Trading/Opportunity Team': 128.0, 'Compliance Department': 132.0, 'Operations Department': 128.0, 'Risk Department': 99.0620316658278}",129.0,132.0,128.0,99.0620316658278,0.01,0.05,standard,2.0,Compliance Department,sustainability
centralized_sustainability,2,66.23490181846095,65.47024637370932,False,,100,626.0,123.71712007795838,618.5856003897919,11.194369844939947,12.295407018991812,32.55041192066656,600,100,0.0026636509974196088,0.95,"{'Growth Department': 130.0, 'Trading/Opportunity Team': 131.0, 'Compliance Department': 132.0, 'Operations Department': 126.13601231045845, 'Risk Department': 99.44958807933344}",130.5,132.0,126.13601231045845,99.44958807933344,0.01,0.05,standard,2.0,Compliance Department,sustainability
centralized_sustainability,3,59.63903021935678,68.17255919950202,False,,100,641.0,127.18373923831177,635.9186961915589,12.826017218701153,14.707504415504177,38.081303808441106,600,100,0.002566556999227032,0.96,"{'Growth Department': 136.0, 'Trading/Opportunity Team': 134.0, 'Compliance Department': 136.0, 'Operations Department': 132.0, 'Risk Department': 97.9186961915589}",135.0,136.0,132.0,97.9186961915589,0.01,0.05,standard,2.0,Compliance Department,sustainability
centralized_sustainability,4,66.44131566821886,67.93146336673883,False,,100,652.0,129.4360813772513,647.1804068862565,13.702269796397923,15.721936807268875,40.81959311374351,600,100,0.0025920919979398604,0.95,"{'Growth Department': 138.0, 'Trading/Opportunity Team': 138.0, 'Compliance Department': 139.0, 'Operations Department': 134.0, 'Risk Department': 98.18040688625649}",138.0,139.0,134.0,98.18040688625649,0.01,0.05,standard,2.0,Compliance Department,sustainability
centralized_sustainability,5,67.36862018383644,67.61570158767387,False,,100,625.0,123.98016020290542,619.9008010145271,11.871743675351299,13.618844426503351,35.09919898547281,600,100,0.0025519049995637033,0.99,"{'Growth Department': 131.0, 'Trading/Opportunity Team': 132.0, 'Compliance Department': 132.0, 'Operations Department': 128.0, 'Risk Department': 96.90080101452719}",131.5,132.0,128.0,96.90080101452719,0.01,0.05,standard,2.0,Compliance Department,sustainability
centralized_sustainability,6,66.48284494313218,68.69576466593081,False,,100,646.0,128.22746534190833,641.1373267095416,12.756055452946658,14.620500723729593,37.862673290458304,600,100,0.0026249199981975835,0.97,"{'Growth Department': 137.0, 'Trading/Opportunity Team': 135.0, 'Compliance Department': 137.0, 'Operations Department': 133.0, 'Risk Department': 99.1373267095417}",136.0,137.0,133.0,99.1373267095417,0.01,0.05,standard,2.0,Compliance Department,sustainability
centralized_sustainability,7,58.61390714285157,67.3547659752627,False,,100,637.0,126.28820125058567,631.4410062529283,13.350492645528197,14.763267141511385,38.88158528747954,600,100,0.002556644998549018,0.97,"{'Growth Department': 135.0, 'Trading/Opportunity Team': 134.0, 'Compliance Department': 136.0, 'Operations Department': 129.32259154040784, 'Risk Department': 97.11841471252046}",134.5,136.0,129.32259154040784,97.11841471252046,0.01,0.05,standard,2.0,Compliance Department,sustainability
centralized_sustainability,8,69.1337407702664,68.14694821804355,False,,100,658.0,130.65535578667658,653.276778933383,13.351430741317454,14.851774118980536,38.72322106661704,600,100,0.0026305530009267386,0.95,"{'Growth Department': 138.0, 'Trading/Opportunity Team': 140.0, 'Compliance Department': 140.0, 'Operations Department': 134.0, 'Risk Department': 101.27677893338296}",139.0,140.0,134.0,101.27677893338296,0.01,0.05,standard,2.0,Compliance Department,sustainability
centralized_sustainability,9,68.48065453648785,68.84120534475376,False,,100,642.0,127.45707089962995,637.2853544981498,12.068686560592074,13.679383869554096,35.71464550185023,600,100,0.0031783300000824966,0.97,"{'Growth Department': 136.0, 'Trading/Opportunity Team': 132.0, 'Compliance Department': 136.0, 'Operations Department': 133.0, 'Risk Department': 100.28535449814977}",134.0,136.0,133.0,100.28535449814977,0.01,0.05,standard,2.0,Compliance Department,sustainability
centralized_risk_averse,0,71.26987965490845,70.49001924513006,False,,100,555.0,110.05938739320098,550.2969369660049,2.672490085439215,2.485268170053467,6.0,600,100,0.0029146939996280707,0.96,"{'Growth Department': 113.0, 'Trading/Opportunity Team': 113.0, 'Compliance Department': 107.0, 'Operations Department': 109.0, 'Risk Department': 108.2969369660049}",113.0,107.0,109.0,108.2969369660049,0.01,0.05,standard,4.0,Risk Department,risk_averse
centralized_risk_averse,1,70.24313325500495,74.00482464083443,False,,100,540.0,107.37287229686385,536.8643614843193,2.08,1.8613559067568732,5.0,600,100,0.0027942060005443636,0.96,"{'Growth Department': 110.0, 'Trading/Opportunity Team': 109.0, 'Compliance Department': 105.0, 'Operations Department': 106.0, 'Risk Department': 106.8643614843192}",109.5,105.0,106.0,106.8643614843192,0.01,0.05,standard,4.0,Risk Department,risk_averse
centralized_risk_averse,2,65.13914595600163,70.08509254159272,False,,100,570.0,112.93110689205123,564.6555344602561,3.7156926460160546,3.314606576615285,9.0,600,100,0.002785082000627881,0.95,"{'Growth Department': 116.0, 'Trading/Opportunity Team': 117.0, 'Compliance Department': 108.0, 'Operations Department': 110.77692096239966, 'Risk Department': 112.87861349785649}",116.5,108.0,110.77692096239966,112.87861349785649,0.01,0.05,standard,4.0,Risk Department,risk_averse
centralized_risk_averse,3,66.24517834675494,75.80589470546411,False,,100,534.0,106.28714150481815,531.4357075240907,1.6902867961454808,1.5431250616474117,4.0,600,100,0.0028594209979928564,0.98,"{'Growth Department': 108.0, 'Trading/Opportunity Team': 108.0, 'Compliance Department': 104.0, 'Operations Department': 106.0, 'Risk Department': 105.43570752409074}",108.0,104.0,106.0,105.43570752409074,0.01,0.05,standard,4.0,Risk Department,risk_averse
centralized_risk_averse,4,70.57160039115259,76.07301248825614,False,,100,542.0,107.94743376617434,539.7371688308717,1.92,1.7919410804360874,4.0,600,100,0.0027183400015928783,0.97,"{'Growth Department': 110.0, 'Trading/Opportunity Team': 110.0, 'Compliance Department': 106.0, 'Operations Department': 106.0, 'Risk Department': 107.73716883087175}",110.0,106.0,106.0,107.73716883087175,0.01,0.05,standard,4.0,Risk Department,risk_averse
centralized_risk_averse,5,69.02451585270094,74.18857647738697,False,,100,537.0,106.80667596847661,534.033379842383,2.08,1.9363617236089525,5.0,600,100,0.002663590999873122,0.97,"{'Growth Department': 109.0, 'Trading/Opportunity Team': 109.0, 'Compliance Department': 104.0, 'Operations Department': 106.0, 'Risk Department': 106.03337984238303}",109.0,104.0,106.0,106.03337984238303,0.01,0.05,standard,4.0,Risk Department,risk_averse
centralized_risk_averse,6,75.10783584987367,73.662892188038,False,,100,569.0,113.19928371126896,565.9964185563448,3.36,3.059224736809724,9.0,600,100,0.0028221950014994945,0.95,"{'Growth Department': 117.0, 'Trading/Opportunity Team': 115.0, 'Compliance Department': 108.0, 'Operations Department': 112.0, 'Risk Department': 113.9964185563448}",116.0,108.0,112.0,113.9964185563448,0.01,0.05,standard,4.0,Risk Department,risk_averse
centralized_risk_averse,7,71.45314187891246,74.22800602459957,False,,100,544.0,108.1867889935191,540.9339449675955,1.4611376103694511,1.4806770540273564,3.0660550324045346,600,100,0.002724153000599472,0.97,"{'Growth Department': 110.0, 'Trading/Opportunity Team': 110.0, 'Compliance Department': 107.0, 'Operations Department': 107.0, 'Risk Department': 106.93394496759547}",110.0,107.0,107.0,106.93394496759547,0.01,0.05,standard,4.0,Risk Department,risk_averse
centralized_risk_averse,8,78.84183282265117,75.25770398634216,False,,100,560.0,111.47942509876357,557.3971254938178,2.08,1.8443679964268405,5.0,600,100,0.0027572950020839926,0.96,"{'Growth Department': 113.0, 'Trading/Opportunity Team': 114.0, 'Compliance Department': 109.0, 'Operations Department': 110.0, 'Risk Department': 111.39712549381778}",113.5,109.0,110.0,111.39712549381778,0.01,0.05,standard,4.0,Risk Department,risk_averse
centralized_risk_averse,9,74.20620652707332,74.41262627703144,False,,100,561.0,111.5973882270675,557.9869411353375,2.24,2.0586252371632385,6.0,600,100,0.002823364997311728,0.95,"{'Growth Department': 115.0, 'Trading/Opportunity Team': 112.0, 'Compliance Department': 109.0, 'Operations Department': 110.0, 'Risk Department': 111.98694113533747}",113.5,109.0,110.0,111.98694113533747,0.01,0.05,standard,4.0,Risk Department,risk_averse
structured_debate,0,1.7067790405204413,36.311227908346936,True,19.0,20,172.0,18.438600943421466,92.19300471710733,26.054580938192494,23.56038279223636,60.0,300,40,0.0010169559973292053,0.2,"{'Growth Department': 46.0, 'Trading/Opportunity Team': 44.0, 'Compliance Department': -14.0, 'Operations Department': 1.158869136296917, 'Risk Department': 15.034135580810409}",45.0,-14.0,1.158869136296917,15.034135580810409,0.01,0.05,standard,,,
structured_debate,1,3.865955327808681,44.36528137320758,True,35.0,36,304.0,46.24904628391532,231.2452314195766,27.98762894295101,25.493280275058765,67.0,540,72,0.0015407629980472848,0.5277777777777778,"{'Growth Department': 78.0, 'Trading/Opportunity Team': 73.0, 'Compliance Department': 11.0, 'Operations Department': 37.16791231302042, 'Risk Department': 32.07731910655618}",75.5,11.0,37.16791231302042,32.07731910655618,0.01,0.05,standard,,,
structured_debate,2,1.157467842957832,48.890655406806545,True,33.0,34,294.0,47.075243364856625,235.37621682428312,23.036296102902533,21.08554429402465,53.0,510,68,0.0014515380025841296,0.5588235294117647,"{'Growth Department': 69.0, 'Trading/Opportunity Team': 75.0, 'Compliance Department': 22.0, 'Operations Department': 38.35306746742395, 'Risk Department': 31.023149356859157}",72.0,22.0,38.35306746742395,31.023149356859157,0.01,0.05,standard,,,
structured_debate,3,4.86931365316671,45.10957280937938,True,49.0,50,417.0,67.28406800779675,336.42034003898374,35.82681154322322,32.88655998751146,83.0,750,100,0.00199319000239484,0.58,"{'Growth Department': 109.0, 'Trading/Opportunity Team': 103.0, 'Compliance Department': 26.0, 'Operations Department': 53.33791218412885, 'Risk Department': 45.08242785485489}",106.0,26.0,53.33791218412885,45.08242785485489,0.01,0.05,standard,,,
structured_debate,4,0.11082438845632048,44.03689088960142,True,39.0,40,335.0,50.31227816154182,251.5613908077091,30.6304735117359,28.245743957976295,74.0,600,80,0.0016946930008998606,0.525,"{'Growth Department': 80.0, 'Trading/Opportunity Team': 86.0, 'Compliance Department': 12.0, 'Operations Department': 36.559540551650656, 'Risk Department': 37.00185025605844}",83.0,12.0,36.559540551650656,37.00185025605844,0.01,0.05,standard,,,
structured_debate,5,3.4664908238064527,43.35011324873276,True,22.0,23,199.0,26.05837310709103,130.29186553545514,22.068907229363823,20.507480157412434,53.0,345,46,0.0009069820007425733,0.43478260869565216,"{'Growth Department': 49.0, 'Trading/Opportunity Team': 50.0, 'Compliance Department': -3.0, 'Operations Department': 17.22253571897904, 'Risk Department': 17.069329816476127}",49.5,-3.0,17.22253571897904,17.069329816476127,0.01,0.05,standard,,,
structured_debate,6,0.02400725728016262,45.46865960955431,True,46.0,47,401.0,63.66200693016397,318.31003465081983,35.0399231767767,32.2802605742402,81.0,705,94,0.0018104240007232875,0.5531914893617021,"{'Growth Department': 101.0, 'Trading/Opportunity Team': 101.0, 'Compliance Department': 20.0, 'Operations Department': 52.3095545056742, 'Risk Department': 44.00048014514561}",101.0,20.0,52.3095545056742,44.00048014514561,0.01,0.05,standard,,,
structured_debate,7,0.5307606297252221,42.671489203647624,True,27.0,28,237.0,30.323215222314936,151.61607611157467,27.743126256163176,25.414073276156913,68.0,420,56,0.0013827570001012646,0.5,"{'Growth Department': 60.0, 'Trading/Opportunity Team': 57.0, 'Compliance Department': -8.0, 'Operations Department': 19.605460898980162, 'Risk Department': 23.01061521259451}",58.5,-8.0,19.605460898980162,23.01061521259451,0.01,0.05,standard,,,
structured_debate,8,0.1817819201134787,44.570168905891926,True,48.0,49,417.0,67.361524978848,336.80762489423995,35.679418297855634,32.909351558314306,84.0,735,98,0.0019208029989385977,0.5918367346938775,"{'Growth Department': 103.0, 'Trading/Opportunity Team': 109.0, 'Compliance Department': 25.0, 'Operations Department': 51.80398925583769, 'Risk Department': 48.003635638402294}",106.0,25.0,51.80398925583769,48.003635638402294,0.01,0.05,standard,,,
structured_debate,9,4.3754073093717345,48.56922635292205,True,40.0,41,348.0,56.521041026856075,282.60520513428037,27.985998696610014,25.308049144906896,64.0,615,82,0.0016382390022045001,0.7073170731707317,"{'Growth Department': 86.0, 'Trading/Opportunity Team': 84.0, 'Compliance Department': 22.0, 'Operations Department': 53.517696988092936, 'Risk Department': 37.08750814618743}",85.0,22.0,53.517696988092936,37.08750814618743,0.01,0.05,standard,,,
independent,0,2.047057060862519,35.92430419080902,True,16.0,17,153.0,15.176355880941523,75.88177940470761,24.665465877841545,22.293866346718175,58.0,0,0,0.0005565460014622658,0.0,"{'Growth Department': 41.0, 'Trading/Opportunity Team': 39.0, 'Compliance Department': -17.0, 'Operations Department': 0.8408382634903608, 'Risk Department': 12.040941141217253}",40.0,-17.0,0.8408382634903608,12.040941141217253,0.01,0.1,standard,,,
independent,1,0.0,42.86054244386342,True,20.0,21,200.0,27.212182935997912,136.06091467998957,22.55025365120167,20.68367951582545,52.0,0,0,0.0006516460016428027,0.0,"{'Growth Department': 53.0, 'Trading/Opportunity Team': 50.0, 'Compliance Department': 1.0, 'Operations Department': 13.060914679989573, 'Risk Department': 19.0}",51.5,1.0,13.060914679989573,19.0,0.01,0.1,standard,,,
independent,2,4.879744643824912,38.304732852148405,True,19.0,20,189.0,23.5726708858563,117.8633544292815,23.0774784741752,21.11405411356819,55.0,0,0,0.0008225440033129416,0.0,"{'Growth Department': 46.0, 'Trading/Opportunity Team': 50.0, 'Compliance Department': -5.0, 'Operations Department': 11.765759536405007, 'Risk Department': 15.097594892876497}",48.0,-5.0,11.765759536405007,15.097594892876497,0.01,0.1,standard,,,
independent,3,0.11157982599168292,43.008772587618814,True,25.0,26,250.0,36.396005863186474,181.98002931593237,26.403552364893994,24.963590784770027,60.0,0,0,0.0007590809982502833,0.0,"{'Growth Department': 69.0, 'Trading/Opportunity Team': 64.0, 'Compliance Department': 9.0, 'Operations Department': 18.97779771941254, 'Risk Department': 21.00223159651984}",66.5,9.0,18.97779771941254,21.00223159651984,0.01,0.1,standard,,,
independent,4,2.9531109826792274,40.13691131046563,True,24.0,25,235.0,33.358900251060916,166.7945012553046,26.762329754295838,24.828142829102106,60.0,0,0,0.0008380119979847223,0.0,"{'Growth Department': 61.0, 'Trading/Opportunity Team': 65.0, 'Compliance Department': 5.0, 'Operations Department': 13.73543903565102, 'Risk Department': 22.059062219653587}",63.0,5.0,13.73543903565102,22.059062219653587,0.01,0.1,standard,,,
independent,5,0.0,42.918154598444104,True,14.0,15,147.0,17.480127583235365,87.40063791617683,18.08,16.63851101069347,43.0,0,0,0.000504502997500822,0.0,"{'Growth Department': 37.0, 'Trading/Opportunity Team': 36.0, 'Compliance Department': -6.0, 'Operations Department': 11.40063791617683, 'Risk Department': 8.999999999999998}",36.5,-6.0,11.40063791617683,8.999999999999998,0.01,0.1,standard,,,
independent,6,2.1594481863913373,40.57211441826042,True,25.0,26,247.0,33.371244775136844,166.8562238756842,31.06991441408698,28.82981018393177,70.0,0,0,0.0007642529999429826,0.0,"{'Growth Department': 67.0, 'Trading/Opportunity Team': 68.0, 'Compliance Department': -2.0, 'Operations Department': 12.813034911956372, 'Risk Department': 21.04318896372783}",67.5,-2.0,12.813034911956372,21.04318896372783,0.01,0.1,standard,,,
independent,7,1.4137229504656865,45.24439826310548,True,19.0,20,192.0,27.06733079258213,135.33665396291065,21.550659279375786,20.321220519741665,49.0,0,0,0.0006226929981494322,0.0,"{'Growth Department': 53.0, 'Trading/Opportunity Team': 50.0, 'Compliance Department': 4.0, 'Operations Department': 13.308379503901342, 'Risk Department': 15.028274459009317}",51.5,4.0,13.308379503901342,15.028274459009317,0.01,0.1,standard,,,
independent,8,2.072398509276626,43.80194266785972,True,21.0,22,217.0,31.803004147285655,159.01502073642828,23.204228357401163,21.571691362392606,53.0,0,0,0.0007240949998958968,0.0,"{'Growth Department': 56.0, 'Trading/Opportunity Team': 59.0, 'Compliance Department': 6.0, 'Operations Department': 16.97357276624274, 'Risk Department': 21.041447970185537}",57.5,6.0,16.97357276624274,21.041447970185537,0.01,0.1,standard,,,
independent,9,0.0,43.14104733503703,True,17.0,18,175.0,22.646514658103122,113.23257329051562,20.32,18.714929931322214,48.0,0,0,0.0006075119999877643,0.0,"{'Growth Department': 46.0, 'Trading/Opportunity Team': 43.0, 'Compliance Department': -2.0, 'Operations Department': 14.23257329051562, 'Risk Department': 12.000000000000004}",44.5,-2.0,14.23257329051562,12.000000000000004,0.01,0.1,standard,,,
voting,0,4.971358285366485,34.56056174444669,True,10.0,11,115.0,9.88543959855859,49.42719799279295,10.187556667666302,9.862165838312977,25.0,55,11,0.0006107410008553416,1.0,"{'Growth Department': 18.0, 'Trading/Opportunity Team': 18.0, 'Compliance Department': -7.0, 'Operations Department': 4.3277708270856134, 'Risk Department': 16.099427165707333}",18.0,-7.0,4.3277708270856134,16.099427165707333,0.01,0.1,standard,,,
voting,1,2.7100800753770606,37.068202671199316,True,20.0,21,195.0,25.2331894374003,126.16594718700149,10.122653910039652,9.884916699685697,21.633293468873912,105,21,0.0008742190002521966,1.0,"{'Growth Department': 34.0, 'Trading/Opportunity Team': 34.0, 'Compliance Department': 14.0, 'Operations Department': 12.366706531126088, 'Risk Department': 31.79924065587541}",34.0,14.0,12.366706531126088,31.79924065587541,0.01,0.1,standard,,,
voting,2,4.663438609148745,31.174239330254363,True,15.0,16,155.0,15.325691850560299,76.62845925280149,13.01859454491782,12.576424273253128,30.0,80,16,0.000755422002839623,1.0,"{'Growth Department': 26.0, 'Trading/Opportunity Team': 26.0, 'Compliance Department': -4.0, 'Operations Department': 4.633784094263646, 'Risk Department': 23.994675158537852}",26.0,-4.0,4.633784094263646,23.994675158537852,0.01,0.1,standard,,,
voting,3,3.6849617520282045,34.367214793808344,True,29.0,30,260.0,33.57486903272117,167.87434516360582,15.900782131444355,15.544479437596697,34.68994416076361,150,30,0.0011205830014660023,1.0,"{'Growth Department': 47.0, 'Trading/Opportunity Team': 47.0, 'Compliance Department': 17.0, 'Operations Department': 12.31005583923639, 'Risk Department': 44.564289324369454}",47.0,17.0,12.31005583923639,44.564289324369454,0.01,0.1,standard,,,
voting,4,4.72673246781471,36.132065850896396,True,26.0,27,240.0,34.29728214943353,171.48641074716764,10.637555365187023,10.165257928103365,25.742360516209438,135,27,0.00098657499984256,1.0,"{'Growth Department': 43.0, 'Trading/Opportunity Team': 43.0, 'Compliance Department': 28.0, 'Operations Department': 17.257639483790562, 'Risk Department': 40.22877126337707}",43.0,28.0,17.257639483790562,40.22877126337707,0.01,0.1,standard,,,
voting,5,3.4027988989838818,42.07288270907507,True,11.0,12,135.0,17.55392328534199,87.76961642670996,4.839681366784215,4.649608703631719,10.124004271200672,60,12,0.0005049219980719499,1.0,"{'Growth Department': 22.0, 'Trading/Opportunity Team': 22.0, 'Compliance Department': 12.0, 'Operations Department': 11.875995728799328, 'Risk Department': 19.89362069791063}",22.0,12.0,11.875995728799328,19.89362069791063,0.01,0.1,standard,,,
voting,6,4.907950016376221,36.07573334732419,True,31.0,32,280.0,40.12032983119982,200.6016491559991,13.268583922425307,12.70256766655313,31.464324757579085,160,32,0.0010306760013918392,1.0,"{'Growth Department': 51.0, 'Trading/Opportunity Team': 51.0, 'Compliance Department': 31.0, 'Operations Department': 19.535675242420915, 'Risk Department': 48.065973913578176}",51.0,31.0,19.535675242420915,48.065973913578176,0.01,0.1,standard,,,
voting,7,0.0,33.3308449636754,True,33.0,34,265.0,36.67894298424494,183.3947149212247,14.835699778551502,14.845318075216813,38.861561807973445,170,34,0.00105718100166996,1.0,"{'Growth Department': 48.0, 'Trading/Opportunity Team': 48.0, 'Compliance Department': 33.0, 'Operations Department': 9.138438192026555, 'Risk Department': 45.25627672919812}",48.0,33.0,9.138438192026555,45.25627672919812,0.01,0.1,standard,,,
voting,8,4.339169456840201,37.21098192700247,True,25.0,26,240.0,34.53318231850403,172.66591159252016,10.289364374834696,9.814063068217243,24.65426367135842,130,26,0.0008614880025561433,1.0,"{'Growth Department': 43.0, 'Trading/Opportunity Team': 43.0, 'Compliance Department': 28.0, 'Operations Department': 18.34573632864158, 'Risk Department': 40.32017526387859}",43.0,28.0,18.34573632864158,40.32017526387859,0.01,0.1,standard,,,
voting,9,2.273297809767179,40.022077648526086,True,14.0,15,160.0,19.72120918990523,98.60604594952615,8.686532817633555,8.291525520209037,20.0,75,15,0.0005626409983960912,1.0,"{'Growth Department': 27.0, 'Trading/Opportunity Team': 27.0, 'Compliance Department': 7.0, 'Operations Department': 12.709169889790271, 'Risk Department': 24.896876059735874}",27.0,7.0,12.709169889790271,24.896876059735874,0.01,0.1,standard,,,
adaptive_voting,0,65.81995448617045,56.37597867982841,False,,100,595.0,114.6199642453734,573.099821226867,5.830257302297882,5.824858691638793,14.538929366228757,500,100,0.0027487250008562114,1.0,"{'Growth Department': 119.0, 'Trading/Opportunity Team': 119.0, 'Compliance Department': 119.0, 'Operations Department': 104.46107063377124, 'Risk Department': 111.63875059309575}",119.0,119.0,104.46107063377124,111.63875059309575,0.01,0.1,standard,,,
adaptive_voting,1,60.16321836708198,58.84207360549655,False,,100,640.0,125.37575239806779,626.878761990339,3.2080696871538272,3.222476263302188,6.929197535050378,500,100,0.0026447759992151987,1.0,"{'Growth Department': 128.0, 'Trading/Opportunity Team': 128.0, 'Compliance Department': 128.0, 'Operations Department': 121.80795952538934, 'Risk Department': 121.07080246494962}",128.0,128.0,121.80795952538934,121.07080246494962,0.01,0.1,standard,,,
adaptive_voting,2,0.0,44.348927284815545,True,52.0,53,345.0,45.12273711930333,225.61368559651666,23.223040480102007,22.34431866767432,55.0,265,53,0.0015880550017755013,1.0,"{'Growth Department': 64.0, 'Trading/Opportunity Team': 64.0, 'Compliance Department': 9.0, 'Operations Department': 28.85599699936246, 'Risk Department': 59.757688597154214}",64.0,9.0,28.85599699936246,59.757688597154214,0.01,0.1,standard,,,
adaptive_voting,3,36.774106593195405,61.84817550233723,False,,100,675.0,132.55208770639177,662.7604385319589,3.0580284662611983,3.0356906584548238,6.873116446091416,500,100,0.0026316619987483136,1.0,"{'Growth Department': 135.0, 'Trading/Opportunity Team': 135.0, 'Compliance Department': 135.0, 'Operations Department': 129.63355497805034, 'Risk Department': 128.12688355390858}",135.0,135.0,129.63355497805034,128.12688355390858,0.01,0.1,standard,,,
adaptive_voting,4,49.6294821563518,62.20629170448679,False,,100,680.0,134.4839968644746,672.419984322373,2.2706177395312444,2.575145830840132,6.611345194443373,500,100,0.002661228001670679,1.0,"{'Growth Department': 136.0, 'Trading/Opportunity Team': 136.0, 'Compliance Department': 136.0, 'Operations Department': 135.03132951681647, 'Risk Department': 129.38865480555663}",136.0,136.0,135.03132951681647,129.38865480555663,0.01,0.1,standard,,,
adaptive_voting,5,50.89298323782491,59.31505476175692,False,,100,640.0,125.5369272251374,627.684636125687,3.1060441604770337,3.0746265422876435,7.097412128668438,500,100,0.0025452570007473696,1.0,"{'Growth Department': 128.0, 'Trading/Opportunity Team': 128.0, 'Compliance Department': 128.0, 'Operations Department': 122.78204825435542, 'Risk Department': 120.90258787133156}",128.0,128.0,122.78204825435542,120.90258787133156,0.01,0.1,standard,,,
adaptive_voting,6,59.755197314943445,60.246494048460235,False,,100,680.0,134.12902174115172,670.6451087057586,2.574886550417955,2.6361790257511655,6.7381496458708625,500,100,0.002758583999820985,1.0,"{'Growth Department': 136.0, 'Trading/Opportunity Team': 136.0, 'Compliance Department': 136.0, 'Operations Department': 133.3832583516295, 'Risk Department': 129.26185035412914}",136.0,136.0,133.3832583516295,129.26185035412914,0.01,0.1,standard,,,
adaptive_voting,7,50.08366002292684,63.00982090246086,False,,100,665.0,130.81751883864084,654.0875941932042,2.7691906989963444,2.738137890858714,6.395036061931322,500,100,0.002767972997389734,1.0,"{'Growth Department': 133.0, 'Trading/Opportunity Team': 133.0, 'Compliance Department': 133.0, 'Operations Department': 128.4826302551355, 'Risk Department': 126.60496393806868}",133.0,133.0,128.4826302551355,126.60496393806868,0.01,0.1,standard,,,
adaptive_voting,8,3.2179961495849483,52.294819466263704,True,71.0,72,490.0,81.82746423262756,409.1373211631378,12.131316923830296,11.63001817444068,25.410365386969673,360,72,0.002148542000213638,1.0,"{'Growth Department': 93.0, 'Trading/Opportunity Team': 93.0, 'Compliance Department': 68.0, 'Operations Department': 67.58963461303033, 'Risk Department': 87.54768655010744}",93.0,68.0,67.58963461303033,87.54768655010744,0.01,0.1,standard,,,
adaptive_voting,9,69.98975267678306,52.39833739140967,False,,100,640.0,121.79510884343718,608.9755442171859,8.857304914853856,9.427531967789994,24.333699935022423,500,100,0.0028535839992400724,1.0,"{'Growth Department': 128.0, 'Trading/Opportunity Team': 128.0, 'Compliance Department': 128.0, 'Operations Department': 103.66630006497758, 'Risk Department': 121.30924415220825}",128.0,128.0,103.66630006497758,121.30924415220825,0.01,0.1,standard,,,
centralized_profit,0,4.83966494018177,35.034170707337424,True,24.0,25,204.0,24.769219469734985,123.84609734867492,26.280111352020594,24.051828003489966,57.0,150,25,0.0008653529985167552,0.52,"{'Growth Department': 53.0, 'Trading/Opportunity Team': 51.0, 'Compliance Department': -4.0, 'Operations Department': 0.7493040498712835, 'Risk Department': 23.096793298803632}",52.0,-4.0,0.7493040498712835,23.096793298803632,0.01,0.1,standard,0.0,Growth Department,profit
centralized_profit,1,4.536420894210252,41.69968846566839,True,25.0,26,227.0,30.763692624406595,153.81846312203297,24.521118022501096,22.295496622088837,57.0,156,26,0.0009018669989018235,0.34615384615384615,"{'Growth Department': 58.0, 'Trading/Opportunity Team': 55.0, 'Compliance Department': 1.0, 'Operations Department': 15.743012359368148, 'Risk Department': 24.075450762664815}",56.5,1.0,15.743012359368148,24.075450762664815,0.01,0.1,standard,0.0,Growth Department,profit
centralized_profit,2,3.5739198937889896,40.562864140860015,True,25.0,26,225.0,33.34512897436748,166.72564487183743,20.570441593176145,19.588895222906356,44.28262997867545,156,26,0.0009012470000016037,0.46153846153846156,"{'Growth Department': 57.0, 'Trading/Opportunity Team': 57.0, 'Compliance Department': 17.0, 'Operations Department': 12.71737002132455, 'Risk Department': 23.0082748505129}",57.0,17.0,12.71737002132455,23.0082748505129,0.01,0.1,standard,0.0,Growth Department,profit
centralized_profit,3,0.0,41.809575848365505,True,35.0,36,311.0,47.04585171756783,235.22925858783915,28.914285278298458,27.592527962852234,63.0,216,36,0.001106604999222327,0.4722222222222222,"{'Growth Department': 82.0, 'Trading/Opportunity Team': 79.0, 'Compliance Department': 19.0, 'Operations Department': 24.285717010634645, 'Risk Department': 30.94354157720452}",80.5,19.0,24.285717010634645,30.94354157720452,0.01,0.1,standard,0.0,Growth Department,profit
centralized_profit,4,0.6655486594758733,40.964949335995826,True,31.0,32,274.0,38.30428080220271,191.52140401101357,29.635677018941493,27.240467145114103,67.0,192,32,0.001012007000099402,0.4375,"{'Growth Department': 70.0, 'Trading/Opportunity Team': 70.0, 'Compliance Department': 3.0, 'Operations Department': 18.777018631615665, 'Risk Department': 29.744385379397908}",70.0,3.0,18.777018631615665,29.744385379397908,0.01,0.1,standard,0.0,Growth Department,profit
centralized_profit,5,0.0,43.40557128757246,True,14.0,15,145.0,17.16786258727847,85.83931293639235,17.6,16.15234844675813,42.0,90,15,0.0005095310007163789,0.06666666666666667,"{'Growth Department': 36.0, 'Trading/Opportunity Team': 35.0, 'Compliance Department': -6.0, 'Operations Department': 11.839312936392343, 'Risk Department': 8.999999999999996}",35.5,-6.0,11.839312936392343,8.999999999999996,0.01,0.1,standard,0.0,Growth Department,profit
centralized_profit,6,1.5608341759882212,40.983746587424015,True,35.0,36,311.0,46.14658712970137,230.73293564850687,30.7402153939024,29.00743697976456,66.0,216,36,0.0010349929980293382,0.4444444444444444,"{'Growth Department': 82.0, 'Trading/Opportunity Team': 80.0, 'Compliance Department': 16.0, 'Operations Department': 19.87365378811001, 'Risk Department': 32.85928186039686}",81.0,16.0,19.87365378811001,32.85928186039686,0.01,0.1,standard,0.0,Growth Department,profit
centralized_profit,7,4.619679310973632,41.247127887737555,True,28.0,29,243.0,33.265133624410325,166.3256681220516,27.479524889923525,25.278172022917317,61.0,174,29,0.0008140869977069087,0.5172413793103449,"{'Growth Department': 64.0, 'Trading/Opportunity Team': 62.0, 'Compliance Department': 3.0, 'Operations Department': 12.252969437977956, 'Risk Department': 25.072698684073668}",63.0,3.0,12.252969437977956,25.072698684073668,0.01,0.1,standard,0.0,Growth Department,profit
centralized_profit,8,3.5745693343456093,41.63638918754482,True,27.0,28,252.0,35.61681660299702,178.08408301498508,27.503337235241087,25.31441221780279,63.0,168,28,0.000832718000310706,0.35714285714285715,"{'Growth Department': 65.0, 'Trading/Opportunity Team': 65.0, 'Compliance Department': 2.0, 'Operations Department': 19.104142279743215, 'Risk Department': 26.97994073524189}",65.0,2.0,19.104142279743215,26.97994073524189,0.01,0.1,standard,0.0,Growth Department,profit
centralized_profit,9,0.0,41.84097377138862,True,19.0,20,182.0,24.557842722337075,122.78921361168537,17.953694288905286,17.01589923069874,41.0,120,20,0.000580944000830641,0.35,"{'Growth Department': 46.0, 'Trading/Opportunity Team': 44.0, 'Compliance Department': 5.0, 'Operations Department': 13.789410694341964, 'Risk Department': 13.999802917343395}",45.0,5.0,13.789410694341964,13.999802917343395,0.01,0.1,standard,0.0,Growth Department,profit
centralized_sustainability,0,65.05527662344831,60.989913741657936,False,,100,580.0,113.64967234776607,568.2483617388303,7.582377708346462,8.002250281724953,20.63822241599567,600,100,0.0024559529992984608,0.99,"{'Growth Department': 119.0, 'Trading/Opportunity Team': 119.0, 'Compliance Department': 119.0, 'Operations Department': 112.88658415482595, 'Risk Department': 98.36177758400433}",119.0,119.0,112.88658415482595,98.36177758400433,0.01,0.1,standard,2.0,Compliance Department,sustainability
centralized_sustainability,1,64.26837473708197,66.53170237909735,False,,100,596.0,118.07871024074518,590.3935512037259,9.314063614807724,10.426838020066073,27.606448796274137,600,100,0.0025147850028588437,0.97,"{'Growth Department': 124.0, 'Trading/Opportunity Team': 121.0, 'Compliance Department': 125.0, 'Operations Department': 123.0, 'Risk Department': 97.39355120372586}",122.5,125.0,123.0,97.39355120372586,0.01,0.1,standard,2.0,Compliance Department,sustainability
centralized_sustainability,2,59.57687886088384,60.92815174148856,False,,100,582.0,114.22082491020527,571.1041245510263,9.49243294678945,9.4209163352752,25.431830468460433,600,100,0.0024914940004236996,0.95,"{'Growth Department': 119.0, 'Trading/Opportunity Team': 121.0, 'Compliance Department': 122.0, 'Operations Department': 112.5359550194868, 'Risk Department': 96.56816953153957}",120.0,122.0,112.5359550194868,96.56816953153957,0.01,0.1,standard,2.0,Compliance Department,sustainability
centralized_sustainability,3,60.570278579669036,66.93872879403311,False,,100,621.0,123.09709751208125,615.4854875604062,11.364643980670003,12.891417341750463,33.51451243959376,600,100,0.0024963409996416885,0.96,"{'Growth Department': 131.0, 'Trading/Opportunity Team': 129.0, 'Compliance Department': 131.0, 'Operations Department': 127.0, 'Risk Department': 97.48548756040624}",130.0,131.0,127.0,97.48548756040624,0.01,0.1,standard,2.0,Compliance Department,sustainability
centralized_sustainability,4,66.44411797390661,66.9098173768886,False,,100,632.0,125.3347494914949,626.6737474574745,12.264400813608136,13.936741311422816,36.326252542525424,600,100,0.002373385999817401,0.95,"{'Growth Department': 133.0, 'Trading/Opportunity Team': 133.0, 'Compliance Department': 134.0, 'Operations Department': 129.0, 'Risk Department': 97.67374745747458}",133.0,134.0,129.0,97.67374745747458,0.01,0.1,standard,2.0,Compliance Department,sustainability
centralized_sustainability,5,68.24455853292181,65.1450440314972,False,,100,591.0,116.83680824807475,584.1840412403737,9.05420903106975,10.364566901716893,26.77284768455965,600,100,0.002316538000741275,0.99,"{'Growth Department': 122.0, 'Trading/Opportunity Team': 123.0, 'Compliance Department': 123.0, 'Operations Department': 119.95688892493337, 'Risk Department': 96.22715231544035}",122.5,123.0,119.95688892493337,96.22715231544035,0.01,0.1,standard,2.0,Compliance Department,sustainability
centralized_sustainability,6,66.50943922658094,67.74862334194862,False,,100,625.0,123.95281181276214,619.7640590638107,9.835501099580574,11.175204120664864,29.235940936189294,600,100,0.002335528999537928,0.97,"{'Growth Department': 131.0, 'Trading/Opportunity Team': 128.0, 'Compliance Department': 131.0, 'Operations Department': 128.0, 'Risk Department': 101.7640590638107}",129.5,131.0,128.0,101.7640590638107,0.01,0.1,standard,2.0,Compliance Department,sustainability
centralized_sustainability,7,58.614511167798504,67.15137851940737,False,,100,629.0,124.66066127672207,623.3033063836103,12.75457464076765,14.027871252036809,37.019397888408136,600,100,0.0022546630025317427,0.97,"{'Growth Department': 133.0, 'Trading/Opportunity Team': 132.0, 'Compliance Department': 134.0, 'Operations Department': 127.32270427201846, 'Risk Department': 96.98060211159186}",132.5,134.0,127.32270427201846,96.98060211159186,0.01,0.1,standard,2.0,Compliance Department,sustainability
centralized_sustainability,8,59.20677792382314,61.258960251062746,False,,100,613.0,119.92860782859907,599.6430391429953,11.937723716363505,11.965251450187855,31.253812370267227,600,100,0.0023921310021250974,0.95,"{'Growth Department': 127.0, 'Trading/Opportunity Team': 129.0, 'Compliance Department': 129.0, 'Operations Department': 116.89685151326255, 'Risk Department': 97.74618762973277}",128.0,129.0,116.89685151326255,97.74618762973277,0.01,0.1,standard,2.0,Compliance Department,sustainability
centralized_sustainability,9,68.4778933960034,65.82966121349551,False,,100,606.0,120.04805510875251,600.2402755437626,9.189824518063192,10.42934350915613,27.676678781657486,600,100,0.002328137001313735,0.97,"{'Growth Department': 126.0, 'Trading/Opportunity Team': 124.0, 'Compliance Department': 127.0, 'Operations Department': 123.91695432542002, 'Risk Department': 99.32332121834251}",125.0,127.0,123.91695432542002,99.32332121834251,0.01,0.1,standard,2.0,Compliance Department,sustainability
centralized_risk_averse,0,70.5424214218695,65.00284607563466,False,,100,554.0,109.40642878125031,547.0321439062516,3.220147022822234,3.013385724315698,7.0,600,100,0.0023319749998336192,0.96,"{'Growth Department': 113.0, 'Trading/Opportunity Team': 113.0, 'Compliance Department': 106.0, 'Operations Department': 108.15806279889054, 'Risk Department': 106.87408110736104}",113.0,106.0,108.15806279889054,106.87408110736104,0.01,0.1,standard,4.0,Risk Department,risk_averse
centralized_risk_averse,1,70.23425970062303,70.57397204374755,False,,100,539.0,106.92694252017733,534.6347126008867,2.4584459838581303,2.2287809540368655,6.0,600,100,0.002391622998402454,0.96,"{'Growth Department': 110.0, 'Trading/Opportunity Team': 109.0, 'Compliance Department': 104.0, 'Operations Department': 106.0, 'Risk Department': 105.63471260088669}",109.5,104.0,106.0,105.63471260088669,0.01,0.1,standard,4.0,Risk Department,risk_averse
centralized_risk_averse,2,50.754249698138494,60.558961428288676,False,,100,568.0,110.22895594972866,551.1447797486433,6.693683879242571,6.023178104115852,15.917762122633036,600,100,0.002238001998193795,0.95,"{'Growth Department': 116.0, 'Trading/Opportunity Team': 117.0, 'Compliance Department': 106.0, 'Operations Department': 101.08223787736696, 'Risk Department': 111.06254187127632}",116.5,106.0,101.08223787736696,111.06254187127632,0.01,0.1,standard,4.0,Risk Department,risk_averse
centralized_risk_averse,3,65.77283844412383,73.61927729438766,False,,100,534.0,106.09025190565312,530.4512595282656,1.8477984754774979,1.694571923313842,4.0,600,100,0.003969781999330735,0.98,"{'Growth Department': 108.0, 'Trading/Opportunity Team': 108.0, 'Compliance Department': 104.0, 'Operations Department': 106.0, 'Risk Department': 104.45125952826564}",108.0,104.0,106.0,104.45125952826564,0.01,0.1,standard,4.0,Risk Department,risk_averse
centralized_risk_averse,4,70.30287509271847,74.04454372299092,False,,100,541.0,107.56984494755527,537.8492247377764,2.24,2.068773397858127,5.0,600,100,0.002589363997685723,0.97,"{'Growth Department': 110.0, 'Trading/Opportunity Team': 110.0, 'Compliance Department': 105.0, 'Operations Department': 106.0, 'Risk Department': 106.84922473777632}",110.0,105.0,106.0,106.84922473777632,0.01,0.1,standard,4.0,Risk Department,risk_averse
centralized_risk_averse,5,68.05624141480703,69.97167184192857,False,,100,537.0,106.43988866849892,532.1994433424946,2.336531178515588,2.1744896753254173,5.0,600,100,0.002421286000753753,0.97,"{'Growth Department': 109.0, 'Trading/Opportunity Team': 109.0, 'Compliance Department': 104.0, 'Operations Department': 105.80276320821707, 'Risk Department': 104.39668013427757}",109.0,104.0,105.80276320821707,104.39668013427757,0.01,0.1,standard,4.0,Risk Department,risk_averse
centralized_risk_averse,6,74.9173288491401,70.98250064569163,False,,100,568.0,112.82505770512167,564.1252885256083,3.68,3.372318881184357,10.0,600,100,0.0026137710010516457,0.95,"{'Growth Department': 117.0, 'Trading/Opportunity Team': 115.0, 'Compliance Department': 107.0, 'Operations Department': 112.0, 'Risk Department': 113.12528852560825}",116.0,107.0,112.0,113.12528852560825,0.01,0.1,standard,4.0,Risk Department,risk_averse
centralized_risk_averse,7,71.45280388328267,73.54901756594582,False,,100,544.0,108.11457295403906,540.5728647701953,1.576683273537501,1.547325444446869,3.4271352298046907,600,100,0.0024521010018361267,0.97,"{'Growth Department': 110.0, 'Trading/Opportunity Team': 110.0, 'Compliance Department': 107.0, 'Operations Department': 107.0, 'Risk Department': 106.57286477019531}",110.0,107.0,107.0,106.57286477019531,0.01,0.1,standard,4.0,Risk Department,risk_averse
centralized_risk_averse,8,69.19338749301033,68.52952980031017,False,,100,557.0,110.37319792166389,551.8659896083194,3.2214416626688966,2.884080308339849,8.0,600,100,0.0025052199998754077,0.96,"{'Growth Department': 113.0, 'Trading/Opportunity Team': 114.0, 'Compliance Department': 106.0, 'Operations Department': 110.0, 'Risk Department': 108.8659896083194}",113.5,106.0,110.0,108.8659896083194,0.01,0.1,standard,4.0,Risk Department,risk_averse
centralized_risk_averse,9,74.20432984032996,68.95731600387472,False,,100,558.0,110.54457764392437,552.7228882196218,3.2820615799287793,2.9609395736885182,9.0,600,100,0.0025250079997931607,0.95,"{'Growth Department': 115.0, 'Trading/Opportunity Team': 112.0, 'Compliance Department': 106.0, 'Operations Department': 109.48711512544513, 'Risk Department': 110.23577309417675}",113.5,106.0,109.48711512544513,110.23577309417675,0.01,0.1,standard,4.0,Risk Department,risk_averse
structured_debate,0,1.7067790405204413,36.311227908346936,True,19.0,20,172.0,18.438600943421466,92.19300471710733,26.054580938192494,23.56038279223636,60.0,300,40,0.0009122369992837775,0.2,"{'Growth Department': 46.0, 'Trading/Opportunity Team': 44.0, 'Compliance Department': -14.0, 'Operations Department': 1.158869136296917, 'Risk Department': 15.034135580810409}",45.0,-14.0,1.158869136296917,15.034135580810409,0.01,0.1,standard,,,
structured_debate,1,4.633810725075946,45.923330215263704,True,27.0,28,241.0,36.71655510460732,183.58277552303662,20.625171805679756,18.92414178787862,48.0,420,56,0.001108546999603277,0.5,"{'Growth Department': 61.0, 'Trading/Opportunity Team': 57.0, 'Compliance Department': 13.0, 'Operations Department': 28.49009930853508, 'Risk Department': 24.092676214501516}",59.0,13.0,28.49009930853508,24.092676214501516,0.01,0.1,standard,,,
structured_debate,2,0.0,43.18264943874358,True,31.0,32,265.0,38.69474698309956,193.4737349154978,24.1618267243183,21.97388608893812,59.0,480,64,0.0013185040006646886,0.59375,"{'Growth Department': 61.0, 'Trading/Opportunity Team': 66.0, 'Compliance Department': 7.0, 'Operations Department': 31.485151942487164, 'Risk Department': 27.98858297301065}",63.5,7.0,31.485151942487164,27.98858297301065,0.01,0.1,standard,,,
structured_debate,3,4.436542742635956,49.39163167371147,True,39.0,40,338.0,55.12756812555019,275.63784062775096,27.345803063223567,24.428577575969097,64.0,600,80,0.0014148379996186122,0.65,"{'Growth Department': 85.0, 'Trading/Opportunity Team': 78.0, 'Compliance Department': 21.0, 'Operations Department': 56.54910977289825, 'Risk Department': 35.08873085485273}",81.5,21.0,56.54910977289825,35.08873085485273,0.01,0.1,standard,,,
structured_debate,4,1.9946617237938398,45.72034564308665,True,35.0,36,299.0,46.59173258549153,232.95866292745762,24.633617082483863,22.240481074640087,59.0,540,72,0.001404247999744257,0.6388888888888888,"{'Growth Department': 69.0, 'Trading/Opportunity Team': 75.0, 'Compliance Department': 16.0, 'Operations Department': 39.91876969298175, 'Risk Department': 33.03989323447588}",72.0,16.0,39.91876969298175,33.03989323447588,0.01,0.1,standard,,,
structured_debate,5,0.0,46.799006534806495,True,15.0,16,146.0,19.732697305684788,98.66348652842395,13.6,12.76553288604533,30.0,240,32,0.0006455420007114299,0.375,"{'Growth Department': 35.0, 'Trading/Opportunity Team': 35.0, 'Compliance Department': 5.0, 'Operations Department': 13.663486528423945, 'Risk Department': 10.0}",35.0,5.0,13.663486528423945,10.0,0.01,0.1,standard,,,
structured_debate,6,4.36144356257385,46.70537055423231,True,39.0,40,340.0,53.453610521628015,267.26805260814007,28.466043380599764,26.07422861717247,66.0,600,80,0.0013301020007929765,0.6,"{'Growth Department': 83.0, 'Trading/Opportunity Team': 84.0, 'Compliance Department': 18.0, 'Operations Department': 45.180823736888584, 'Risk Department': 37.08722887125149}",83.5,18.0,45.180823736888584,37.08722887125149,0.01,0.1,standard,,,
structured_debate,7,0.5307606297252221,42.671489203647624,True,27.0,28,237.0,30.323215222314936,151.61607611157467,27.743126256163176,25.414073276156913,68.0,420,56,0.0009608620021026582,0.5,"{'Growth Department': 60.0, 'Trading/Opportunity Team': 57.0, 'Compliance Department': -8.0, 'Operations Department': 19.605460898980162, 'Risk Department': 23.01061521259451}",58.5,-8.0,19.605460898980162,23.01061521259451,0.01,0.1,standard,,,
structured_debate,8,3.6781173531600047,47.79663211146473,True,30.0,31,272.0,42.74859814938061,213.74299074690305,23.668230024469885,21.860239526751293,55.0,465,62,0.0011009480003849603,0.5161290322580645,"{'Growth Department': 67.0, 'Trading/Opportunity Team': 70.0, 'Compliance Department': 15.0, 'Operations Department': 32.66942839983982, 'Risk Department': 29.073562347063202}",68.5,15.0,32.66942839983982,29.073562347063202,0.01,0.1,standard,,,
structured_debate,9,0.0,46.690549965649446,True,21.0,22,192.0,26.386746912740865,131.93373456370432,19.36,17.583624083779952,46.0,330,44,0.000752681000449229,0.45454545454545453,"{'Growth Department': 48.0, 'Trading/Opportunity Team': 45.0, 'Compliance Department': 2.0, 'Operations Department': 20.933734563704327, 'Risk Department': 16.0}",46.5,2.0,20.933734563704327,16.0,0.01,0.1,standard,,,
independent,0,1.1434150169653474,42.50255999428263,True,23.0,24,228.0,30.051084246386704,150.25542123193352,29.722791530944924,27.130182340734702,70.0,0,0,0.0006218689995876048,0.0,"{'Growth Department': 62.0, 'Trading/Opportunity Team': 60.0, 'Compliance Department': -8.0, 'Operations Department': 14.232552931594231, 'Risk Department': 22.022868300339304}",61.0,-8.0,14.232552931594231,22.022868300339304,0.05,0.0,standard,,,
independent,1,3.4886972427777767,44.14594400344369,True,25.0,26,246.0,34.75374760941654,173.7687380470827,28.368165743643658,26.02417468417453,67.0,0,0,0.0006728830012434628,0.0,"{'Growth Department': 67.0, 'Trading/Opportunity Team': 63.0, 'Compliance Department': 0.0, 'Operations Department': 19.69896410222713, 'Risk Department': 24.06977394485556}",65.0,0.0,19.69896410222713,24.06977394485556,0.05,0.0,standard,,,
independent,2,0.0,42.38442702093319,True,25.0,26,249.0,35.02107047775063,175.10535238875315,27.823143617799495,25.683520760618237,64.0,0,0,0.0007458059990312904,0.0,"{'Growth Department': 63.0, 'Trading/Opportunity Team': 68.0, 'Compliance Department': 4.0, 'Operations Department': 17.10535238875314, 'Risk Department': 22.999999999999996}",65.5,4.0,17.10535238875314,22.999999999999996,0.05,0.0,standard,,,
independent,3,0.8619550525342987,41.465689315675164,True,25.0,26,246.0,33.30919530127153,166.54597650635765,29.185065843484153,26.92894154659501,68.0,0,0,0.0006414859999495093,0.0,"{'Growth Department': 67.0, 'Trading/Opportunity Team': 63.0, 'Compliance Department': -1.0, 'Operations Department': 16.593338478224034, 'Risk Department': 20.952638028133602}",65.0,-1.0,16.593338478224034,20.952638028133602,0.05,0.0,standard,,,
independent,4,4.988596925453685,43.55395360979359,True,25.0,26,249.0,36.51809893562152,182.59049467810763,26.304720640311483,24.612580841294207,60.0,0,0,0.0006438929995056242,0.0,"{'Growth Department': 64.0, 'Trading/Opportunity Team': 68.0, 'Compliance Department': 8.0, 'Operations Department': 19.595495998053217, 'Risk Department': 22.994998680054398}",66.0,8.0,19.595495998053217,22.994998680054398,0.05,0.0,standard,,,
independent,5,2.9715848782412912,42.82218360014706,True,25.0,26,247.0,34.95574870917952,174.77874354589758,29.16491010426676,27.412667134038134,67.0,0,0,0.0005970290003460832,0.0,"{'Growth Department': 67.0, 'Trading/Opportunity Team': 68.0, 'Compliance Department': 1.0, 'Operations Department': 18.719311848332758, 'Risk Department': 20.059431697564825}",67.5,1.0,18.719311848332758,20.059431697564825,0.05,0.0,standard,,,
independent,6,2.077211977644465,42.277303382865114,True,27.0,28,270.0,40.138864882665175,200.6943244133259,29.015555172196315,27.87432882945369,63.0,0,0,0.0006219329989107791,0.0,"{'Growth Department': 73.0, 'Trading/Opportunity Team': 75.0, 'Compliance Department': 12.0, 'Operations Department': 17.652780173773024, 'Risk Department': 23.041544239552888}",74.0,12.0,17.652780173773024,23.041544239552888,0.05,0.0,standard,,,
independent,7,4.043726442974824,43.966351825765884,True,23.0,24,230.0,33.17554754299489,165.87773771497444,26.432501890221605,24.66935381083793,61.0,0,0,0.0005350350002117921,0.0,"{'Growth Department': 64.0, 'Trading/Opportunity Team': 61.0, 'Compliance Department': 3.0, 'Operations Department': 17.79686318611497, 'Risk Department': 20.080874528859496}",62.5,3.0,17.79686318611497,20.080874528859496,0.05,0.0,standard,,,
independent,8,1.3380353466848298,40.34995355317293,True,25.0,26,254.0,37.03517685260334,185.1758842630167,28.776140231026712,26.561111005075656,65.0,0,0,0.0005766229987784754,0.0,"{'Growth Department': 67.0, 'Trading/Opportunity Team': 70.0, 'Compliance Department': 5.0, 'Operations Department': 17.149123556083037, 'Risk Department': 26.026760706933693}",68.5,5.0,17.149123556083037,26.026760706933693,0.05,0.0,standard,,,
independent,9,3.98367118333635,42.52650140604373,True,26.0,27,262.0,38.74742391590213,193.73711957951065,28.692944117544677,27.20439260279115,65.0,0,0,0.0005587610030488577,0.0,"{'Growth Department': 73.0, 'Trading/Opportunity Team': 70.0, 'Compliance Department': 8.0, 'Operations Department': 20.669099265345785, 'Risk Department': 22.068020314164876}",71.5,8.0,20.669099265345785,22.068020314164876,0.05,0.0,standard,,,
voting,0,4.68155662833238,35.2525056208761,True,31.0,32,280.0,40.74375991412727,203.71879957063635,13.179999535308747,12.966283541289831,33.68749854783984,160,32,0.0009149739998974837,1.0,"{'Growth Department': 51.0, 'Trading/Opportunity Team': 51.0, 'Compliance Department': 36.0, 'Operations Department': 17.312501452160163, 'Risk Department': 48.40629811847617}",51.0,36.0,17.312501452160163,48.40629811847617,0.05,0.0,standard,,,
voting,1,4.671873209648229,37.2946084997819,True,24.0,25,235.0,32.33872415309283,161.69362076546417,11.508673064236064,11.071976204090916,25.9646033257377,125,25,0.0007613029993081,1.0,"{'Growth Department': 42.0, 'Trading/Opportunity Team': 42.0, 'Compliance Department': 22.0, 'Operations Department': 16.0353966742623, 'Risk Department': 39.65822409120186}",42.0,22.0,16.0353966742623,39.65822409120186,0.05,0.0,standard,,,
voting,2,2.307148105406319,34.91738716949512,True,19.0,20,200.0,20.858997543757624,104.29498771878812,18.19305646864825,17.839040949766634,45.0,100,20,0.0006386580025719013,1.0,"{'Growth Department': 35.0, 'Trading/Opportunity Team': 35.0, 'Compliance Department': -10.0, 'Operations Department': 11.29339707094843, 'Risk Department': 33.00159064783969}",35.0,-10.0,11.29339707094843,33.00159064783969,0.05,0.0,standard,,,
voting,3,0.08009168956653845,33.868472127173916,True,24.0,25,230.0,25.56218065378777,127.81090326893886,19.196486874828246,18.638350184954753,45.0,125,25,0.0007350570012931712,1.0,"{'Growth Department': 41.0, 'Trading/Opportunity Team': 41.0, 'Compliance Department': -4.0, 'Operations Department': 11.021957032323465, 'Risk Department': 38.78894623661538}",41.0,-4.0,11.021957032323465,38.78894623661538,0.05,0.0,standard,,,
voting,4,0.428954042169563,36.60403863445552,True,30.0,31,280.0,40.32728477810652,201.6364238905326,12.978030339337383,12.426073432118176,30.55634481042932,155,31,0.0008930559997679666,1.0,"{'Growth Department': 51.0, 'Trading/Opportunity Team': 51.0, 'Compliance Department': 31.0, 'Operations Department': 20.44365518957068, 'Risk Department': 48.19276870096192}",51.0,31.0,20.44365518957068,48.19276870096192,0.05,0.0,standard,,,
voting,5,3.9799416309759774,33.79481081980583,True,35.0,36,300.0,38.52071768852699,192.60358844263496,19.146539256525298,19.094519625507818,40.0,180,36,0.0008728840002731886,1.0,"{'Growth Department': 55.0, 'Trading/Opportunity Team': 55.0, 'Compliance Department': 15.0, 'Operations Department': 15.334129646716907, 'Risk Department': 52.26945879591804}",55.0,15.0,15.334129646716907,52.26945879591804,0.05,0.0,standard,,,
voting,6,3.6656440542863145,28.40448347311547,True,25.0,26,225.0,16.9218439356684,84.609219678342,30.140575577645876,29.795835880085043,75.0,130,26,0.0007022140016488265,1.0,"{'Growth Department': 40.0, 'Trading/Opportunity Team': 40.0, 'Compliance Department': -35.0, 'Operations Department': 1.6214026397132466, 'Risk Department': 37.987817038628755}",40.0,-35.0,1.6214026397132466,37.987817038628755,0.05,0.0,standard,,,
voting,7,4.987200824670925,36.96580126447079,True,71.0,72,550.0,85.80836935790595,429.0418467895297,24.333484849958317,23.70112497615711,61.04214015611974,360,72,0.0017319879989372566,1.0,"{'Growth Department': 105.0, 'Trading/Opportunity Team': 105.0, 'Compliance Department': 75.0, 'Operations Department': 43.95785984388026, 'Risk Department': 100.08398694564941}",105.0,75.0,43.95785984388026,100.08398694564941,0.05,0.0,standard,,,
voting,8,2.22213128462899,33.3804292921984,True,32.0,33,285.0,34.91915370894388,174.59576854471942,20.382042135800404,19.86538385215143,45.0,165,33,0.0008572389997425489,1.0,"{'Growth Department': 52.0, 'Trading/Opportunity Team': 52.0, 'Compliance Department': 7.0, 'Operations Department': 14.6122366512475, 'Risk Department': 48.98353189347193}",52.0,7.0,14.6122366512475,48.98353189347193,0.05,0.0,standard,,,
voting,9,2.3317088253193505,32.84259620551662,True,20.0,21,200.0,19.13665693298274,95.68328466491369,20.358861622385263,19.94114989721117,50.0,105,21,0.0005367470002966002,1.0,"{'Growth Department': 35.0, 'Trading/Opportunity Team': 35.0, 'Compliance Department': -15.0, 'Operations Department': 7.757114860092098, 'Risk Department': 32.92616980482158}",35.0,-15.0,7.757114860092098,32.92616980482158,0.05,0.0,standard,,,
adaptive_voting,0,69.67236104108225,67.6758771687406,False,,100,685.0,135.89457245651252,679.4728622825626,1.7686840695799946,2.2108550869749934,5.527137717437483,500,100,0.002299345000210451,1.0,"{'Growth Department': 137.0, 'Trading/Opportunity Team': 137.0, 'Compliance Department': 137.0, 'Operations Department': 137.0, 'Risk Department': 131.47286228256252}",137.0,137.0,137.0,131.47286228256252,0.05,0.0,standard,,,
adaptive_voting,1,66.9696249311142,66.3024105404224,False,,100,680.0,134.88907720723995,674.4453860361998,1.7774764684160618,2.2218455855200774,5.554613963800193,500,100,0.0023384490013995674,1.0,"{'Growth Department': 136.0, 'Trading/Opportunity Team': 136.0, 'Compliance Department': 136.0, 'Operations Department': 136.0, 'Risk Department': 130.4453860361998}",136.0,136.0,136.0,130.4453860361998,0.05,0.0,standard,,,
adaptive_voting,2,51.380959438355596,62.0481507252628,False,,100,725.0,143.31520051625722,716.576002581286,2.391809942170139,2.5293222629760086,6.524814719849445,500,100,0.0024460530003125314,1.0,"{'Growth Department': 145.0, 'Trading/Opportunity Team': 145.0, 'Compliance Department': 145.0, 'Operations Department': 143.10081730113552, 'Risk Department': 138.47518528015055}",145.0,145.0,143.10081730113552,138.47518528015055,0.05,0.0,standard,,,
adaptive_voting,3,56.20562653363213,64.66273186680341,False,,100,700.0,138.47159937645503,692.3579968822752,2.207888770388495,2.3848127879654806,6.157301697203337,500,100,0.0023968249988683965,1.0,"{'Growth Department': 140.0, 'Trading/Opportunity Team': 140.0, 'Compliance Department': 140.0, 'Operations Department': 138.51529857947858, 'Risk Department': 133.84269830279666}",140.0,140.0,138.51529857947858,133.84269830279666,0.05,0.0,standard,,,
adaptive_voting,4,58.17804254658836,65.29952480902382,False,,100,700.0,138.8023950815183,694.0119754075915,1.914141043899749,2.388881044763259,5.975356931965024,500,100,0.0023369259979517665,1.0,"{'Growth Department': 140.0, 'Trading/Opportunity Team': 140.0, 'Compliance Department': 140.0, 'Operations Department': 139.98733233955662, 'Risk Department': 134.02464306803498}",140.0,140.0,139.98733233955662,134.02464306803498,0.05,0.0,standard,,,
adaptive_voting,5,53.966175157812074,66.57800071234274,False,,100,675.0,133.94479985353453,669.7239992676726,1.6883202343447465,2.110400292930933,5.276000732327333,500,100,0.0022331289983412717,1.0,"{'Growth Department': 135.0, 'Trading/Opportunity Team': 135.0, 'Compliance Department': 135.0, 'Operations Department': 135.0, 'Risk Department': 129.72399926767267}",135.0,135.0,135.0,129.72399926767267,0.05,0.0,standard,,,
adaptive_voting,6,60.92699753343467,65.34045092782094,False,,100,705.0,139.7634283248829,698.8171416244146,1.9785146801873361,2.4731433502341704,6.182858375585425,500,100,0.0023940319988469128,1.0,"{'Growth Department': 141.0, 'Trading/Opportunity Team': 141.0, 'Compliance Department': 141.0, 'Operations Department': 141.0, 'Risk Department': 134.81714162441457}",141.0,141.0,141.0,134.81714162441457,0.05,0.0,standard,,,
adaptive_voting,7,67.41942307917331,66.3702880715947,False,,100,670.0,132.95878390123715,664.7939195061857,1.6659457580205799,2.082432197525725,5.206080493814312,500,100,0.002342169998883037,1.0,"{'Growth Department': 134.0, 'Trading/Opportunity Team': 134.0, 'Compliance Department': 134.0, 'Operations Department': 134.0, 'Risk Department': 128.7939195061857}",134.0,134.0,134.0,128.7939195061857,0.05,0.0,standard,,,
adaptive_voting,8,66.17598232803269,63.09884204323073,False,,100,715.0,141.57287115338107,707.8643557669054,2.194261803915897,2.5847047173311264,6.578492041379661,500,100,0.002348067999264458,1.0,"{'Growth Department': 143.0, 'Trading/Opportunity Team': 143.0, 'Compliance Department': 143.0, 'Operations Department': 142.44284780828497, 'Risk Department': 136.42150795862034}",143.0,143.0,142.44284780828497,136.42150795862034,0.05,0.0,standard,,,
adaptive_voting,9,69.83042168178648,65.70824899609393,False,,100,695.0,137.82776651331454,689.1388325665728,1.8755735786967307,2.3444669733709134,5.861167433427283,500,100,0.002320389001397416,1.0,"{'Growth Department': 139.0, 'Trading/Opportunity Team': 139.0, 'Compliance Department': 139.0, 'Operations Department': 139.0, 'Risk Department': 133.13883256657272}",139.0,139.0,139.0,133.13883256657272,0.05,0.0,standard,,,
centralized_profit,0,1.8483152161513061,41.18400284333482,True,28.0,29,263.0,39.14307081894454,195.71535409472267,26.44975496204323,24.96956180817975,56.0,174,29,0.000839579999592388,0.3448275862068966,"{'Growth Department': 70.0, 'Trading/Opportunity Team': 68.0, 'Compliance Department': 14.0, 'Operations Department': 14.689031487229817, 'Risk Department': 29.026322607492872}",69.0,14.0,14.689031487229817,29.026322607492872,0.05,0.0,standard,0.0,Growth Department,profit
centralized_profit,1,4.089479018321196,42.27998224639113,True,33.0,34,295.0,41.983687596552265,209.91843798276133,31.518626102985372,28.82874796799752,73.0,204,34,0.0008661260035296436,0.38235294117647056,"{'Growth Department': 77.0, 'Trading/Opportunity Team': 74.0, 'Compliance Department': 4.0, 'Operations Department': 23.00858685634143, 'Risk Department': 31.909851126419916}",75.5,4.0,23.00858685634143,31.909851126419916,0.05,0.0,standard,0.0,Growth Department,profit
centralized_profit,2,4.338035117523937,42.54069893249637,True,32.0,33,290.0,42.24823283417809,211.24116417089044,29.239124103081668,27.432861422823507,63.0,198,33,0.0009482659988861997,0.36363636363636365,"{'Growth Department': 75.0, 'Trading/Opportunity Team': 75.0, 'Compliance Department': 12.0, 'Operations Department': 18.255474355739587, 'Risk Department': 30.985689815150877}",75.0,12.0,18.255474355739587,30.985689815150877,0.05,0.0,standard,0.0,Growth Department,profit
centralized_profit,3,0.11899953382095863,39.16340265250357,True,45.0,46,382.0,56.924077698495466,284.62038849247733,38.393095546875756,36.278770202866994,82.0,276,46,0.0011689579987432808,0.5869565217391305,"{'Growth Department': 102.0, 'Trading/Opportunity Team': 99.0, 'Compliance Department': 20.0, 'Operations Department': 23.04315283202652, 'Risk Department': 40.577235660450796}",100.5,20.0,23.04315283202652,40.577235660450796,0.05,0.0,standard,0.0,Growth Department,profit
centralized_profit,4,1.3112537610933046,43.10147593987937,True,33.0,34,301.0,45.71057028725993,228.55285143629965,28.195512042130236,26.511490338049704,61.0,204,34,0.0009987960002035834,0.38235294117647056,"{'Growth Department': 78.0, 'Trading/Opportunity Team': 77.0, 'Compliance Department': 17.0, 'Operations Department': 22.778049736686036, 'Risk Department': 33.77480169961362}",77.5,17.0,22.778049736686036,33.77480169961362,0.05,0.0,standard,0.0,Growth Department,profit
centralized_profit,5,0.5298569586378727,40.51503820275774,True,34.0,35,304.0,44.58653729845003,222.93268649225016,31.840274294736865,29.957717381385702,71.0,210,35,0.0008793019987933803,0.37142857142857144,"{'Growth Department': 81.0, 'Trading/Opportunity Team': 80.0, 'Compliance Department': 10.0, 'Operations Department': 22.998285657894613, 'Risk Department': 28.93440083435556}",80.5,10.0,22.998285657894613,28.93440083435556,0.05,0.0,standard,0.0,Growth Department,profit
centralized_profit,6,2.930299729868125,39.10164763628077,True,43.0,44,374.0,55.66309037757931,278.31545188789653,38.46468202068665,36.32527866537198,81.0,264,44,0.001074880998203298,0.5,"{'Growth Department': 100.0, 'Trading/Opportunity Team': 98.0, 'Compliance Department': 19.0, 'Operations Department': 19.59573737070843, 'Risk Department': 41.719714517188066}",99.0,19.0,19.59573737070843,41.719714517188066,0.05,0.0,standard,0.0,Growth Department,profit
centralized_profit,7,2.9252156516901344,41.44789995430101,True,30.0,31,269.0,38.41921667164194,192.0960833582097,29.747948518974034,27.516023571098174,67.0,186,31,0.0007471770004485734,0.41935483870967744,"{'Growth Department': 72.0, 'Trading/Opportunity Team': 70.0, 'Compliance Department': 5.0, 'Operations Department': 18.075321756412272, 'Risk Department': 27.02076160179744}",71.0,5.0,18.075321756412272,27.02076160179744,0.05,0.0,standard,0.0,Growth Department,profit
centralized_profit,8,4.437460763208252,39.720320965294,True,36.0,37,325.0,47.64449584327436,238.22247921637182,35.29883063102625,32.62027398005024,78.0,222,37,0.0009372360000270419,0.40540540540540543,"{'Growth Department': 86.0, 'Trading/Opportunity Team': 86.0, 'Compliance Department': 8.0, 'Operations Department': 21.38230855608594, 'Risk Department': 36.84017066028588}",86.0,8.0,21.38230855608594,36.84017066028588,0.05,0.0,standard,0.0,Growth Department,profit
centralized_profit,9,3.458430419380095,40.95304800614047,True,34.0,35,313.0,46.4827469343356,232.41373467167801,32.71770239533213,30.555740597658605,73.0,210,35,0.0008578589986427687,0.37142857142857144,"{'Growth Department': 84.0, 'Trading/Opportunity Team': 82.0, 'Compliance Department': 11.0, 'Operations Department': 23.514360029174156, 'Risk Department': 31.899374642503872}",83.0,11.0,23.514360029174156,31.899374642503872,0.05,0.0,standard,0.0,Growth Department,profit
centralized_sustainability,0,67.3415144048547,69.72039502201883,False,,100,662.0,131.49095587399216,657.4547793699609,12.974470601612516,15.535799400009836,39.54522063003911,600,100,0.0022868659980304074,0.99,"{'Growth Department': 140.0, 'Trading/Opportunity Team': 139.0, 'Compliance Department': 140.0, 'Operations Department': 138.0, 'Risk Department': 100.45477936996089}",139.5,140.0,138.0,100.45477936996089,0.05,0.0,standard,2.0,Compliance Department,sustainability
centralized_sustainability,1,67.7736911565485,69.48263087019673,False,,100,650.0,129.08808637750886,645.4404318875443,12.659061795985835,14.85751843980277,38.559568112455736,600,100,0.0022929139995540027,0.97,"{'Growth Department': 137.0, 'Trading/Opportunity Team': 135.0, 'Compliance Department': 138.0, 'Operations Department': 136.0, 'Risk Department': 99.44043188754426}",136.0,138.0,136.0,99.44043188754426,0.05,0.0,standard,2.0,Compliance Department,sustainability
centralized_sustainability,2,70.32944626189752,69.34664857445803,False,,100,657.0,130.4800863102515,652.4004315512575,14.111861903597587,15.7110227224253,41.59956844874246,600,100,0.0022061630006646737,0.95,"{'Growth Department': 139.0, 'Trading/Opportunity Team': 139.0, 'Compliance Department': 141.0, 'Operations Department': 134.0, 'Risk Department': 99.40043155125754}",139.0,141.0,134.0,99.40043155125754,0.05,0.0,standard,2.0,Compliance Department,sustainability
centralized_sustainability,3,70.80051879435766,69.27474355408037,False,,100,651.0,129.26518120239618,646.3259060119809,14.135710076166097,16.074181936330966,41.67409398801905,600,100,0.0021573320009338204,0.96,"{'Growth Department': 139.0, 'Trading/Opportunity Team': 137.0, 'Compliance Department': 139.0, 'Operations Department': 134.0, 'Risk Department': 97.32590601198095}",138.0,139.0,134.0,97.32590601198095,0.05,0.0,standard,2.0,Compliance Department,sustainability
centralized_sustainability,4,71.07383779055289,68.6431099309681,False,,100,657.0,130.46080899890552,652.3040449945275,14.142705601751176,16.18376865282973,41.69595500547243,600,100,0.002205389999289764,0.95,"{'Growth Department': 139.0, 'Trading/Opportunity Team': 140.0, 'Compliance Department': 140.0, 'Operations Department': 135.0, 'Risk Department': 98.30404499452757}",139.5,140.0,135.0,98.30404499452757,0.05,0.0,standard,2.0,Compliance Department,sustainability
centralized_sustainability,5,69.66558726020513,69.59067154575901,False,,100,634.0,125.97064541683122,629.8532270841561,12.046967333070047,14.101322754396614,36.1467729158439,600,100,0.002144386002328247,0.99,"{'Growth Department': 133.0, 'Trading/Opportunity Team': 134.0, 'Compliance Department': 134.0, 'Operations Department': 131.0, 'Risk Department': 97.8532270841561}",133.5,134.0,131.0,97.8532270841561,0.05,0.0,standard,2.0,Compliance Department,sustainability
centralized_sustainability,6,65.39702176459008,69.44865209567584,False,,100,663.0,131.6816236719681,658.4081183598406,12.509402124850995,14.677688112055966,37.59188164015936,600,100,0.0022256600022956263,0.97,"{'Growth Department': 140.0, 'Trading/Opportunity Team': 139.0, 'Compliance Department': 140.0, 'Operations Department': 137.0, 'Risk Department': 102.40811835984064}",139.5,140.0,137.0,102.40811835984064,0.05,0.0,standard,2.0,Compliance Department,sustainability
centralized_sustainability,7,66.5097142053612,68.94865908271298,False,,100,647.0,128.54357692404,642.7178846201999,13.53027692153601,15.04636103351357,40.28211537980003,600,100,0.00217087300188723,0.97,"{'Growth Department': 137.0, 'Trading/Opportunity Team': 135.0, 'Compliance Department': 139.0, 'Operations Department': 133.0, 'Risk Department': 98.71788462019997}",136.0,139.0,133.0,98.71788462019997,0.05,0.0,standard,2.0,Compliance Department,sustainability
centralized_sustainability,8,68.11388353305465,68.53919134323212,False,,100,670.0,133.0554733803358,665.277366901679,15.591242591462724,17.530806386478567,45.72263309832101,600,100,0.0021239349989627954,0.95,"{'Growth Department': 141.0, 'Trading/Opportunity Team': 144.0, 'Compliance Department': 144.0, 'Operations Department': 138.0, 'Risk Department': 98.27736690167899}",142.5,144.0,138.0,98.27736690167899,0.05,0.0,standard,2.0,Compliance Department,sustainability
centralized_sustainability,9,71.41886291613815,69.52983995469182,False,,100,657.0,130.46787082763586,652.3393541381793,13.651406675782654,16.095353247635586,41.6606458618208,600,100,0.002172402000724105,0.97,"{'Growth Department': 139.0, 'Trading/Opportunity Team': 138.0, 'Compliance Department': 140.0, 'Operations Department': 137.0, 'Risk Department': 98.3393541381792}",138.5,140.0,137.0,98.3393541381792,0.05,0.0,standard,2.0,Compliance Department,sustainability
centralized_risk_averse,0,76.76463744078006,76.6881673565012,False,,100,557.0,110.82559007406503,554.1279503703252,1.92,1.8225463750090298,4.0,600,100,0.002288166000653291,0.96,"{'Growth Department': 113.0, 'Trading/Opportunity Team': 113.0, 'Compliance Department': 109.0, 'Operations Department': 109.0, 'Risk Department': 110.1279503703252}",113.0,109.0,109.0,110.1279503703252,0.05,0.0,standard,4.0,Risk Department,risk_averse
centralized_risk_averse,1,75.0729394344332,76.83851915895926,False,,100,542.0,107.91597200901678,539.5798600450839,1.6,1.4241638996529522,4.0,600,100,0.0021930629991402384,0.96,"{'Growth Department': 110.0, 'Trading/Opportunity Team': 109.0, 'Compliance Department': 106.0, 'Operations Department': 107.0, 'Risk Department': 107.5798600450839}",109.5,106.0,107.0,107.5798600450839,0.05,0.0,standard,4.0,Risk Department,risk_averse
centralized_risk_averse,2,69.77618526815567,75.5370964372307,False,,100,573.0,113.94150591779228,569.7075295889614,2.56,2.283349782800106,6.0,600,100,0.002261635996546829,0.95,"{'Growth Department': 116.0, 'Trading/Opportunity Team': 117.0, 'Compliance Department': 111.0, 'Operations Department': 112.0, 'Risk Department': 113.70752958896144}",116.5,111.0,112.0,113.70752958896144,0.05,0.0,standard,4.0,Risk Department,risk_averse
centralized_risk_averse,3,79.1395215847154,77.16056099890334,False,,100,534.0,106.32460256427166,531.6230128213583,1.660317948582665,1.5241578139550693,4.0,600,100,0.0022847559994261246,0.98,"{'Growth Department': 108.0, 'Trading/Opportunity Team': 108.0, 'Compliance Department': 104.0, 'Operations Department': 106.0, 'Risk Department': 105.62301282135834}",108.0,104.0,106.0,105.62301282135834,0.05,0.0,standard,4.0,Risk Department,risk_averse
centralized_risk_averse,4,73.85032382435642,77.08332301483993,False,,100,543.0,108.08659863888772,540.4329931944386,1.76,1.6299693307707888,4.0,600,100,0.0024105949996737763,0.97,"{'Growth Department': 110.0, 'Trading/Opportunity Team': 110.0, 'Compliance Department': 107.0, 'Operations Department': 106.0, 'Risk Department': 107.43299319443864}",110.0,107.0,106.0,107.43299319443864,0.05,0.0,standard,4.0,Risk Department,risk_averse
centralized_risk_averse,5,69.0114120327485,76.50740151672736,False,,100,537.0,106.9693691847339,534.8468459236695,2.08,1.8983553374896556,5.0,600,100,0.0023640740000701044,0.97,"{'Growth Department': 109.0, 'Trading/Opportunity Team': 109.0, 'Compliance Department': 104.0, 'Operations Department': 106.0, 'Risk Department': 106.8468459236695}",109.0,104.0,106.0,106.8468459236695,0.05,0.0,standard,4.0,Risk Department,risk_averse
centralized_risk_averse,6,74.14752460163263,75.3699118286966,False,,100,571.0,113.55508633546546,567.7754316773273,2.72,2.4108376173894523,7.0,600,100,0.0025225300014426466,0.95,"{'Growth Department': 117.0, 'Trading/Opportunity Team': 115.0, 'Compliance Department': 110.0, 'Operations Department': 112.0, 'Risk Department': 113.77543167732728}",116.0,110.0,112.0,113.77543167732728,0.05,0.0,standard,4.0,Risk Department,risk_averse
centralized_risk_averse,7,75.71960183373389,76.19098114011135,False,,100,544.0,108.31391780196084,541.5695890098042,1.44,1.3923025309566635,3.0,600,100,0.0026049320003949106,0.97,"{'Growth Department': 110.0, 'Trading/Opportunity Team': 110.0, 'Compliance Department': 107.0, 'Operations Department': 107.0, 'Risk Department': 107.56958900980423}",110.0,107.0,107.0,107.56958900980423,0.05,0.0,standard,4.0,Risk Department,risk_averse
centralized_risk_averse,8,77.29513575826121,76.34115491532708,False,,100,559.0,111.1839527808831,555.9197639044155,2.24,2.0414330605269195,5.0,600,100,0.0025859850029519293,0.96,"{'Growth Department': 113.0, 'Trading/Opportunity Team': 114.0, 'Compliance Department': 109.0, 'Operations Department': 109.0, 'Risk Department': 110.91976390441549}",113.5,109.0,109.0,110.91976390441549,0.05,0.0,standard,4.0,Risk Department,risk_averse
centralized_risk_averse,9,77.97994726736611,75.73361889460155,False,,100,562.0,111.80498929181525,559.0249464590762,1.923991433452195,1.8336017258001716,5.0,600,100,0.002797621000354411,0.95,"{'Growth Department': 115.0, 'Trading/Opportunity Team': 112.0, 'Compliance Department': 110.0, 'Operations Department': 110.0, 'Risk Department': 112.02494645907622}",113.5,110.0,110.0,112.02494645907622,0.05,0.0,standard,4.0,Risk Department,risk_averse
structured_debate,0,3.105628774852514,45.04797939285495,True,39.0,40,344.0,53.55265213268861,267.763260663443,31.039758619150533,28.744398879664775,73.0,600,80,0.0017285579997405875,0.575,"{'Growth Department': 88.0, 'Trading/Opportunity Team': 86.0, 'Compliance Department': 15.0, 'Operations Department': 40.76175203313384, 'Risk Department': 38.00150863030917}",87.0,15.0,40.76175203313384,38.00150863030917,0.05,0.0,standard,,,
structured_debate,1,1.173812900311848,46.49615087205425,True,45.0,46,389.0,62.36760728356121,311.83803641780605,35.54414900978216,32.60573973364209,83.0,690,92,0.0017456159985158592,0.5217391304347826,"{'Growth Department': 103.0, 'Trading/Opportunity Team': 98.0, 'Compliance Department': 20.0, 'Operations Department': 48.98896772894456, 'Risk Department': 41.849068688861486}",100.5,20.0,48.98896772894456,41.849068688861486,0.05,0.0,standard,,,
structured_debate,2,2.611063044216319,45.315264404932385,True,47.0,48,401.0,62.02031164231812,310.1015582115906,36.49141741525363,33.71878724630652,88.0,720,96,0.0019287059985799715,0.5833333333333334,"{'Growth Department': 98.0, 'Trading/Opportunity Team': 104.0, 'Compliance Department': 16.0, 'Operations Department': 46.17291705692575, 'Risk Department': 45.92864115466485}",101.0,16.0,46.17291705692575,45.92864115466485,0.05,0.0,standard,,,
structured_debate,3,0.8295688109443233,44.56834324857723,True,53.0,54,450.0,71.63406674223594,358.17033371117975,40.53551007317037,36.67232626793442,96.0,810,108,0.0020585029997164384,0.6111111111111112,"{'Growth Department': 117.0, 'Trading/Opportunity Team': 110.0, 'Compliance Department': 21.0, 'Operations Department': 61.51727166849465, 'Risk Department': 48.65306204268514}",113.5,21.0,61.51727166849465,48.65306204268514,0.05,0.0,standard,,,
structured_debate,4,4.105110974037753,45.19845679193104,True,42.0,43,365.0,56.52256733304163,282.61283666520814,32.18522332898195,29.487254559293444,77.0,645,86,0.0016972810008155648,0.5348837209302325,"{'Growth Department': 88.0, 'Trading/Opportunity Team': 93.0, 'Compliance Department': 16.0, 'Operations Department': 44.7704824713453, 'Risk Department': 40.84235419386281}",90.5,16.0,44.7704824713453,40.84235419386281,0.05,0.0,standard,,,
structured_debate,5,4.414042592023888,47.00867446144956,True,40.0,41,347.0,55.70891617781016,278.5445808890508,30.085699668942148,27.589151285266833,68.0,615,82,0.001467391000915086,0.5609756097560976,"{'Growth Department': 89.0, 'Trading/Opportunity Team': 87.0, 'Compliance Department': 21.0, 'Operations Department': 46.58020381993922, 'Risk Department': 34.964377069111585}",88.0,21.0,46.58020381993922,34.964377069111585,0.05,0.0,standard,,,
structured_debate,6,0.1012847715193077,46.709651850906944,True,52.0,53,454.0,74.76505445884926,373.8252722942463,38.13472644380906,35.335397619544466,86.0,795,106,0.0018480139988241717,0.5471698113207547,"{'Growth Department': 116.0, 'Trading/Opportunity Team': 117.0, 'Compliance Department': 31.0, 'Operations Department': 60.167312568052935, 'Risk Department': 49.657959726193404}",116.5,31.0,60.167312568052935,49.657959726193404,0.05,0.0,standard,,,
structured_debate,7,2.8931750246635612,45.30286694075802,True,34.0,35,297.0,44.62155459894152,223.1077729947076,28.477775926213358,26.52720491074298,67.0,525,70,0.0012382049972075038,0.5142857142857142,"{'Growth Department': 76.0, 'Trading/Opportunity Team': 75.0, 'Compliance Department': 9.0, 'Operations Department': 32.09387253354108, 'Risk Department': 31.013900461166507}",75.5,9.0,32.09387253354108,31.013900461166507,0.05,0.0,standard,,,
structured_debate,8,2.7487001202787233,46.31479691918179,True,48.0,49,413.0,67.25236481075726,336.2618240537863,34.29648248483419,31.100810298634354,81.0,735,98,0.0017084190003515687,0.6530612244897959,"{'Growth Department': 100.0, 'Trading/Opportunity Team': 106.0, 'Compliance Department': 25.0, 'Operations Department': 57.61483958399999, 'Risk Department': 47.646984469786304}",103.0,25.0,57.61483958399999,47.646984469786304,0.05,0.0,standard,,,
structured_debate,9,1.7786359846059803,48.33594207425045,True,48.0,49,415.0,67.86538156330761,339.32690781653804,36.046339666740586,32.84853835107263,83.0,735,98,0.0015489530014747288,0.6122448979591837,"{'Growth Department': 108.0, 'Trading/Opportunity Team': 104.0, 'Compliance Department': 25.0, 'Operations Department': 57.61653073366673, 'Risk Department': 44.71037708287131}",106.0,25.0,57.61653073366673,44.71037708287131,0.05,0.0,standard,,,
independent,0,1.0976743872556263,36.600500703306615,True,14.0,15,137.0,13.416408902382788,67.08204451191394,21.270385436132987,19.233113141196718,50.0,0,0,0.00042877400119323283,0.0,"{'Growth Department': 36.0, 'Trading/Opportunity Team': 34.0, 'Compliance Department': -14.0, 'Operations Department': 1.0600910241688215, 'Risk Department': 10.021953487745112}",35.0,-14.0,1.0600910241688215,10.021953487745112,0.05,0.05,standard,,,
independent,1,0.735273892305063,40.002073924466245,True,21.0,22,206.0,25.621175302843803,128.105876514219,26.225412634180334,23.758701104343793,62.0,0,0,0.0005542870021599811,0.0,"{'Growth Department': 54.0, 'Trading/Opportunity Team': 51.0, 'Compliance Department': -8.0, 'Operations Department': 11.091171036372913, 'Risk Department': 20.014705477846107}",52.5,-8.0,11.091171036372913,20.014705477846107,0.05,0.05,standard,,,
independent,2,0.0,46.52796104765699,True,24.0,25,245.0,37.39003303395859,186.95016516979294,23.68,22.461688404562132,54.0,0,0,0.0006267800017667469,0.0,"{'Growth Department': 62.0, 'Trading/Opportunity Team': 67.0, 'Compliance Department': 13.0, 'Operations Department': 22.950165169792932, 'Risk Department': 22.000000000000004}",64.5,13.0,22.950165169792932,22.000000000000004,0.05,0.05,standard,,,
independent,3,3.380237681554563,43.535320900813275,True,24.0,25,241.0,35.02909780507126,175.1454890253563,25.109183239419025,23.71346340031547,58.0,0,0,0.0005912590022489894,0.0,"{'Growth Department': 66.0, 'Trading/Opportunity Team': 61.0, 'Compliance Department': 8.0, 'Operations Department': 20.07788427172522, 'Risk Department': 20.067604753631095}",63.5,8.0,20.07788427172522,20.067604753631095,0.05,0.05,standard,,,
independent,4,4.129588827017352,41.709043888534886,True,24.0,25,237.0,33.826792633206516,169.13396316603257,26.07178057768125,24.32620972632192,58.0,0,0,0.00060157899861224,0.0,"{'Growth Department': 61.0, 'Trading/Opportunity Team': 65.0, 'Compliance Department': 7.0, 'Operations Department': 14.051371389492209, 'Risk Department': 22.082591776540355}",63.0,7.0,14.051371389492209,22.082591776540355,0.05,0.05,standard,,,
independent,5,4.0166061409676175,46.99210511167708,True,15.0,16,159.0,22.558947748153365,112.79473874076683,16.467146860348905,15.43389162551666,36.0,0,0,0.0003929900012735743,0.0,"{'Growth Department': 41.0, 'Trading/Opportunity Team': 41.0, 'Compliance Department': 5.0, 'Operations Department': 15.714406617947468, 'Risk Department': 10.080332122819351}",41.0,5.0,15.714406617947468,10.080332122819351,0.05,0.05,standard,,,
independent,6,4.043284633243145,41.28344285354797,True,24.0,25,242.0,34.76142628831765,173.80713144158827,27.563797480172262,26.24449561483781,60.0,0,0,0.0005470030009746552,0.0,"{'Growth Department': 66.0, 'Trading/Opportunity Team': 67.0, 'Compliance Department': 7.0, 'Operations Department': 13.726265748923385, 'Risk Department': 20.080865692664865}",66.5,7.0,13.726265748923385,20.080865692664865,0.05,0.05,standard,,,
independent,7,0.0,42.85058558761021,True,18.0,19,179.0,22.01707737038554,110.0853868519277,23.18633810369157,21.222424688453113,55.0,0,0,0.0004364560008980334,0.0,"{'Growth Department': 48.0, 'Trading/Opportunity Team': 45.0, 'Compliance Department': -7.0, 'Operations Department': 10.085386851927701, 'Risk Department': 13.999999999999996}",46.5,-7.0,10.085386851927701,13.999999999999996,0.05,0.05,standard,,,
independent,8,0.059775138912479875,40.181394674181476,True,22.0,23,221.0,29.61686625002155,148.08433125010774,27.34669828042728,24.90887769724495,63.0,0,0,0.0004822730006708298,0.0,"{'Growth Department': 57.0, 'Trading/Opportunity Team': 60.0, 'Compliance Department': -3.0, 'Operations Department': 12.08313574732949, 'Risk Department': 22.001195502778252}",58.5,-3.0,12.08313574732949,22.001195502778252,0.05,0.05,standard,,,
independent,9,0.6615724463162564,41.49007713610823,True,23.0,24,229.0,31.217992077683174,156.08996038841588,27.347723369681667,25.487130540474666,63.0,0,0,0.0004964389991073404,0.0,"{'Growth Department': 63.0, 'Trading/Opportunity Team': 60.0, 'Compliance Department': 0.0, 'Operations Department': 15.076728939489566, 'Risk Department': 18.013231448926323}",61.5,0.0,15.076728939489566,18.013231448926323,0.05,0.05,standard,,,
voting,0,2.9096896099212577,36.24670609239421,True,9.0,10,110.0,10.249970420220414,51.24985210110207,8.289334670575416,7.9422043313282265,20.0,50,10,0.00041962199975387193,1.0,"{'Growth Department': 17.0, 'Trading/Opportunity Team': 17.0, 'Compliance Department': -3.0, 'Operations Department': 5.191658308903646, 'Risk Department': 15.058193792198423}",17.0,-3.0,5.191658308903646,15.058193792198423,0.05,0.05,standard,,,
voting,1,0.0,34.25805233189058,True,21.0,22,205.0,25.32820347740131,126.64101738700656,12.394290075867204,12.232851002395279,26.232156487085014,110,22,0.0006636790021730121,1.0,"{'Growth Department': 36.0, 'Trading/Opportunity Team': 36.0, 'Compliance Department': 11.0, 'Operations Department': 9.767843512914984, 'Risk Department': 33.87317387409158}",36.0,11.0,9.767843512914984,33.87317387409158,0.05,0.05,standard,,,
voting,2,0.0,35.17863912769927,True,22.0,23,230.0,29.19284145039611,145.96420725198055,13.874808592203049,13.580551851678578,30.0,115,23,0.0007028239997453056,1.0,"{'Growth Department': 41.0, 'Trading/Opportunity Team': 41.0, 'Compliance Department': 11.0, 'Operations Department': 14.282446298730964, 'Risk Department': 38.68176095324961}",41.0,11.0,14.282446298730964,38.68176095324961,0.05,0.05,standard,,,
voting,3,3.837859794820334,35.29659411417006,True,24.0,25,230.0,32.0000028255813,160.0000141279065,11.30618979567057,10.948174170282718,27.83184311147053,125,25,0.0007275889984157402,1.0,"{'Growth Department': 41.0, 'Trading/Opportunity Team': 41.0, 'Compliance Department': 26.0, 'Operations Department': 13.16815688852947, 'Risk Department': 38.83185723937702}",41.0,26.0,13.16815688852947,38.83185723937702,0.05,0.05,standard,,,
voting,4,1.0845229705214052,37.16683626002199,True,30.0,31,270.0,36.60601725232968,183.0300862616484,14.23187728404898,13.993774065461343,30.0,155,31,0.0008775640017120168,1.0,"{'Growth Department': 49.0, 'Trading/Opportunity Team': 49.0, 'Compliance Department': 19.0, 'Operations Department': 20.050766974693868, 'Risk Department': 45.97931928695453}",49.0,19.0,20.050766974693868,45.97931928695453,0.05,0.05,standard,,,
voting,5,1.9586233546728238,35.45916553880838,True,14.0,15,155.0,17.077845150916744,85.38922575458372,10.806727271037762,10.382473322456821,25.0,75,15,0.00044893399899592623,1.0,"{'Growth Department': 26.0, 'Trading/Opportunity Team': 26.0, 'Compliance Department': 1.0, 'Operations Department': 8.457954556013995, 'Risk Department': 23.931271198569725}",26.0,1.0,8.457954556013995,23.931271198569725,0.05,0.05,standard,,,
voting,6,2.367398052861308,34.15274063342771,True,62.0,63,465.0,67.30366827246006,336.5183413623003,26.19655789802519,25.46769799407522,64.36424343132872,315,63,0.0015132740008994006,1.0,"{'Growth Department': 88.0, 'Trading/Opportunity Team': 88.0, 'Compliance Department': 53.0, 'Operations Department': 23.63575656867128, 'Risk Department': 83.88258479362902}",88.0,53.0,23.63575656867128,83.88258479362902,0.05,0.05,standard,,,
voting,7,2.451245447696671,36.17485651598059,True,18.0,19,170.0,18.474547338830966,92.37273669415484,12.88569817564375,12.427072509048804,30.0,95,19,0.0005535139971470926,1.0,"{'Growth Department': 29.0, 'Trading/Opportunity Team': 29.0, 'Compliance Department': -1.0, 'Operations Department': 8.464386402226559, 'Risk Department': 26.90835029192828}",29.0,-1.0,8.464386402226559,26.90835029192828,0.05,0.05,standard,,,
voting,8,0.0,33.003631556018206,True,38.0,39,325.0,45.59441513294288,227.9720756647144,18.111421651980365,17.553515584967666,44.09819266243864,195,39,0.0010079499988933094,1.0,"{'Growth Department': 60.0, 'Trading/Opportunity Team': 60.0, 'Compliance Department': 35.0, 'Operations Department': 15.901807337561358, 'Risk Department': 57.07026832715303}",60.0,35.0,15.901807337561358,57.07026832715303,0.05,0.05,standard,,,
voting,9,4.635678687043248,38.796388926838006,True,15.0,16,175.0,21.349245330660274,106.74622665330138,10.606553842169468,10.19872811269193,25.0,80,16,0.0005025329992349725,1.0,"{'Growth Department': 30.0, 'Trading/Opportunity Team': 30.0, 'Compliance Department': 5.0, 'Operations Department': 13.709038486440814, 'Risk Department': 28.037188166860563}",30.0,5.0,13.709038486440814,28.037188166860563,0.05,0.05,standard,,,
adaptive_voting,0,64.44087781724026,61.847384026896144,False,,100,630.0,124.12822094878038,620.6411047439019,2.595201507122367,2.6756686591381658,6.861114163416744,500,100,0.002619935999973677,1.0,"{'Growth Department': 126.0, 'Trading/Opportunity Team': 126.0, 'Compliance Department': 126.0, 'Operations Department': 123.50221890731869, 'Risk Department': 119.13888583658326}",126.0,126.0,123.50221890731869,119.13888583658326,0.05,0.05,standard,,,
adaptive_voting,1,59.640933385007955,63.42182584095147,False,,100,655.0,129.66816896051685,648.3408448025842,2.0359442018099663,2.377974099072653,6.065496063896589,500,100,0.0025502190001134295,1.0,"{'Growth Department': 131.0, 'Trading/Opportunity Team': 131.0, 'Compliance Department': 131.0, 'Operations Department': 130.4063408664809, 'Risk Department': 124.93450393610341}",131.0,131.0,130.4063408664809,124.93450393610341,0.05,0.05,standard,,,
adaptive_voting,2,46.43137311971347,53.507809026826614,False,,100,680.0,129.79673949863556,648.9836974931778,8.88708166698505,9.500706612342954,24.527957911834392,500,100,0.0028106380013923626,1.0,"{'Growth Department': 136.0, 'Trading/Opportunity Team': 136.0, 'Compliance Department': 136.0, 'Operations Department': 111.47204208816561, 'Risk Department': 129.51165540501222}",136.0,136.0,111.47204208816561,129.51165540501222,0.05,0.05,standard,,,
adaptive_voting,3,47.34463040690768,64.16042510988649,False,,100,695.0,137.3533809339834,686.766904669917,2.4008386383564493,2.6244833527134253,6.772146159644848,500,100,0.0025008769989653956,1.0,"{'Growth Department': 139.0, 'Trading/Opportunity Team': 139.0, 'Compliance Department': 139.0, 'Operations Department': 137.5390508295619, 'Risk Department': 132.22785384035515}",139.0,139.0,137.5390508295619,132.22785384035515,0.05,0.05,standard,,,
adaptive_voting,4,45.87939519691137,63.27241789292453,False,,100,695.0,137.4281085735848,687.1405428679241,2.2668523009826185,2.443243241205045,6.308369749065463,500,100,0.002604607001558179,1.0,"{'Growth Department': 139.0, 'Trading/Opportunity Team': 139.0, 'Compliance Department': 139.0, 'Operations Department': 137.44891261698956, 'Risk Department': 132.69163025093454}",139.0,139.0,137.44891261698956,132.69163025093454,0.05,0.05,standard,,,
adaptive_voting,5,51.74651444050992,62.978504709723765,False,,100,670.0,132.34826176123582,661.7413088061791,2.3901415644059627,2.587289847623496,6.679693583716329,500,100,0.0025932610005838796,1.0,"{'Growth Department': 134.0, 'Trading/Opportunity Team': 134.0, 'Compliance Department': 134.0, 'Operations Department': 132.4210023898954, 'Risk Department': 127.32030641628367}",134.0,134.0,132.4210023898954,127.32030641628367,0.05,0.05,standard,,,
adaptive_voting,6,65.82019087557842,63.36200389709562,False,,100,685.0,135.54958335619102,677.7479167809552,2.1885370924349807,2.5084023522125576,6.426273608673739,500,100,0.0026258640027663205,1.0,"{'Growth Department': 137.0, 'Trading/Opportunity Team': 137.0, 'Compliance Department': 137.0, 'Operations Department': 136.17419038962885, 'Risk Department': 130.57372639132626}",137.0,137.0,136.17419038962885,130.57372639132626,0.05,0.05,standard,,,
adaptive_voting,7,47.61591045689018,61.45800143802005,False,,100,665.0,130.40043863711927,652.0021931855963,3.1246018057077913,3.1838639775211273,6.530954471270036,500,100,0.0024609299980511423,1.0,"{'Growth Department': 133.0, 'Trading/Opportunity Team': 133.0, 'Compliance Department': 133.0, 'Operations Department': 126.53314765686638, 'Risk Department': 126.46904552872996}",133.0,133.0,126.53314765686638,126.46904552872996,0.05,0.05,standard,,,
adaptive_voting,8,69.77341903161314,58.7505313784457,False,,100,700.0,136.2527271808558,681.263635904279,4.967862049862847,4.952911104420478,12.312773715921722,500,100,0.0025109330017585307,1.0,"{'Growth Department': 140.0, 'Trading/Opportunity Team': 140.0, 'Compliance Department': 140.0, 'Operations Department': 127.68722628407828, 'Risk Department': 133.57640962020065}",140.0,140.0,127.68722628407828,133.57640962020065,0.05,0.05,standard,,,
adaptive_voting,9,69.21848717513157,63.763413478657895,False,,100,675.0,133.7391219880258,668.695609940129,2.012841833987932,2.507521021638882,6.275871402553548,500,100,0.002498951998859411,1.0,"{'Growth Department': 135.0, 'Trading/Opportunity Team': 135.0, 'Compliance Department': 135.0, 'Operations Department': 134.97148134268252, 'Risk Department': 128.72412859744645}",135.0,135.0,134.97148134268252,128.72412859744645,0.05,0.05,standard,,,
centralized_profit,0,0.9563872861888063,34.107306760021046,True,19.0,20,165.0,17.613507249788384,88.06753624894192,22.8722546394851,20.742901397436306,51.0,120,20,0.0005996899999445304,0.5,"{'Growth Department': 42.0, 'Trading/Opportunity Team': 40.0, 'Compliance Department': -9.0, 'Operations Department': -0.9515914967818633, 'Risk Department': 16.01912774572378}",41.0,-9.0,-0.9515914967818633,16.01912774572378,0.05,0.05,standard,0.0,Growth Department,profit
centralized_profit,1,0.0,39.0326074837106,True,30.0,31,264.0,36.71646412185836,183.5823206092918,27.743131980179392,25.40746377429662,62.0,186,31,0.0008972059986263048,0.45161290322580644,"{'Growth Department': 68.0, 'Trading/Opportunity Team': 65.0, 'Compliance Department': 6.0, 'Operations Department': 15.605425123878796, 'Risk Department': 28.976895485412996}",66.5,6.0,15.605425123878796,28.976895485412996,0.05,0.05,standard,0.0,Growth Department,profit
centralized_profit,2,0.0,46.34647373882361,True,27.0,28,257.0,38.217542506375935,191.08771253187967,23.97128478235994,22.714777564367157,54.0,168,28,0.000813465998362517,0.2857142857142857,"{'Growth Department': 66.0, 'Trading/Opportunity Team': 65.0, 'Compliance Department': 12.0, 'Operations Department': 23.179470110250385, 'Risk Department': 24.908242421629296}",65.5,12.0,23.179470110250385,24.908242421629296,0.05,0.05,standard,0.0,Growth Department,profit
centralized_profit,3,0.0,40.27675165092085,True,34.0,35,303.0,44.071431497073014,220.35715748536506,30.48463950470703,28.631412193404987,67.0,210,35,0.000914814998395741,0.42857142857142855,"{'Growth Department': 80.0, 'Trading/Opportunity Team': 77.0, 'Compliance Department': 13.0, 'Operations Department': 20.47100309558106, 'Risk Department': 29.886154389784007}",78.5,13.0,20.47100309558106,29.886154389784007,0.05,0.05,standard,0.0,Growth Department,profit
centralized_profit,4,4.183480711369979,43.04944550582535,True,29.0,30,263.0,37.72206237113154,188.6103118556577,26.4553682465919,24.443297214812212,60.0,180,30,0.0008417050012212712,0.4666666666666667,"{'Growth Department': 67.0, 'Trading/Opportunity Team': 66.0, 'Compliance Department': 7.0, 'Operations Department': 20.65394845880065, 'Risk Department': 27.95636339685705}",66.5,7.0,20.65394845880065,27.95636339685705,0.05,0.05,standard,0.0,Growth Department,profit
centralized_profit,5,2.34018840436965,42.44652852173714,True,18.0,19,171.0,21.803087712030468,109.01543856015235,19.041435483917148,17.76811137982124,45.0,114,19,0.0005259429999568965,0.2631578947368421,"{'Growth Department': 43.0, 'Trading/Opportunity Team': 42.0, 'Compliance Department': -2.0, 'Operations Department': 12.991028225517814, 'Risk Department': 13.024410334634531}",42.5,-2.0,12.991028225517814,13.024410334634531,0.05,0.05,standard,0.0,Growth Department,profit
centralized_profit,6,2.9955243769808053,39.71788281719445,True,40.0,41,348.0,52.409699916767146,262.04849958383573,33.96693094314888,32.195311982031555,71.64665919734026,246,41,0.0010240349984087516,0.5365853658536586,"{'Growth Department': 92.0, 'Trading/Opportunity Team': 90.0, 'Compliance Department': 21.0, 'Operations Department': 20.35334080265975, 'Risk Department': 38.695158781176005}",91.0,21.0,20.35334080265975,38.695158781176005,0.05,0.05,standard,0.0,Growth Department,profit
centralized_profit,7,1.2487956493747827,43.34425885728536,True,20.0,21,184.0,24.8833535887222,124.416767943611,18.81378838553576,17.603767647842314,42.0,126,21,0.000544187001651153,0.42857142857142855,"{'Growth Department': 47.0, 'Trading/Opportunity Team': 45.0, 'Compliance Department': 5.0, 'Operations Department': 11.413822590401502, 'Risk Department': 16.002945353209505}",46.0,5.0,11.413822590401502,16.002945353209505,0.05,0.05,standard,0.0,Growth Department,profit
centralized_profit,8,0.8307860352431753,37.59504180139694,True,35.0,36,306.0,42.943445339684594,214.71722669842296,34.425903777923764,31.83529799476768,74.0,216,36,0.0009883380007522646,0.5277777777777778,"{'Growth Department': 80.0, 'Trading/Opportunity Team': 80.0, 'Compliance Department': 6.0, 'Operations Department': 12.838101387976469, 'Risk Department': 35.87912531044649}",80.0,6.0,12.838101387976469,35.87912531044649,0.05,0.05,standard,0.0,Growth Department,profit
centralized_profit,9,3.950120323499304,41.156762043193254,True,29.0,30,266.0,37.83748151807823,189.18740759039113,28.289247520587264,26.251538162876795,64.0,180,30,0.0007845589971111622,0.4,"{'Growth Department': 70.0, 'Trading/Opportunity Team': 68.0, 'Compliance Department': 6.0, 'Operations Department': 19.19220299632959, 'Risk Department': 25.995204594061537}",69.0,6.0,19.19220299632959,25.995204594061537,0.05,0.05,standard,0.0,Growth Department,profit
centralized_sustainability,0,63.85671269150474,65.27530444343299,False,,100,603.0,119.3089208566785,596.5446042833925,8.858721796506865,10.62710118222095,26.911615511560413,600,100,0.002414638001937419,0.99,"{'Growth Department': 125.0, 'Trading/Opportunity Team': 125.0, 'Compliance Department': 125.0, 'Operations Department': 123.45621979495291, 'Risk Department': 98.08838448843959}",125.0,125.0,123.45621979495291,98.08838448843959,0.05,0.05,standard,2.0,Compliance Department,sustainability
centralized_sustainability,1,59.88552114113858,68.07804347427805,False,,100,618.0,122.63350469041544,613.1675234520771,10.18639249533532,11.775528390246924,30.83247654792288,600,100,0.002478475998941576,0.97,"{'Growth Department': 129.0, 'Trading/Opportunity Team': 127.0, 'Compliance Department': 130.0, 'Operations Department': 128.0, 'Risk Department': 99.16752345207712}",128.0,130.0,128.0,99.16752345207712,0.05,0.05,standard,2.0,Compliance Department,sustainability
centralized_sustainability,2,66.10015374760624,65.84760305136282,False,,100,626.0,123.79748751324152,618.9874375662076,11.143116442071328,12.348175621010226,32.63191532915346,600,100,0.0026468730029591825,0.95,"{'Growth Department': 130.0, 'Trading/Opportunity Team': 131.0, 'Compliance Department': 132.0, 'Operations Department': 126.61935289536112, 'Risk Department': 99.36808467084654}",130.5,132.0,126.61935289536112,99.36808467084654,0.05,0.05,standard,2.0,Compliance Department,sustainability
centralized_sustainability,3,61.98487066308385,68.35438275506506,False,,100,648.0,128.5467205771986,642.733602885993,13.205247076482232,15.000183219461647,39.26639711400698,600,100,0.0027581149988691323,0.96,"{'Growth Department': 137.0, 'Trading/Opportunity Team': 136.0, 'Compliance Department': 138.0, 'Operations Department': 133.0, 'Risk Department': 98.73360288599302}",136.5,138.0,133.0,98.73360288599302,0.05,0.05,standard,2.0,Compliance Department,sustainability
centralized_sustainability,4,63.34988263706231,67.85216912337603,False,,100,647.0,128.40692650171337,642.0346325085669,13.748917597258574,15.779898846257,40.96536749143304,600,100,0.0029392159995040856,0.95,"{'Growth Department': 137.0, 'Trading/Opportunity Team': 137.0, 'Compliance Department': 138.0, 'Operations Department': 133.0, 'Risk Department': 97.03463250856696}",137.0,138.0,133.0,97.03463250856696,0.05,0.05,standard,2.0,Compliance Department,sustainability
centralized_sustainability,5,69.40665778559293,67.61246463228015,False,,100,620.0,122.96071801098938,614.8035900549469,10.616336870775962,12.580904687406969,32.15569549729656,600,100,0.003317785001854645,0.99,"{'Growth Department': 129.0, 'Trading/Opportunity Team': 130.0, 'Compliance Department': 130.0, 'Operations Department': 127.95928555224336, 'Risk Department': 97.84430450270344}",129.5,130.0,127.95928555224336,97.84430450270344,0.05,0.05,standard,2.0,Compliance Department,sustainability
centralized_sustainability,6,68.76261571117489,68.64166553322235,False,,100,639.0,126.7926551495464,633.963275747732,11.37175176072575,12.982265213387,34.03672425226797,600,100,0.0032039170000643935,0.97,"{'Growth Department': 134.0, 'Trading/Opportunity Team': 133.0, 'Compliance Department': 135.0, 'Operations Department': 131.0, 'Risk Department': 100.96327574773203}",133.5,135.0,131.0,100.96327574773203,0.05,0.05,standard,2.0,Compliance Department,sustainability
centralized_sustainability,7,60.23464789377202,66.54273424060655,False,,100,625.0,123.83942621256742,619.1971310628371,11.648138826980269,12.674378533856737,32.99799873146385,600,100,0.0027781620010500774,0.97,"{'Growth Department': 131.0, 'Trading/Opportunity Team': 132.0, 'Compliance Department': 132.0, 'Operations Department': 125.19512979430102, 'Risk Department': 99.00200126853615}",131.5,132.0,125.19512979430102,99.00200126853615,0.05,0.05,standard,2.0,Compliance Department,sustainability
centralized_sustainability,8,69.81360594188192,68.06008005504117,False,,100,657.0,130.43089649855855,652.1544824927928,13.870565602306305,15.74495215188078,40.845517507207205,600,100,0.002862977999029681,0.95,"{'Growth Department': 138.0, 'Trading/Opportunity Team': 140.0, 'Compliance Department': 140.0, 'Operations Department': 135.0, 'Risk Department': 99.1544824927928}",139.0,140.0,135.0,99.1544824927928,0.05,0.05,standard,2.0,Compliance Department,sustainability
centralized_sustainability,9,72.12065324281383,68.53233942681518,False,,100,633.0,125.6039989757945,628.0199948789725,12.473601638728805,13.914715969195111,36.98000512102752,600,100,0.002657764998730272,0.97,"{'Growth Department': 134.0, 'Trading/Opportunity Team': 130.0, 'Compliance Department': 135.0, 'Operations Department': 131.0, 'Risk Department': 98.01999487897248}",132.0,135.0,131.0,98.01999487897248,0.05,0.05,standard,2.0,Compliance Department,sustainability
centralized_risk_averse,0,69.25136109510795,69.86318275670804,False,,100,554.0,109.78434146471622,548.9217073235811,3.052526828227019,2.795952697369989,7.0,600,100,0.0026059730007546023,0.96,"{'Growth Department': 113.0, 'Trading/Opportunity Team': 113.0, 'Compliance Department': 106.0, 'Operations Department': 109.0, 'Risk Department': 107.92170732358113}",113.0,106.0,109.0,107.92170732358113,0.05,0.05,standard,4.0,Risk Department,risk_averse
centralized_risk_averse,1,68.79779859741478,73.48495888816888,False,,100,540.0,107.31201607077764,536.5600803538882,2.08,1.881847982857145,5.0,600,100,0.0026189950003754348,0.96,"{'Growth Department': 110.0, 'Trading/Opportunity Team': 109.0, 'Compliance Department': 105.0, 'Operations Department': 106.0, 'Risk Department': 106.56008035388821}",109.5,105.0,106.0,106.56008035388821,0.05,0.05,standard,4.0,Risk Department,risk_averse
centralized_risk_averse,2,65.18454241299793,69.99151070463483,False,,100,570.0,112.84661062025165,564.2330531012583,3.724189846635022,3.325785001792413,9.0,600,100,0.0028714590007439256,0.95,"{'Growth Department': 116.0, 'Trading/Opportunity Team': 117.0, 'Compliance Department': 108.0, 'Operations Department': 110.72381345853111, 'Risk Department': 112.5092396427271}",116.5,108.0,110.72381345853111,112.5092396427271,0.05,0.05,standard,4.0,Risk Department,risk_averse
centralized_risk_averse,3,68.20956708612036,76.38117617851512,False,,100,533.0,105.9657146395549,529.8285731977745,2.107428288356075,1.9165783742528215,5.0,600,100,0.002610024999739835,0.98,"{'Growth Department': 108.0, 'Trading/Opportunity Team': 108.0, 'Compliance Department': 103.0, 'Operations Department': 106.0, 'Risk Department': 104.82857319777453}",108.0,103.0,106.0,104.82857319777453,0.05,0.05,standard,4.0,Risk Department,risk_averse
centralized_risk_averse,4,68.47868655796213,75.64231409112337,False,,100,542.0,107.79373283273215,538.9686641636607,1.92,1.8358062471761036,4.0,600,100,0.002525191001041094,0.97,"{'Growth Department': 110.0, 'Trading/Opportunity Team': 110.0, 'Compliance Department': 106.0, 'Operations Department': 106.0, 'Risk Department': 106.96866416366076}",110.0,106.0,106.0,106.96866416366076,0.05,0.05,standard,4.0,Risk Department,risk_averse
centralized_risk_averse,5,69.96600603717833,73.85552306415559,False,,100,537.0,106.66718090649843,533.3359045324921,2.186255274801251,2.010739713636952,5.0,600,100,0.0024943600001279265,0.97,"{'Growth Department': 109.0, 'Trading/Opportunity Team': 109.0, 'Compliance Department': 104.0, 'Operations Department': 106.0, 'Risk Department': 105.33590453249218}",109.0,104.0,106.0,105.33590453249218,0.05,0.05,standard,4.0,Risk Department,risk_averse
centralized_risk_averse,6,76.3235090193286,73.20148826193088,False,,100,569.0,113.07672946367987,565.3836473183993,3.36,3.037029740122147,9.0,600,100,0.0026775610022014007,0.95,"{'Growth Department': 117.0, 'Trading/Opportunity Team': 115.0, 'Compliance Department': 108.0, 'Operations Department': 112.0, 'Risk Department': 113.38364731839931}",116.0,108.0,112.0,113.38364731839931,0.05,0.05,standard,4.0,Risk Department,risk_averse
centralized_risk_averse,7,72.34534675322963,72.91983310114878,False,,100,543.0,107.86263506561681,539.3131753280841,1.8698919475065463,1.7748820720145748,4.0,600,100,0.00246070499997586,0.97,"{'Growth Department': 110.0, 'Trading/Opportunity Team': 110.0, 'Compliance Department': 106.0, 'Operations Department': 107.0, 'Risk Department': 106.31317532808409}",110.0,106.0,107.0,106.31317532808409,0.05,0.05,standard,4.0,Risk Department,risk_averse
centralized_risk_averse,8,79.07231872093473,75.18307026492211,False,,100,559.0,111.15797734053203,555.7898867026602,2.24,2.0454517054729577,5.0,600,100,0.0025663960004749242,0.96,"{'Growth Department': 113.0, 'Trading/Opportunity Team': 114.0, 'Compliance Department': 109.0, 'Operations Department': 109.0, 'Risk Department': 110.78988670266014}",113.5,109.0,109.0,110.78988670266014,0.05,0.05,standard,4.0,Risk Department,risk_averse
centralized_risk_averse,9,73.79076022748495,73.92672821997094,False,,100,561.0,111.46990559257715,557.3495279628858,2.24,2.050273809380721,6.0,600,100,0.0025536059984005988,0.95,"{'Growth Department': 115.0, 'Trading/Opportunity Team': 112.0, 'Compliance Department': 109.0, 'Operations Department': 110.0, 'Risk Department': 111.34952796288572}",113.5,109.0,110.0,111.34952796288572,0.05,0.05,standard,4.0,Risk Department,risk_averse
structured_debate,0,2.390051609652657,37.61208144730025,True,16.0,17,149.0,15.588717485864342,77.94358742932171,21.936674176459416,19.837857502786868,51.0,255,34,0.0007991759994183667,0.17647058823529413,"{'Growth Department': 39.0, 'Trading/Opportunity Team': 37.0, 'Compliance Department': -12.0, 'Operations Department': 1.89578639712866, 'Risk Department': 12.047801032193053}",38.0,-12.0,1.89578639712866,12.047801032193053,0.05,0.05,standard,,,
structured_debate,1,0.20029494513419266,43.778694699732156,True,30.0,31,269.0,41.43562023201032,207.1781011600516,23.052119769627996,21.436686397072002,53.0,465,62,0.0012637999971047975,0.4838709677419355,"{'Growth Department': 69.0, 'Trading/Opportunity Team': 65.0, 'Compliance Department': 16.0, 'Operations Department': 30.253849720226597, 'Risk Department': 26.924251439825}",67.0,16.0,30.253849720226597,26.924251439825,0.05,0.05,standard,,,
structured_debate,2,0.11431072861348746,49.13894092798155,True,34.0,35,301.0,47.06582261826325,235.32911309131623,25.13638341310241,22.963522046055136,59.0,525,70,0.0014035780004633125,0.5428571428571428,"{'Growth Department': 71.0, 'Trading/Opportunity Team': 77.0, 'Compliance Department': 18.0, 'Operations Department': 37.43150942320631, 'Risk Department': 31.89760366810993}",74.0,18.0,37.43150942320631,31.89760366810993,0.05,0.05,standard,,,
structured_debate,3,4.067647470222825,44.493773500869594,True,44.0,45,376.0,57.22140602084473,286.10703010422367,36.00811943984909,32.74457714257168,87.0,675,90,0.0016600569979345892,0.5555555555555556,"{'Growth Department': 98.0, 'Trading/Opportunity Team': 91.0, 'Compliance Department': 11.0, 'Operations Department': 46.15777660328048, 'Risk Department': 39.94925350094323}",94.5,11.0,46.15777660328048,39.94925350094323,0.05,0.05,standard,,,
structured_debate,4,3.574383527901764,42.99674179931379,True,37.0,38,316.0,46.71008843726739,233.55044218633694,28.969313415869173,26.596025974983725,71.0,570,76,0.0014505050021398347,0.5526315789473685,"{'Growth Department': 74.0, 'Trading/Opportunity Team': 80.0, 'Compliance Department': 9.0, 'Operations Department': 35.608651035519294, 'Risk Department': 34.94179115081764}",77.0,9.0,35.608651035519294,34.94179115081764,0.05,0.05,standard,,,
structured_debate,5,0.03575539895943791,43.07426623066687,True,21.0,22,188.0,22.835755293705652,114.17877646852826,22.24148091667389,20.651381017252994,55.0,330,44,0.0007729540011496283,0.4090909090909091,"{'Growth Department': 45.0, 'Trading/Opportunity Team': 46.0, 'Compliance Department': -9.0, 'Operations Department': 16.18803219774005, 'Risk Department': 15.990744270788193}",45.5,-9.0,16.18803219774005,15.990744270788193,0.05,0.05,standard,,,
structured_debate,6,2.994988575817647,47.047424434833935,True,43.0,44,377.0,61.84850099411435,309.24250497057176,29.77591387558732,27.253322730864266,67.0,660,88,0.0015238410014717374,0.6136363636363636,"{'Growth Department': 93.0, 'Trading/Opportunity Team': 94.0, 'Compliance Department': 27.0, 'Operations Department': 54.341966692992486, 'Risk Department': 40.90053827757924}",93.5,27.0,54.341966692992486,40.90053827757924,0.05,0.05,standard,,,
structured_debate,7,4.9681212446969845,49.147472244363996,True,18.0,19,175.0,25.34427417768672,126.7213708884336,16.78410201201697,15.87562912929517,38.0,285,38,0.0006773300010536332,0.2631578947368421,"{'Growth Department': 46.0, 'Trading/Opportunity Team': 43.0, 'Compliance Department': 8.0, 'Operations Department': 15.62200846353965, 'Risk Department': 14.09936242489394}",44.5,8.0,15.62200846353965,14.09936242489394,0.05,0.05,standard,,,
structured_debate,8,4.561866704079527,42.3231306825205,True,40.0,41,343.0,50.11278745364782,250.5639372682391,34.7851480670174,31.741400430274382,83.0,615,82,0.0014251280008465983,0.5609756097560976,"{'Growth Department': 84.0, 'Trading/Opportunity Team': 89.0, 'Compliance Department': 6.0, 'Operations Department': 32.59282458114122, 'Risk Department': 38.971112687097886}",86.5,6.0,32.59282458114122,38.971112687097886,0.05,0.05,standard,,,
structured_debate,9,1.824890988721469,48.37817186756846,True,34.0,35,303.0,49.97533167391488,249.8766583695744,23.200484460323878,21.485118204548375,51.0,525,70,0.0011861929997394327,0.6285714285714286,"{'Growth Department': 77.0, 'Trading/Opportunity Team': 74.0, 'Compliance Department': 26.0, 'Operations Department': 41.8796862465986, 'Risk Department': 30.996972122975777}",75.5,26.0,41.8796862465986,30.996972122975777,0.05,0.05,standard,,,
independent,0,1.0976743872556263,36.600500703306615,True,14.0,15,137.0,13.416408902382788,67.08204451191394,21.270385436132987,19.233113141196718,50.0,0,0,0.0004311240008973982,0.0,"{'Growth Department': 36.0, 'Trading/Opportunity Team': 34.0, 'Compliance Department': -14.0, 'Operations Department': 1.0600910241688215, 'Risk Department': 10.021953487745112}",35.0,-14.0,1.0600910241688215,10.021953487745112,0.05,0.1,standard,,,
independent,1,1.0108493777447443,43.115327807535195,True,19.0,20,191.0,25.60940876253492,128.0470438126746,21.43570770798085,19.617427719133914,50.0,0,0,0.0005299980002746452,0.0,"{'Growth Department': 50.0, 'Trading/Opportunity Team': 47.0, 'Compliance Department': 0.0, 'Operations Department': 13.026826825119702, 'Risk Department': 18.0202169875549}",48.5,0.0,13.026826825119702,18.0202169875549,0.05,0.1,standard,,,
independent,2,0.0,37.506764682211426,True,22.0,23,217.0,27.446037128679144,137.2301856433957,27.323170297056684,24.801984998144647,64.0,0,0,0.0005972069993731566,0.0,"{'Growth Department': 54.0, 'Trading/Opportunity Team': 58.0, 'Compliance Department': -6.0, 'Operations Department': 11.230185643395707, 'Risk Department': 20.000000000000004}",56.0,-6.0,11.230185643395707,20.000000000000004,0.05,0.1,standard,,,
independent,3,3.380237681554563,43.535320900813275,True,24.0,25,241.0,35.02909780507126,175.1454890253563,25.109183239419025,23.71346340031547,58.0,0,0,0.0005670889986504335,0.0,"{'Growth Department': 66.0, 'Trading/Opportunity Team': 61.0, 'Compliance Department': 8.0, 'Operations Department': 20.07788427172522, 'Risk Department': 20.067604753631095}",63.5,8.0,20.07788427172522,20.067604753631095,0.05,0.1,standard,,,
independent,4,1.5529732315365088,38.0142733620173,True,22.0,23,214.0,27.942743577239405,139.71371788619703,26.6107746525494,24.354249351702048,60.0,0,0,0.000539423999725841,0.0,"{'Growth Department': 55.0, 'Trading/Opportunity Team': 58.0, 'Compliance Department': -2.0, 'Operations Department': 8.682658421566295, 'Risk Department': 20.031059464630733}",56.5,-2.0,8.682658421566295,20.031059464630733,0.05,0.1,standard,,,
independent,5,0.0,42.75588152191636,True,14.0,15,147.0,17.41645581609244,87.0822790804622,18.08,16.66224620900645,43.0,0,0,0.00036647699744207785,0.0,"{'Growth Department': 37.0, 'Trading/Opportunity Team': 36.0, 'Compliance Department': -6.0, 'Operations Department': 11.082279080462207, 'Risk Department': 8.999999999999998}",36.5,-6.0,11.082279080462207,8.999999999999998,0.05,0.1,standard,,,
independent,6,4.043284633243145,41.28344285354797,True,24.0,25,242.0,34.76142628831765,173.80713144158827,27.563797480172262,26.24449561483781,60.0,0,0,0.0005150399992999155,0.0,"{'Growth Department': 66.0, 'Trading/Opportunity Team': 67.0, 'Compliance Department': 7.0, 'Operations Department': 13.726265748923385, 'Risk Department': 20.080865692664865}",66.5,7.0,13.726265748923385,20.080865692664865,0.05,0.1,standard,,,
independent,7,0.0,42.85058558761021,True,18.0,19,179.0,22.01707737038554,110.0853868519277,23.18633810369157,21.222424688453113,55.0,0,0,0.0004222880015731789,0.0,"{'Growth Department': 48.0, 'Trading/Opportunity Team': 45.0, 'Compliance Department': -7.0, 'Operations Department': 10.085386851927701, 'Risk Department': 13.999999999999996}",46.5,-7.0,10.085386851927701,13.999999999999996,0.05,0.1,standard,,,
independent,8,3.27107914037024,44.91022637167329,True,19.0,20,200.0,29.918100865154884,149.59050432577442,19.91598676112528,18.756891335742058,45.0,0,0,0.0004533930004981812,0.0,"{'Growth Department': 51.0, 'Trading/Opportunity Team': 54.0, 'Compliance Department': 9.0, 'Operations Department': 16.525082742967015, 'Risk Department': 19.065421582807407}",52.5,9.0,16.525082742967015,19.065421582807407,0.05,0.1,standard,,,
independent,9,4.969981871606519,43.708549212940774,True,16.0,17,167.0,22.285418234164062,111.42709117082032,18.224096058010858,16.96245680650368,42.0,0,0,0.00039116100015235133,0.0,"{'Growth Department': 44.0, 'Trading/Opportunity Team': 41.0, 'Compliance Department': 2.0, 'Operations Department': 13.32769153338819, 'Risk Department': 11.099399637432132}",42.5,2.0,13.32769153338819,11.099399637432132,0.05,0.1,standard,,,
voting,0,2.9096896099212577,36.24670609239421,True,9.0,10,110.0,10.249970420220414,51.24985210110207,8.289334670575416,7.9422043313282265,20.0,50,10,0.00042300600034650415,1.0,"{'Growth Department': 17.0, 'Trading/Opportunity Team': 17.0, 'Compliance Department': -3.0, 'Operations Department': 5.191658308903646, 'Risk Department': 15.058193792198423}",17.0,-3.0,5.191658308903646,15.058193792198423,0.05,0.1,standard,,,
voting,1,0.0,36.95606236250469,True,19.0,20,190.0,25.353532628783324,126.76766314391662,9.153763433655989,8.747841519551788,21.105510730174963,100,20,0.0006350340008793864,1.0,"{'Growth Department': 33.0, 'Trading/Opportunity Team': 33.0, 'Compliance Department': 18.0, 'Operations Department': 11.894489269825037, 'Risk Department': 30.873173874091577}",33.0,18.0,11.894489269825037,30.873173874091577,0.05,0.1,standard,,,
voting,2,0.0,30.368120089810052,True,17.0,18,175.0,17.648526167918966,88.24263083959484,15.131483772245156,14.633894598702698,35.0,90,18,0.0005655059976561461,1.0,"{'Growth Department': 30.0, 'Trading/Opportunity Team': 30.0, 'Compliance Department': -5.0, 'Operations Department': 5.42822642346777, 'Risk Department': 27.81440441612707}",30.0,-5.0,5.42822642346777,27.81440441612707,0.05,0.1,standard,,,
voting,3,3.837859794820334,35.29659411417006,True,24.0,25,230.0,32.0000028255813,160.0000141279065,11.30618979567057,10.948174170282718,27.83184311147053,125,25,0.0007071990003169049,1.0,"{'Growth Department': 41.0, 'Trading/Opportunity Team': 41.0, 'Compliance Department': 26.0, 'Operations Department': 13.16815688852947, 'Risk Department': 38.83185723937702}",41.0,26.0,13.16815688852947,38.83185723937702,0.05,0.1,standard,,,
voting,4,2.263179894712964,28.66359930702912,True,22.0,23,195.0,14.047421393713995,70.23710696856998,26.03654870930258,25.728436291748288,65.0,115,23,0.000641645001451252,1.0,"{'Growth Department': 34.0, 'Trading/Opportunity Team': 34.0, 'Compliance Department': -31.0, 'Operations Department': 1.2715705668588484, 'Risk Department': 31.96553640171112}",34.0,-31.0,1.2715705668588484,31.96553640171112,0.05,0.1,standard,,,
voting,5,0.0,38.90900937115436,True,11.0,12,135.0,16.092437102562748,80.46218551281373,6.790529229069184,6.475718282616241,15.0,60,12,0.0003891079977620393,1.0,"{'Growth Department': 22.0, 'Trading/Opportunity Team': 22.0, 'Compliance Department': 7.0, 'Operations Department': 9.559192318317603, 'Risk Department': 19.90299319449614}",22.0,7.0,9.559192318317603,19.90299319449614,0.05,0.1,standard,,,
voting,6,2.503596324735481,33.059145144207164,True,36.0,37,300.0,39.96371352864229,199.81856764321142,18.262496257774576,17.60193054840605,42.07030080554554,185,37,0.000923314000829123,1.0,"{'Growth Department': 55.0, 'Trading/Opportunity Team': 55.0, 'Compliance Department': 25.0, 'Operations Department': 12.929699194454457, 'Risk Department': 51.88886844875696}",55.0,25.0,12.929699194454457,51.88886844875696,0.05,0.1,standard,,,
voting,7,2.451245447696671,36.17485651598059,True,18.0,19,170.0,18.474547338830966,92.37273669415484,12.88569817564375,12.427072509048804,30.0,95,19,0.0005173429999558721,1.0,"{'Growth Department': 29.0, 'Trading/Opportunity Team': 29.0, 'Compliance Department': -1.0, 'Operations Department': 8.464386402226559, 'Risk Department': 26.90835029192828}",29.0,-1.0,8.464386402226559,26.90835029192828,0.05,0.1,standard,,,
voting,8,2.2654355755183735,34.66452601351834,True,27.0,28,240.0,31.484025481883002,157.42012740941502,13.62889177625934,13.217677947734042,30.09028680081044,140,28,0.0007957430025271606,1.0,"{'Growth Department': 43.0, 'Trading/Opportunity Team': 43.0, 'Compliance Department': 18.0, 'Operations Department': 12.909713199189563, 'Risk Department': 40.51041421022544}",43.0,18.0,12.909713199189563,40.51041421022544,0.05,0.1,standard,,,
voting,9,0.0,38.801089794233135,True,14.0,15,160.0,19.487769407663244,97.43884703831621,8.862814127926358,8.478990563632278,20.0,75,15,0.0005008270018151961,1.0,"{'Growth Department': 27.0, 'Trading/Opportunity Team': 27.0, 'Compliance Department': 7.0, 'Operations Department': 11.607411700460265, 'Risk Department': 24.83143533785595}",27.0,7.0,11.607411700460265,24.83143533785595,0.05,0.1,standard,,,
adaptive_voting,0,62.76732721565547,55.44326837458795,False,,100,595.0,114.36755025961558,571.8377512980779,6.2186424299898,6.2441577751104616,15.704266485514182,500,100,0.0026652550004655495,1.0,"{'Growth Department': 119.0, 'Trading/Opportunity Team': 119.0, 'Compliance Department': 119.0, 'Operations Department': 103.29573351448582, 'Risk Department': 111.54201778359212}",119.0,119.0,103.29573351448582,111.54201778359212,0.05,0.1,standard,,,
adaptive_voting,1,59.67569461413923,54.91331920787293,False,,100,630.0,121.04102390050487,605.2051195025243,6.889698113513571,7.11771792829158,18.265732711984157,500,100,0.002943860999948811,1.0,"{'Growth Department': 126.0, 'Trading/Opportunity Team': 126.0, 'Compliance Department': 126.0, 'Operations Department': 107.73426728801584, 'Risk Department': 119.4708522145085}",126.0,126.0,107.73426728801584,119.4708522145085,0.05,0.1,standard,,,
adaptive_voting,2,2.671333882161143,44.76300011025865,True,52.0,53,350.0,48.48289566869319,242.41447834346596,19.692169632187728,18.842968575002477,45.0,265,53,0.0018625720003910828,1.0,"{'Growth Department': 65.0, 'Trading/Opportunity Team': 65.0, 'Compliance Department': 20.0, 'Operations Department': 31.923939798826694, 'Risk Department': 60.49053854463927}",65.0,20.0,31.923939798826694,60.49053854463927,0.05,0.1,standard,,,
adaptive_voting,3,46.541034167564646,63.06947979880364,False,,100,675.0,133.29211587519472,666.4605793759736,2.4619976102552754,2.652256827591905,6.848064440069038,500,100,0.0032262130007438827,1.0,"{'Growth Department': 135.0, 'Trading/Opportunity Team': 135.0, 'Compliance Department': 135.0, 'Operations Department': 133.3086438160426, 'Risk Department': 128.15193555993096}",135.0,135.0,133.3086438160426,128.15193555993096,0.05,0.1,standard,,,
adaptive_voting,4,47.031640922362406,61.9665141459163,False,,100,675.0,133.45051270606118,667.2525635303059,2.2921826315725182,2.555023996477988,6.578704977634146,500,100,0.003241910999349784,1.0,"{'Growth Department': 135.0, 'Trading/Opportunity Team': 135.0, 'Compliance Department': 135.0, 'Operations Department': 133.83126850794005, 'Risk Department': 128.42129502236585}",135.0,135.0,133.83126850794005,128.42129502236585,0.05,0.1,standard,,,
adaptive_voting,5,52.752624028144474,56.093877058132904,False,,100,630.0,120.83388694490841,604.169434724542,7.113093150008187,7.285548894887465,18.62626691209323,500,100,0.0033337499990011565,1.0,"{'Growth Department': 126.0, 'Trading/Opportunity Team': 126.0, 'Compliance Department': 126.0, 'Operations Department': 107.37373308790677, 'Risk Department': 118.79570163663529}",126.0,126.0,107.37373308790677,118.79570163663529,0.05,0.1,standard,,,
adaptive_voting,6,63.876554357163215,59.803408256526566,False,,100,675.0,133.1263475807344,665.631737903672,2.610968853306163,2.7055602947403656,6.950293236835535,500,100,0.0035489590009092353,1.0,"{'Growth Department': 135.0, 'Trading/Opportunity Team': 135.0, 'Compliance Department': 135.0, 'Operations Department': 132.58203114050755, 'Risk Department': 128.04970676316447}",135.0,135.0,132.58203114050755,128.04970676316447,0.05,0.1,standard,,,
adaptive_voting,7,47.14150638133371,60.625203785473005,False,,100,660.0,129.34850016866625,646.7425008433313,3.192648955546306,3.2476939760249603,6.69655681549574,500,100,0.003539858997100964,1.0,"{'Growth Department': 132.0, 'Trading/Opportunity Team': 132.0, 'Compliance Department': 132.0, 'Operations Department': 125.30344318450426, 'Risk Department': 125.43905765882707}",132.0,132.0,125.30344318450426,125.43905765882707,0.05,0.1,standard,,,
adaptive_voting,8,1.5111736878876663,49.01179077939827,True,82.0,83,545.0,83.425601084399,417.12800542199506,24.335961993907894,23.298837779000696,55.0,415,83,0.003026444999704836,1.0,"{'Growth Department': 104.0, 'Trading/Opportunity Team': 104.0, 'Compliance Department': 49.0, 'Operations Department': 61.90023753807567, 'Risk Department': 98.22776788391941}",104.0,49.0,61.90023753807567,98.22776788391941,0.05,0.1,standard,,,
adaptive_voting,9,2.6051819877290816,41.94545142394404,True,39.0,40,265.0,35.95569946495838,179.77849732479189,13.883531281094706,13.441104602044096,30.0,200,40,0.0015084420010680333,1.0,"{'Growth Department': 48.0, 'Trading/Opportunity Team': 48.0, 'Compliance Department': 18.0, 'Operations Department': 21.227929493158086, 'Risk Department': 44.550567831633806}",48.0,18.0,21.227929493158086,44.550567831633806,0.05,0.1,standard,,,
centralized_profit,0,0.9563872861888063,34.107306760021046,True,19.0,20,165.0,17.613507249788384,88.06753624894192,22.8722546394851,20.742901397436306,51.0,120,20,0.0009697070017864462,0.5,"{'Growth Department': 42.0, 'Trading/Opportunity Team': 40.0, 'Compliance Department': -9.0, 'Operations Department': -0.9515914967818633, 'Risk Department': 16.01912774572378}",41.0,-9.0,-0.9515914967818633,16.01912774572378,0.05,0.1,standard,0.0,Growth Department,profit
centralized_profit,1,4.698255062256852,41.97935284170815,True,24.0,25,218.0,30.208933010679488,151.04466505339744,21.764191285321708,19.89235465766701,50.0,150,25,0.0011049270033254288,0.4,"{'Growth Department': 55.0, 'Trading/Opportunity Team': 52.0, 'Compliance Department': 5.0, 'Operations Department': 15.97380446673931, 'Risk Department': 23.070860586658128}",53.5,5.0,15.97380446673931,23.070860586658128,0.05,0.1,standard,0.0,Growth Department,profit
centralized_profit,2,1.3951255132423626,42.025935715325744,True,26.0,27,238.0,35.18222048663696,175.9111024331848,21.743278034752404,20.895769230174835,46.0,162,27,0.0012070880002283957,0.4074074074074074,"{'Growth Department': 61.0, 'Trading/Opportunity Team': 60.0, 'Compliance Department': 15.0, 'Operations Department': 16.104512282797472, 'Risk Department': 23.80659015038732}",60.5,15.0,16.104512282797472,23.80659015038732,0.05,0.1,standard,0.0,Growth Department,profit
centralized_profit,3,0.0,40.27675165092085,True,34.0,35,303.0,44.071431497073014,220.35715748536506,30.48463950470703,28.631412193404987,67.0,210,35,0.001410650998877827,0.42857142857142855,"{'Growth Department': 80.0, 'Trading/Opportunity Team': 77.0, 'Compliance Department': 13.0, 'Operations Department': 20.47100309558106, 'Risk Department': 29.886154389784007}",78.5,13.0,20.47100309558106,29.886154389784007,0.05,0.1,standard,0.0,Growth Department,profit
centralized_profit,4,1.7500416546218318,40.23189707900366,True,30.0,31,263.0,37.17981387542241,185.89906937711206,27.027870565426642,24.918550493609693,60.0,186,31,0.0013325130021257792,0.5161290322580645,"{'Growth Department': 67.0, 'Trading/Opportunity Team': 66.0, 'Compliance Department': 7.0, 'Operations Department': 17.075808966083493, 'Risk Department': 28.823260411028574}",66.5,7.0,17.075808966083493,28.823260411028574,0.05,0.1,standard,0.0,Growth Department,profit
centralized_profit,5,0.0,43.24184128806058,True,14.0,15,145.0,17.1039285739984,85.519642869992,17.6,16.17393154758584,42.0,90,15,0.0008618249994469807,0.06666666666666667,"{'Growth Department': 36.0, 'Trading/Opportunity Team': 35.0, 'Compliance Department': -6.0, 'Operations Department': 11.519642869992001, 'Risk Department': 9.0}",35.5,-6.0,11.519642869992001,9.0,0.05,0.1,standard,0.0,Growth Department,profit
centralized_profit,6,0.0,40.45052014603638,True,35.0,36,310.0,44.73114417628728,223.6557208814364,31.996724385952003,29.930693144796624,70.0,216,36,0.001380035999318352,0.4722222222222222,"{'Growth Department': 81.0, 'Trading/Opportunity Team': 80.0, 'Compliance Department': 11.0, 'Operations Department': 20.020472587799986, 'Risk Department': 31.6352482936364}",80.5,11.0,20.020472587799986,31.6352482936364,0.05,0.1,standard,0.0,Growth Department,profit
centralized_profit,7,1.2487956493747827,43.34425885728536,True,20.0,21,184.0,24.8833535887222,124.416767943611,18.81378838553576,17.603767647842314,42.0,126,21,0.000805072999355616,0.42857142857142855,"{'Growth Department': 47.0, 'Trading/Opportunity Team': 45.0, 'Compliance Department': 5.0, 'Operations Department': 11.413822590401502, 'Risk Department': 16.002945353209505}",46.0,5.0,11.413822590401502,16.002945353209505,0.05,0.1,standard,0.0,Growth Department,profit
centralized_profit,8,0.7135377484510599,40.74676302579932,True,26.0,27,239.0,33.914441291401815,169.5722064570091,24.857189248199365,22.99604079006243,55.0,162,27,0.001080071997421328,0.4074074074074074,"{'Growth Department': 61.0, 'Trading/Opportunity Team': 61.0, 'Compliance Department': 6.0, 'Operations Department': 15.642567198753959, 'Risk Department': 25.92963925825512}",61.0,6.0,15.642567198753959,25.92963925825512,0.05,0.1,standard,0.0,Growth Department,profit
centralized_profit,9,3.1426814990475584,44.10361565114695,True,17.0,18,167.0,23.27335931220681,116.36679656103405,15.35201274854292,14.628241566481817,34.0,108,18,0.0007487069997296203,0.3333333333333333,"{'Growth Department': 42.0, 'Trading/Opportunity Team': 40.0, 'Compliance Department': 8.0, 'Operations Department': 14.316876239427305, 'Risk Department': 12.049920321606741}",41.0,8.0,14.316876239427305,12.049920321606741,0.05,0.1,standard,0.0,Growth Department,profit
centralized_sustainability,0,64.74123340989163,60.11586928093869,False,,100,575.0,112.2116898800758,561.058449400379,7.978215878064495,8.179588157197347,20.922298638282157,600,100,0.0037615150031342637,0.99,"{'Growth Department': 118.0, 'Trading/Opportunity Team': 118.0, 'Compliance Department': 118.0, 'Operations Department': 109.98074803866122, 'Risk Department': 97.07770136171784}",118.0,118.0,109.98074803866122,97.07770136171784,0.05,0.1,standard,2.0,Compliance Department,sustainability
centralized_sustainability,1,59.87377526013674,66.37077629446027,False,,100,593.0,117.48644573040318,587.4322286520159,8.821686831354937,10.076849986814858,26.567771347984177,600,100,0.005236957000306575,0.97,"{'Growth Department': 123.0, 'Trading/Opportunity Team': 121.0, 'Compliance Department': 124.0, 'Operations Department': 122.0, 'Risk Department': 97.43222865201582}",122.0,124.0,122.0,97.43222865201582,0.05,0.1,standard,2.0,Compliance Department,sustainability
centralized_sustainability,2,58.91668589610855,59.7736174184154,False,,100,588.0,114.89342857578393,574.4671428789196,10.404051731289222,10.21997336196023,26.492466199477207,600,100,0.004140526001719991,0.95,"{'Growth Department': 121.0, 'Trading/Opportunity Team': 123.0, 'Compliance Department': 123.0, 'Operations Department': 110.95960907839678, 'Risk Department': 96.5075338005228}",122.0,123.0,110.95960907839678,96.5075338005228,0.05,0.1,standard,2.0,Compliance Department,sustainability
centralized_sustainability,3,59.719379918686,67.25942898156406,False,,100,631.0,125.01690643579107,625.0845321789553,12.452949702734294,14.06607204965142,36.91546782104467,600,100,0.0035896049994335044,0.96,"{'Growth Department': 133.0, 'Trading/Opportunity Team': 132.0, 'Compliance Department': 134.0, 'Operations Department': 129.0, 'Risk Department': 97.08453217895533}",132.5,134.0,129.0,97.08453217895533,0.05,0.1,standard,2.0,Compliance Department,sustainability
centralized_sustainability,4,63.63673830155322,66.42143303322112,False,,100,629.0,124.77168337301332,623.8584168650666,12.365306603178691,14.090337532717772,36.14158313493341,600,100,0.0035989300013170578,0.95,"{'Growth Department': 133.0, 'Trading/Opportunity Team': 133.0, 'Compliance Department': 133.0, 'Operations Department': 128.0, 'Risk Department': 96.85841686506659}",133.0,133.0,128.0,96.85841686506659,0.05,0.1,standard,2.0,Compliance Department,sustainability
centralized_sustainability,5,67.37252746272088,64.2277772399343,False,,100,591.0,116.3839888528804,581.919944264402,9.434418500354607,10.314421066650478,26.88505989161831,600,100,0.003482510001049377,0.99,"{'Growth Department': 122.0, 'Trading/Opportunity Team': 123.0, 'Compliance Department': 123.0, 'Operations Department': 117.80500415602033, 'Risk Department': 96.11494010838169}",122.5,123.0,117.80500415602033,96.11494010838169,0.05,0.1,standard,2.0,Compliance Department,sustainability
centralized_sustainability,6,68.78527251029642,67.32454112178247,False,,100,621.0,123.100246350653,615.501231753265,9.759605838955203,11.341466624437912,29.49876824673501,600,100,0.0034932130001834594,0.97,"{'Growth Department': 129.0, 'Trading/Opportunity Team': 129.0, 'Compliance Department': 130.0, 'Operations Department': 127.0, 'Risk Department': 100.50123175326499}",129.0,130.0,127.0,100.50123175326499,0.05,0.1,standard,2.0,Compliance Department,sustainability
centralized_sustainability,7,60.23238416629812,66.21247969018127,False,,100,618.0,122.41677834798845,612.0838917399423,12.004307856820594,12.700400236227392,33.1108158450709,600,100,0.003473638997093076,0.97,"{'Growth Department': 130.0, 'Trading/Opportunity Team': 131.0, 'Compliance Department': 131.0, 'Operations Department': 122.19470758501309, 'Risk Department': 97.8891841549291}",130.5,131.0,122.19470758501309,97.8891841549291,0.05,0.1,standard,2.0,Compliance Department,sustainability
centralized_sustainability,8,61.82071481241411,61.736739816025896,False,,100,609.0,119.25977640821323,596.2988820410661,11.528321473218405,11.593504248425266,30.350891248681137,600,100,0.0035253549976914655,0.95,"{'Growth Department': 126.0, 'Trading/Opportunity Team': 128.0, 'Compliance Department': 128.0, 'Operations Department': 116.64977328974724, 'Risk Department': 97.64910875131886}",127.0,128.0,116.64977328974724,97.64910875131886,0.05,0.1,standard,2.0,Compliance Department,sustainability
centralized_sustainability,9,72.12311807866946,64.2741169873089,False,,100,600.0,118.59452766624796,592.9726383312398,9.440061689661126,10.408867546688608,27.97302389162172,600,100,0.003547488999174675,0.97,"{'Growth Department': 125.0, 'Trading/Opportunity Team': 122.0, 'Compliance Department': 126.0, 'Operations Department': 121.9456622228614, 'Risk Department': 98.02697610837828}",123.5,126.0,121.9456622228614,98.02697610837828,0.05,0.1,standard,2.0,Compliance Department,sustainability
centralized_risk_averse,0,68.22938891585679,64.25337018683956,False,,100,553.0,109.0644018707687,545.3220093538436,3.573276268905297,3.32358555644616,8.0,600,100,0.0035365510011615697,0.96,"{'Growth Department': 113.0, 'Trading/Opportunity Team': 113.0, 'Compliance Department': 105.0, 'Operations Department': 107.65498603450162, 'Risk Department': 106.6670233193419}",113.0,105.0,107.65498603450162,106.6670233193419,0.05,0.1,standard,4.0,Risk Department,risk_averse
centralized_risk_averse,1,68.78875728189463,69.77100561388752,False,,100,539.0,106.88832853864965,534.4416426932482,2.4893371690802724,2.252382068793206,6.0,600,100,0.0034712529995886143,0.96,"{'Growth Department': 110.0, 'Trading/Opportunity Team': 109.0, 'Compliance Department': 104.0, 'Operations Department': 106.0, 'Risk Department': 105.4416426932483}",109.5,104.0,106.0,105.4416426932483,0.05,0.1,standard,4.0,Risk Department,risk_averse
centralized_risk_averse,2,50.45944541063959,59.80708159951698,False,,100,568.0,109.50317260153297,547.5158630076648,7.789060663898126,7.110491031249985,19.340814574681644,600,100,0.003555767998477677,0.95,"{'Growth Department': 116.0, 'Trading/Opportunity Team': 117.0, 'Compliance Department': 106.0, 'Operations Department': 97.65918542531836, 'Risk Department': 110.85667758234649}",116.5,106.0,97.65918542531836,110.85667758234649,0.05,0.1,standard,4.0,Risk Department,risk_averse
centralized_risk_averse,3,67.94676037802161,74.34950554919968,False,,100,533.0,105.80902896834736,529.0451448417368,2.2327768253221167,2.0317041622803242,5.0,600,100,0.003213575000700075,0.98,"{'Growth Department': 108.0, 'Trading/Opportunity Team': 108.0, 'Compliance Department': 103.0, 'Operations Department': 106.0, 'Risk Department': 104.04514484173677}",108.0,103.0,106.0,104.04514484173677,0.05,0.1,standard,4.0,Risk Department,risk_averse
centralized_risk_averse,4,68.15732039948098,73.32203066027866,False,,100,542.0,107.63966715873316,538.1983357936658,1.92,1.9285639802665953,4.0,600,100,0.0034909280002466403,0.97,"{'Growth Department': 110.0, 'Trading/Opportunity Team': 110.0, 'Compliance Department': 106.0, 'Operations Department': 106.0, 'Risk Department': 106.1983357936658}",110.0,106.0,106.0,106.1983357936658,0.05,0.1,standard,4.0,Risk Department,risk_averse
centralized_risk_averse,5,68.9117357373565,69.2036064486087,False,,100,537.0,106.17486947506343,530.8743473753171,2.425922823827077,2.335336452431591,5.081008824459616,600,100,0.0034223930015286896,0.97,"{'Growth Department': 109.0, 'Trading/Opportunity Team': 109.0, 'Compliance Department': 104.0, 'Operations Department': 104.95535619977676, 'Risk Department': 103.91899117554038}",109.0,104.0,104.95535619977676,103.91899117554038,0.05,0.1,standard,4.0,Risk Department,risk_averse
centralized_risk_averse,6,76.21090681504154,70.42547180381843,False,,100,567.0,112.5257911051066,562.628955525533,4.0,3.715193228408245,11.0,600,100,0.003637584999523824,0.95,"{'Growth Department': 117.0, 'Trading/Opportunity Team': 115.0, 'Compliance Department': 106.0, 'Operations Department': 112.0, 'Risk Department': 112.62895552553297}",116.0,106.0,112.0,112.62895552553297,0.05,0.1,standard,4.0,Risk Department,risk_averse
centralized_risk_averse,7,72.34474149620193,72.21023689819677,False,,100,543.0,107.80304890416748,539.0152445208374,1.917560876666014,1.8300440235861957,4.0,600,100,0.0038027320006222,0.97,"{'Growth Department': 110.0, 'Trading/Opportunity Team': 110.0, 'Compliance Department': 106.0, 'Operations Department': 107.0, 'Risk Department': 106.01524452083741}",110.0,106.0,107.0,106.01524452083741,0.05,0.1,standard,4.0,Risk Department,risk_averse
centralized_risk_averse,8,69.33010898283479,68.61565543794684,False,,100,556.0,110.13917427840461,550.695871392023,3.2486605772763166,2.9530968161337605,8.0,600,100,0.0036465239973040298,0.96,"{'Growth Department': 113.0, 'Trading/Opportunity Team': 114.0, 'Compliance Department': 106.0, 'Operations Department': 109.0, 'Risk Department': 108.69587139202302}",113.5,106.0,109.0,108.69587139202302,0.05,0.1,standard,4.0,Risk Department,risk_averse
centralized_risk_averse,9,73.78703286993318,67.27589600454874,False,,100,558.0,110.06173812839945,550.3086906419973,3.600410733142594,3.202480528116379,9.0,600,100,0.004865114999120124,0.95,"{'Growth Department': 115.0, 'Trading/Opportunity Team': 112.0, 'Compliance Department': 106.0, 'Operations Department': 107.49743291785879, 'Risk Department': 109.81125772413851}",113.5,106.0,107.49743291785879,109.81125772413851,0.05,0.1,standard,4.0,Risk Department,risk_averse
structured_debate,0,2.390051609652657,37.61208144730025,True,16.0,17,149.0,15.588717485864342,77.94358742932171,21.936674176459416,19.837857502786868,51.0,255,34,0.0018292300010216422,0.17647058823529413,"{'Growth Department': 39.0, 'Trading/Opportunity Team': 37.0, 'Compliance Department': -12.0, 'Operations Department': 1.89578639712866, 'Risk Department': 12.047801032193053}",38.0,-12.0,1.89578639712866,12.047801032193053,0.05,0.1,standard,,,
structured_debate,1,0.0,42.46049315081295,True,27.0,28,238.0,33.01587032260257,165.07935161301285,22.892760713452432,21.07416469113777,56.0,420,56,0.0027840700022352394,0.5,"{'Growth Department': 59.0, 'Trading/Opportunity Team': 55.0, 'Compliance Department': 3.0, 'Operations Department': 24.159106072090545, 'Risk Department': 23.92024554092232}",57.0,3.0,24.159106072090545,23.92024554092232,0.05,0.1,standard,,,
structured_debate,2,4.311282227637456,46.2833668922769,True,31.0,32,269.0,42.273010219105856,211.36505109552928,20.97343338503487,18.871654568563045,49.0,480,64,0.0038278380015981384,0.65625,"{'Growth Department': 61.0, 'Trading/Opportunity Team': 67.0, 'Compliance Department': 18.0, 'Operations Department': 37.449009751997224, 'Risk Department': 27.916041343532086}",64.0,18.0,37.449009751997224,27.916041343532086,0.05,0.1,standard,,,
structured_debate,3,0.0,49.06234469578024,True,37.0,38,325.0,53.55092692177006,267.7546346088503,25.781135911753793,23.130167257917645,59.0,570,76,0.0039151339988166,0.6052631578947368,"{'Growth Department': 83.0, 'Trading/Opportunity Team': 76.0, 'Compliance Department': 24.0, 'Operations Department': 51.88673405731154, 'Risk Department': 32.86790055153878}",79.5,24.0,51.88673405731154,32.86790055153878,0.05,0.1,standard,,,
structured_debate,4,0.0,42.83913945337057,True,34.0,35,288.0,41.68513800585217,208.42569002926083,27.219573000500258,24.809263940830572,68.0,525,70,0.0022430099998018704,0.6,"{'Growth Department': 66.0, 'Trading/Opportunity Team': 72.0, 'Compliance Department': 4.0, 'Operations Department': 34.54802128238743, 'Risk Department': 31.8776687468734}",69.0,4.0,34.54802128238743,31.8776687468734,0.05,0.1,standard,,,
structured_debate,5,0.0,46.399750245422574,True,15.0,16,146.0,19.61344761019606,98.06723805098031,13.60152545370858,12.824778695242962,30.0,240,32,0.0009819769984460436,0.375,"{'Growth Department': 35.0, 'Trading/Opportunity Team': 35.0, 'Compliance Department': 5.0, 'Operations Department': 13.076772136658928, 'Risk Department': 9.990465914321376}",35.0,5.0,13.076772136658928,9.990465914321376,0.05,0.1,standard,,,
structured_debate,6,0.8636660144219395,46.57488205033586,True,39.0,40,339.0,52.154878986437666,260.77439493218833,29.78273410778379,27.28493763359647,70.0,600,80,0.002083480001601856,0.6,"{'Growth Department': 83.0, 'Trading/Opportunity Team': 83.0, 'Compliance Department': 13.0, 'Operations Department': 44.91648310583701, 'Risk Department': 36.85791182635131}",83.0,13.0,44.91648310583701,36.85791182635131,0.05,0.1,standard,,,
structured_debate,7,4.9681212446969845,49.147472244363996,True,18.0,19,175.0,25.34427417768672,126.7213708884336,16.78410201201697,15.87562912929517,38.0,285,38,0.001066987999365665,0.2631578947368421,"{'Growth Department': 46.0, 'Trading/Opportunity Team': 43.0, 'Compliance Department': 8.0, 'Operations Department': 15.62200846353965, 'Risk Department': 14.09936242489394}",44.5,8.0,15.62200846353965,14.09936242489394,0.05,0.1,standard,,,
structured_debate,8,1.1538650723861181,44.97741338710715,True,29.0,30,258.0,37.08090378720277,185.40451893601386,24.73003724817062,22.873581585278473,60.0,450,60,0.0016835649985296186,0.5666666666666667,"{'Growth Department': 62.0, 'Trading/Opportunity Team': 64.0, 'Compliance Department': 4.0, 'Operations Department': 27.43726719893365, 'Risk Department': 27.967251737080193}",63.0,4.0,27.43726719893365,27.967251737080193,0.05,0.1,standard,,,
structured_debate,9,0.0,44.29557829835853,True,21.0,22,190.0,24.456791870313406,122.28395935156703,20.48613431613602,18.728629944927828,50.0,330,44,0.0011483380003483035,0.45454545454545453,"{'Growth Department': 47.0, 'Trading/Opportunity Team': 44.0, 'Compliance Department': -3.0, 'Operations Department': 18.322298827417157, 'Risk Department': 15.961660524149883}",45.5,-3.0,18.322298827417157,15.961660524149883,0.05,0.1,standard,,,
independent,0,2.8880223602495754,46.0224374989231,True,19.0,20,192.0,24.867032642722222,124.33516321361111,24.105038152377357,22.15222782288007,58.0,0,0,0.0007074899986037053,0.0,"{'Growth Department': 51.0, 'Trading/Opportunity Team': 49.0, 'Compliance Department': -7.0, 'Operations Department': 14.343511547641533, 'Risk Department': 16.99165166596958}",50.0,-7.0,14.343511547641533,16.99165166596958,0.15,0.0,standard,,,
independent,1,3.246758659711137,45.48010061028937,True,25.0,26,246.0,34.98720975779317,174.93604878896582,28.17501667549448,25.892002382308437,67.0,0,0,0.0008641509994049557,0.0,"{'Growth Department': 67.0, 'Trading/Opportunity Team': 63.0, 'Compliance Department': 0.0, 'Operations Department': 20.90614577815948, 'Risk Department': 24.029903010806343}",65.0,0.0,20.90614577815948,24.029903010806343,0.15,0.0,standard,,,
independent,2,2.9291226055054835,44.088282394324054,True,25.0,26,252.0,36.98755738944514,184.93778694722573,26.236349044318686,24.59110421103506,60.0,0,0,0.0009191630015266128,0.0,"{'Growth Department': 64.0, 'Trading/Opportunity Team': 69.0, 'Compliance Department': 9.0, 'Operations Department': 20.022818473008197, 'Risk Department': 22.91496847421753}",66.5,9.0,20.022818473008197,22.91496847421753,0.15,0.0,standard,,,
independent,3,0.0,38.96671771532154,True,23.0,24,224.0,27.68795088794849,138.43975443974244,28.668640581887647,26.23617907408645,68.0,0,0,0.0008068419992923737,0.0,"{'Growth Department': 60.0, 'Trading/Opportunity Team': 56.0, 'Compliance Department': -8.0, 'Operations Department': 12.820996363202187, 'Risk Department': 17.618758076540264}",58.0,-8.0,12.820996363202187,17.618758076540264,0.15,0.0,standard,,,
independent,4,0.22992666221122882,42.27169097999522,True,24.0,25,241.0,33.55014797752081,167.75073988760403,26.367400880828413,24.468703183951586,61.0,0,0,0.0008283110000775196,0.0,"{'Growth Department': 61.0, 'Trading/Opportunity Team': 64.0, 'Compliance Department': 3.0, 'Operations Department': 18.20374449482241, 'Risk Department': 21.546995392781618}",62.5,3.0,18.20374449482241,21.546995392781618,0.15,0.0,standard,,,
independent,5,3.4863102503278114,45.55494970580508,True,23.0,24,229.0,33.06991348212225,165.34956741061126,26.594525054306132,24.85202653866685,61.0,0,0,0.0007482319997507147,0.0,"{'Growth Department': 62.0, 'Trading/Opportunity Team': 63.0, 'Compliance Department': 2.0, 'Operations Department': 20.56534900002459, 'Risk Department': 17.784218410586675}",62.5,2.0,20.56534900002459,17.784218410586675,0.15,0.0,standard,,,
independent,6,1.7542378749304035,45.816840822720444,True,30.0,31,302.0,45.88498343046197,229.42491715230986,32.57083902011226,30.368359083428548,74.0,0,0,0.0009396889981871936,0.0,"{'Growth Department': 81.0, 'Trading/Opportunity Team': 83.0, 'Compliance Department': 9.0, 'Operations Department': 30.9926610280115, 'Risk Department': 25.432256124298366}",82.0,9.0,30.9926610280115,25.432256124298366,0.15,0.0,standard,,,
independent,7,3.1651015230219173,44.857079616766974,True,20.0,21,203.0,29.400267420798297,147.0013371039915,22.25196091209645,20.944344006888024,51.0,0,0,0.0006211100007931236,0.0,"{'Growth Department': 56.0, 'Trading/Opportunity Team': 53.0, 'Compliance Department': 5.0, 'Operations Department': 17.076092804594303, 'Risk Department': 15.925244299397171}",54.5,5.0,17.076092804594303,15.925244299397171,0.15,0.0,standard,,,
independent,8,2.6392053188302977,39.48743177297151,True,26.0,27,264.0,38.806570247333354,194.03285123666677,29.681699042523583,27.501503778578904,67.0,0,0,0.0007897680006863084,0.0,"{'Growth Department': 70.0, 'Trading/Opportunity Team': 73.0, 'Compliance Department': 6.0, 'Operations Department': 18.48938098422761, 'Risk Department': 26.543470252439157}",71.5,6.0,18.48938098422761,26.543470252439157,0.15,0.0,standard,,,
independent,9,4.731915454973153,43.54720394358464,True,29.0,30,295.0,46.19424214395233,230.97121071976164,30.34985530162355,29.14616219214312,68.0,0,0,0.0009371000014652964,0.0,"{'Growth Department': 83.0, 'Trading/Opportunity Team': 80.0, 'Compliance Department': 15.0, 'Operations Department': 26.657806354908843, 'Risk Department': 26.313404364852815}",81.5,15.0,26.657806354908843,26.313404364852815,0.15,0.0,standard,,,
voting,0,3.6288768174316317,34.787707978067665,True,23.0,24,215.0,25.09199080205615,125.45995401028074,15.584342556756075,15.148362689304024,35.0,120,24,0.0010246060010103974,1.0,"{'Growth Department': 38.0, 'Trading/Opportunity Team': 38.0, 'Compliance Department': 3.0, 'Operations Department': 10.597859020274525, 'Risk Department': 35.862094990006206}",38.0,3.0,10.597859020274525,35.862094990006206,0.15,0.0,standard,,,
voting,1,1.2482304616471431,39.19960832876124,True,26.0,27,255.0,36.457185226414246,182.28592613207124,11.151506849114138,10.680178743706952,24.848458903481685,135,27,0.0011020780002581887,1.0,"{'Growth Department': 46.0, 'Trading/Opportunity Team': 46.0, 'Compliance Department': 26.0, 'Operations Department': 21.151541096518315, 'Risk Department': 43.13438503555293}",46.0,26.0,21.151541096518315,43.13438503555293,0.15,0.0,standard,,,
voting,2,3.4826458680332237,35.965381892135504,True,21.0,22,220.0,28.83023406953732,144.1511703476866,11.803283120250056,11.63818091503045,25.0,110,22,0.0009394859989697579,1.0,"{'Growth Department': 39.0, 'Trading/Opportunity Team': 39.0, 'Compliance Department': 14.0, 'Operations Department': 15.229480498437152, 'Risk Department': 36.92168984924944}",39.0,14.0,15.229480498437152,36.92168984924944,0.15,0.0,standard,,,
voting,3,2.325954685123749,31.409370550836297,True,30.0,31,260.0,31.48448008566873,157.42240042834365,18.26979522946158,17.876603442244267,39.593110092067434,155,31,0.0011275070028204937,1.0,"{'Growth Department': 47.0, 'Trading/Opportunity Team': 47.0, 'Compliance Department': 12.0, 'Operations Department': 7.406889907932568, 'Risk Department': 44.01551052041109}",47.0,12.0,7.406889907932568,44.01551052041109,0.15,0.0,standard,,,
voting,4,2.456456684808602,37.31576088183532,True,27.0,28,255.0,33.911237438642225,169.55618719321112,13.974724288410904,13.612616242030091,30.0,140,28,0.0010997549979947507,1.0,"{'Growth Department': 46.0, 'Trading/Opportunity Team': 46.0, 'Compliance Department': 16.0, 'Operations Department': 18.657973197431854, 'Risk Department': 42.89821399577925}",46.0,16.0,18.657973197431854,42.89821399577925,0.15,0.0,standard,,,
voting,5,2.983458953869813,32.72609684841861,True,17.0,18,185.0,18.931327838846553,94.65663919423277,16.50585184090448,16.045359103379134,40.0,90,18,0.0006745339996996336,1.0,"{'Growth Department': 32.0, 'Trading/Opportunity Team': 32.0, 'Compliance Department': -8.0, 'Operations Department': 8.838425994346991, 'Risk Department': 29.818213199885776}",32.0,-8.0,8.838425994346991,29.818213199885776,0.15,0.0,standard,,,
voting,6,2.857574615704097,34.30253593868001,True,39.0,40,350.0,45.85234951928644,229.2617475964322,22.779098149767837,22.241177020084272,50.0,200,40,0.001227209999342449,1.0,"{'Growth Department': 65.0, 'Trading/Opportunity Team': 65.0, 'Compliance Department': 15.0, 'Operations Department': 22.63063656395102, 'Risk Department': 61.631111032481186}",65.0,15.0,22.63063656395102,61.631111032481186,0.15,0.0,standard,,,
voting,7,1.8469457975544188,34.56123067261779,True,26.0,27,220.0,28.550243600726372,142.75121800363186,12.679363698010516,12.15261650877615,29.62301155628286,135,27,0.0008882629990694113,1.0,"{'Growth Department': 39.0, 'Trading/Opportunity Team': 39.0, 'Compliance Department': 19.0, 'Operations Department': 9.376988443717137, 'Risk Department': 36.374229559914724}",39.0,19.0,9.376988443717137,36.374229559914724,0.15,0.0,standard,,,
voting,8,4.025682974783338,33.07150986545255,True,30.0,31,270.0,34.24208512522128,171.2104256261064,16.914231184110267,16.72075356892687,35.356972450344585,155,31,0.0010505450009077322,1.0,"{'Growth Department': 49.0, 'Trading/Opportunity Team': 49.0, 'Compliance Department': 14.0, 'Operations Department': 13.643027549655416, 'Risk Department': 45.56739807645099}",49.0,14.0,13.643027549655416,45.56739807645099,0.15,0.0,standard,,,
voting,9,1.3687454494345337,31.71057208527876,True,29.0,30,265.0,30.758631544730225,153.79315772365112,20.562008366885937,20.14523244634439,45.0,150,30,0.001002815999527229,1.0,"{'Growth Department': 48.0, 'Trading/Opportunity Team': 48.0, 'Compliance Department': 3.0, 'Operations Department': 9.487447706962886, 'Risk Department': 45.30571001668824}",48.0,3.0,9.487447706962886,45.30571001668824,0.15,0.0,standard,,,
adaptive_voting,0,60.86864985459414,66.77374023389214,False,,100,715.0,141.64145514524242,708.2072757262121,2.17367176761215,2.717089709515187,6.792724273787968,500,100,0.003212560997781111,1.0,"{'Growth Department': 143.0, 'Trading/Opportunity Team': 143.0, 'Compliance Department': 143.0, 'Operations Department': 143.0, 'Risk Department': 136.20727572621203}",143.0,143.0,143.0,136.20727572621203,0.15,0.0,standard,,,
adaptive_voting,1,60.89138563515357,64.73855930951301,False,,100,685.0,135.47786224146188,677.3893112073093,2.4290876387210303,3.024524442175099,7.571108949315743,500,100,0.003323772001749603,1.0,"{'Growth Department': 137.0, 'Trading/Opportunity Team': 137.0, 'Compliance Department': 137.0, 'Operations Department': 136.96042015662505, 'Risk Department': 129.42889105068426}",137.0,137.0,136.96042015662505,129.42889105068426,0.15,0.0,standard,,,
adaptive_voting,2,42.1766165805514,61.5278266151895,False,,100,735.0,144.3288943003599,721.6444715017996,3.5768621285700783,3.5859530946374605,8.999859805362576,500,100,0.0031154209973465186,1.0,"{'Growth Department': 147.0, 'Trading/Opportunity Team': 147.0, 'Compliance Department': 147.0, 'Operations Department': 142.64433130716216, 'Risk Department': 138.00014019463742}",147.0,147.0,142.64433130716216,138.00014019463742,0.15,0.0,standard,,,
adaptive_voting,3,45.541001779008596,62.09357798626561,False,,100,705.0,138.14897759625273,690.7448879812637,3.6003090347721125,3.562806952187304,8.24681944858935,500,100,0.002938671997981146,1.0,"{'Growth Department': 141.0, 'Trading/Opportunity Team': 141.0, 'Compliance Department': 141.0, 'Operations Department': 134.991707429853, 'Risk Department': 132.75318055141065}",141.0,141.0,134.991707429853,132.75318055141065,0.15,0.0,standard,,,
adaptive_voting,4,52.49462812501877,62.9934823391577,False,,100,705.0,138.71949978743655,693.5974989371828,3.2782111280454864,3.5191612432661636,9.086318487467167,500,100,0.0028521230015030596,1.0,"{'Growth Department': 141.0, 'Trading/Opportunity Team': 141.0, 'Compliance Department': 141.0, 'Operations Department': 138.68381742465004, 'Risk Department': 131.91368151253283}",141.0,141.0,138.68381742465004,131.91368151253283,0.15,0.0,standard,,,
adaptive_voting,5,33.771759020992796,61.9153270904309,False,,100,665.0,130.56259028098637,652.8129514049318,3.061371278671329,3.0335608068962365,6.946521896627601,500,100,0.002766496003459906,1.0,"{'Growth Department': 133.0, 'Trading/Opportunity Team': 133.0, 'Compliance Department': 133.0, 'Operations Department': 127.7594733015594, 'Risk Department': 126.0534781033724}",133.0,133.0,127.7594733015594,126.0534781033724,0.15,0.0,standard,,,
adaptive_voting,6,56.8699370763625,64.05434118208315,False,,100,720.0,142.3491413510392,711.745706755196,2.6413738383372674,3.3017172979215843,8.25429324480396,500,100,0.0028111749998060986,1.0,"{'Growth Department': 144.0, 'Trading/Opportunity Team': 144.0, 'Compliance Department': 144.0, 'Operations Department': 144.0, 'Risk Department': 135.74570675519604}",144.0,144.0,144.0,135.74570675519604,0.15,0.0,standard,,,
adaptive_voting,7,56.31243544225916,62.72357322983869,False,,100,665.0,131.3831223685272,656.915611842636,2.4373608216639333,2.7897361656161426,7.149116978035565,500,100,0.00252755999827059,1.0,"{'Growth Department': 133.0, 'Trading/Opportunity Team': 133.0, 'Compliance Department': 133.0, 'Operations Department': 132.06472882067155, 'Risk Department': 125.85088302196444}",133.0,133.0,132.06472882067155,125.85088302196444,0.15,0.0,standard,,,
adaptive_voting,8,65.6282267739314,62.93944082533562,False,,100,720.0,141.59846654190972,707.9923327095486,3.38522689988054,3.551111321386614,9.150000833801982,500,100,0.002703899001062382,1.0,"{'Growth Department': 144.0, 'Trading/Opportunity Team': 144.0, 'Compliance Department': 144.0, 'Operations Department': 141.1423335433506, 'Risk Department': 134.84999916619802}",144.0,144.0,141.1423335433506,134.84999916619802,0.15,0.0,standard,,,
adaptive_voting,9,76.42302662523592,64.28632828893325,False,,100,700.0,138.38063018590643,691.9031509295321,2.5853025805991137,3.2209905611770973,8.061292058276479,500,100,0.0027548899997782428,1.0,"{'Growth Department': 140.0, 'Trading/Opportunity Team': 140.0, 'Compliance Department': 140.0, 'Operations Department': 139.9644429878085, 'Risk Department': 131.93870794172352}",140.0,140.0,139.9644429878085,131.93870794172352,0.15,0.0,standard,,,
centralized_profit,0,0.7494969213185678,42.715338752143516,True,22.0,23,210.0,26.402527036816572,132.01263518408285,27.0297993556973,24.551670465816827,64.0,138,23,0.0007182389999798033,0.17391304347826086,"{'Growth Department': 55.0, 'Trading/Opportunity Team': 53.0, 'Compliance Department': -9.0, 'Operations Department': 12.063754026891868, 'Risk Department': 20.948881157190968}",54.0,-9.0,12.063754026891868,20.948881157190968,0.15,0.0,standard,0.0,Growth Department,profit
centralized_profit,1,0.0,44.033210629177454,True,29.0,30,267.0,38.13651338648951,190.68256693244757,27.348195169018524,25.158204114061693,64.0,180,30,0.0008880670029611792,0.36666666666666664,"{'Growth Department': 69.0, 'Trading/Opportunity Team': 66.0, 'Compliance Department': 5.0, 'Operations Department': 23.073780193634242, 'Risk Department': 27.608786738813322}",67.5,5.0,23.073780193634242,27.608786738813322,0.15,0.0,standard,0.0,Growth Department,profit
centralized_profit,2,2.8414456786642255,44.21752275579345,True,30.0,31,280.0,42.8348170972522,214.174085486261,24.741427140393025,24.001261509940328,52.0,186,31,0.0008833840001898352,0.3548387096774194,"{'Growth Department': 72.0, 'Trading/Opportunity Team': 72.0, 'Compliance Department': 20.0, 'Operations Department': 21.36608037254358, 'Risk Department': 28.80800511371739}",72.0,20.0,21.36608037254358,28.80800511371739,0.15,0.0,standard,0.0,Growth Department,profit
centralized_profit,3,0.4419485201080171,37.84382309170387,True,45.0,46,379.0,57.802411730084394,289.012058650422,36.66013526942492,34.59265606752485,80.56292271695288,276,46,0.001209854002809152,0.6521739130434783,"{'Growth Department': 101.0, 'Trading/Opportunity Team': 98.0, 'Compliance Department': 30.0, 'Operations Department': 20.437077283047113, 'Risk Department': 39.57498136737485}",99.5,30.0,20.437077283047113,39.57498136737485,0.15,0.0,standard,0.0,Growth Department,profit
centralized_profit,4,2.311181633171195,44.14635059840684,True,29.0,30,269.0,39.01265867121127,195.06329335605633,26.93573069608664,25.039412161385336,62.0,180,30,0.0009074340014194604,0.4,"{'Growth Department': 69.0, 'Trading/Opportunity Team': 68.0, 'Compliance Department': 7.0, 'Operations Department': 23.651683149458513, 'Risk Department': 27.411610206597828}",68.5,7.0,23.651683149458513,27.411610206597828,0.15,0.0,standard,0.0,Growth Department,profit
centralized_profit,5,4.053709828647728,43.477201119104535,True,28.0,29,257.0,38.65513418256029,193.27567091280144,24.720059646627725,23.815475632382302,55.0,174,29,0.0008557530018151738,0.3793103448275862,"{'Growth Department': 68.0, 'Trading/Opportunity Team': 67.0, 'Compliance Department': 13.0, 'Operations Department': 22.49962720857671, 'Risk Department': 22.776043704224726}",67.5,13.0,22.49962720857671,22.776043704224726,0.15,0.0,standard,0.0,Growth Department,profit
centralized_profit,6,3.171874334869086,43.37812540251852,True,35.0,36,332.0,49.49853022705587,247.49265113527937,34.366699921082954,32.34418005536376,79.0,216,36,0.0010428479981783312,0.25,"{'Growth Department': 89.0, 'Trading/Opportunity Team': 87.0, 'Compliance Department': 10.0, 'Operations Department': 30.20812549323154, 'Risk Department': 31.284525642047832}",88.0,10.0,30.20812549323154,31.284525642047832,0.15,0.0,standard,0.0,Growth Department,profit
centralized_profit,7,0.0,43.22254834623624,True,23.0,24,215.0,30.014206002872527,150.07103001436263,22.825770465911873,21.197789661412504,53.0,144,24,0.0007388110025203787,0.3333333333333333,"{'Growth Department': 56.0, 'Trading/Opportunity Team': 54.0, 'Compliance Department': 3.0, 'Operations Department': 17.338934588050797, 'Risk Department': 19.73209542631185}",55.0,3.0,17.338934588050797,19.73209542631185,0.15,0.0,standard,0.0,Growth Department,profit
centralized_profit,8,0.0,40.199090225431306,True,31.0,32,295.0,44.54720962703153,222.73604813515763,29.674317996117647,27.94206255178637,66.0,192,32,0.0009889199973258656,0.3125,"{'Growth Department': 78.0, 'Trading/Opportunity Team': 78.0, 'Compliance Department': 12.0, 'Operations Department': 24.535512524264693, 'Risk Department': 30.200535610892928}",78.0,12.0,24.535512524264693,30.200535610892928,0.15,0.0,standard,0.0,Growth Department,profit
centralized_profit,9,0.15350381903007282,42.56942676886055,True,35.0,36,329.0,50.991109584248285,254.95554792124142,32.32370135637549,30.74975134985842,73.0,216,36,0.0011713389976648614,0.3333333333333333,"{'Growth Department': 89.0, 'Trading/Opportunity Team': 87.0, 'Compliance Department': 16.0, 'Operations Department': 30.976866522653214, 'Risk Department': 31.97868139858821}",88.0,16.0,30.976866522653214,31.97868139858821,0.15,0.0,standard,0.0,Growth Department,profit
centralized_sustainability,0,62.3118989717908,69.06379902597307,False,,100,683.0,135.34911797788644,676.7455898894322,14.801411235381716,17.817205254650304,45.25441011056786,600,100,0.003076920002058614,0.99,"{'Growth Department': 145.0, 'Trading/Opportunity Team': 144.0, 'Compliance Department': 145.0, 'Operations Department': 143.0, 'Risk Department': 99.74558988943214}",144.5,145.0,143.0,99.74558988943214,0.15,0.0,standard,2.0,Compliance Department,sustainability
centralized_sustainability,1,63.2960098070602,68.45191834936266,False,,100,649.0,128.57990399756238,642.8995199878119,13.472153603900187,15.871725890756599,41.100480012188086,600,100,0.0031661560024076607,0.98,"{'Growth Department': 137.0, 'Trading/Opportunity Team': 135.0, 'Compliance Department': 138.0, 'Operations Department': 136.0, 'Risk Department': 96.89951998781191}",136.0,138.0,136.0,96.89951998781191,0.15,0.0,standard,2.0,Compliance Department,sustainability
centralized_sustainability,2,63.8935885633839,68.62764457179374,False,,100,672.0,132.95569122112556,664.7784561056278,15.430894046199082,17.257486782118722,45.22154389437213,600,100,0.003131975001451792,0.95,"{'Growth Department': 142.0, 'Trading/Opportunity Team': 143.0, 'Compliance Department': 144.0, 'Operations Department': 137.0, 'Risk Department': 98.77845610562787}",142.5,144.0,137.0,98.77845610562787,0.15,0.0,standard,2.0,Compliance Department,sustainability
centralized_sustainability,3,68.47167343978337,67.94867596359057,False,,100,658.0,130.16481241986037,650.8240620993018,15.576300128223407,17.771948635560882,46.175937900698145,600,100,0.003152954999677604,0.96,"{'Growth Department': 141.0, 'Trading/Opportunity Team': 138.0, 'Compliance Department': 141.0, 'Operations Department': 136.0, 'Risk Department': 94.82406209930186}",139.5,141.0,136.0,94.82406209930186,0.15,0.0,standard,2.0,Compliance Department,sustainability
centralized_sustainability,4,70.48533369517692,66.96287365009562,False,,100,660.0,130.385485413601,651.927427068005,15.826738026422749,18.217593882915924,46.84453973314723,600,100,0.003419113996642409,0.95,"{'Growth Department': 140.0, 'Trading/Opportunity Team': 141.0, 'Compliance Department': 141.0, 'Operations Department': 135.77196680115227, 'Risk Department': 94.15546026685277}",140.5,141.0,135.77196680115227,94.15546026685277,0.15,0.0,standard,2.0,Compliance Department,sustainability
centralized_sustainability,5,67.53133819472075,67.57757954411362,False,,100,608.0,120.4309169937408,602.154584968704,10.830532810014738,12.228453465073063,31.845415031296056,600,100,0.003281532000983134,0.99,"{'Growth Department': 126.0, 'Trading/Opportunity Team': 128.0, 'Compliance Department': 128.0, 'Operations Department': 124.0, 'Risk Department': 96.15458496870394}",127.0,128.0,124.0,96.15458496870394,0.15,0.0,standard,2.0,Compliance Department,sustainability
centralized_sustainability,6,61.722764463059434,68.893841080124,False,,100,675.0,133.63711875571812,668.1855937785906,14.180609990851021,16.761596905541165,42.81440622140944,600,100,0.0033901009992405307,0.97,"{'Growth Department': 143.0, 'Trading/Opportunity Team': 142.0, 'Compliance Department': 143.0, 'Operations Department': 140.0, 'Risk Department': 100.18559377859056}",142.5,143.0,140.0,100.18559377859056,0.15,0.0,standard,2.0,Compliance Department,sustainability
centralized_sustainability,7,60.531895497309975,67.03481004798786,False,,100,629.0,124.57970661753745,622.8985330876873,11.71246941194007,13.010790462826202,34.101466912312716,600,100,0.0031596799999533687,0.97,"{'Growth Department': 132.0, 'Trading/Opportunity Team': 132.0, 'Compliance Department': 133.0, 'Operations Department': 127.0, 'Risk Department': 98.89853308768728}",132.0,133.0,127.0,98.89853308768728,0.15,0.0,standard,2.0,Compliance Department,sustainability
centralized_sustainability,8,66.3799644493176,67.89049530919056,False,,100,682.0,134.93834344135297,674.6917172067649,16.738650493835237,18.78770319822986,49.30828279323512,600,100,0.003098741999565391,0.95,"{'Growth Department': 142.0, 'Trading/Opportunity Team': 147.0, 'Compliance Department': 147.0, 'Operations Department': 141.0, 'Risk Department': 97.69171720676488}",144.5,147.0,141.0,97.69171720676488,0.15,0.0,standard,2.0,Compliance Department,sustainability
centralized_sustainability,9,77.80964803916373,68.37777139519649,False,,100,665.0,131.50948961176923,657.5474480588462,14.06481662116921,16.521926214402367,42.452551941153786,600,100,0.0031002499999885913,0.97,"{'Growth Department': 141.0, 'Trading/Opportunity Team': 139.0, 'Compliance Department': 141.0, 'Operations Department': 138.0, 'Risk Department': 98.54744805884621}",140.0,141.0,138.0,98.54744805884621,0.15,0.0,standard,2.0,Compliance Department,sustainability
centralized_risk_averse,0,73.36766996112777,77.38915319854938,False,,100,557.0,110.38311376448674,551.9155688224337,2.4270179768212254,2.2632265706868404,5.08443117756633,600,100,0.003118227999948431,0.96,"{'Growth Department': 113.0, 'Trading/Opportunity Team': 113.0, 'Compliance Department': 108.0, 'Operations Department': 110.0, 'Risk Department': 107.91556882243367}",113.0,108.0,110.0,107.91556882243367,0.15,0.0,standard,4.0,Risk Department,risk_averse
centralized_risk_averse,1,72.34033344455484,76.20711269852305,False,,100,543.0,107.69688189125152,538.4844094562576,1.9249889739975696,1.7244589206188665,4.515590543742405,600,100,0.0030999280024843756,0.96,"{'Growth Department': 110.0, 'Trading/Opportunity Team': 109.0, 'Compliance Department': 106.0, 'Operations Department': 108.0, 'Risk Department': 105.4844094562576}",109.5,106.0,108.0,105.4844094562576,0.15,0.0,standard,4.0,Risk Department,risk_averse
centralized_risk_averse,2,63.07573348284177,76.00594001537924,False,,100,573.0,113.46447583848892,567.3223791924446,2.6684193292088683,2.519353986689565,6.0,600,100,0.003045885001483839,0.95,"{'Growth Department': 116.0, 'Trading/Opportunity Team': 117.0, 'Compliance Department': 111.0, 'Operations Department': 112.0, 'Risk Department': 111.32237919244457}",116.5,111.0,112.0,111.32237919244457,0.15,0.0,standard,4.0,Risk Department,risk_averse
centralized_risk_averse,3,79.7917880159115,76.28422582818715,False,,100,535.0,105.94007692059829,529.7003846029914,2.335876927042723,2.184925989179071,5.299615397008509,600,100,0.0030748479985049926,0.98,"{'Growth Department': 108.0, 'Trading/Opportunity Team': 108.0, 'Compliance Department': 104.0, 'Operations Department': 107.0, 'Risk Department': 102.70038460299149}",108.0,104.0,107.0,102.70038460299149,0.15,0.0,standard,4.0,Risk Department,risk_averse
centralized_risk_averse,4,75.11432858913517,76.66147744416108,False,,100,541.0,107.12462190531839,535.623109526592,2.5206049514905815,2.39047925011501,5.376890473408068,600,100,0.003304059002402937,0.97,"{'Growth Department': 110.0, 'Trading/Opportunity Team': 110.0, 'Compliance Department': 105.0, 'Operations Department': 106.0, 'Risk Department': 104.62310952659193}",110.0,105.0,106.0,104.62310952659193,0.15,0.0,standard,4.0,Risk Department,risk_averse
centralized_risk_averse,5,58.60618520663288,73.30346922318574,False,,100,536.0,106.27527577077868,531.3763788538934,2.659779383377065,2.418977547485538,6.0,600,100,0.0032867680019990075,0.97,"{'Growth Department': 109.0, 'Trading/Opportunity Team': 109.0, 'Compliance Department': 103.0, 'Operations Department': 106.0, 'Risk Department': 104.37637885389334}",109.0,103.0,106.0,104.37637885389334,0.15,0.0,standard,4.0,Risk Department,risk_averse
centralized_risk_averse,6,72.35677236947807,75.29430691209058,False,,100,571.0,113.090423360665,565.452116803325,3.1276613114679956,2.769659201771184,8.0,600,100,0.0036511770013021305,0.95,"{'Growth Department': 117.0, 'Trading/Opportunity Team': 115.0, 'Compliance Department': 109.0, 'Operations Department': 113.0, 'Risk Department': 111.45211680332503}",116.0,109.0,113.0,111.45211680332503,0.15,0.0,standard,4.0,Risk Department,risk_averse
centralized_risk_averse,7,70.26868949239456,73.58514054354318,False,,100,544.0,107.84880783794358,539.2440391897179,2.1619074592902825,1.9738806771674153,4.755960810282133,600,100,0.003508286998112453,0.97,"{'Growth Department': 110.0, 'Trading/Opportunity Team': 110.0, 'Compliance Department': 106.0, 'Operations Department': 108.0, 'Risk Department': 105.24403918971787}",110.0,106.0,108.0,105.24403918971787,0.15,0.0,standard,4.0,Risk Department,risk_averse
centralized_risk_averse,8,73.85053817026952,76.7114792252345,False,,100,558.0,110.43183936381418,552.1591968190709,2.6945285089486584,2.547788459437776,6.0,600,100,0.003559469998435816,0.96,"{'Growth Department': 113.0, 'Trading/Opportunity Team': 114.0, 'Compliance Department': 108.0, 'Operations Department': 109.0, 'Risk Department': 108.15919681907089}",113.5,108.0,109.0,108.15919681907089,0.15,0.0,standard,4.0,Risk Department,risk_averse
centralized_risk_averse,9,84.22543314649292,75.01873501124284,False,,100,561.0,111.0567172196427,555.2835860982135,2.3546262242858322,2.2329349505628593,6.0,600,100,0.003313219000119716,0.95,"{'Growth Department': 115.0, 'Trading/Opportunity Team': 112.0, 'Compliance Department': 109.0, 'Operations Department': 110.0, 'Risk Department': 109.28358609821355}",113.5,109.0,110.0,109.28358609821355,0.15,0.0,standard,4.0,Risk Department,risk_averse
structured_debate,0,2.065531946017005,42.89752272384076,True,29.0,30,257.0,35.85511766537187,179.27558832685935,28.08469941494046,25.76346799090651,64.0,450,60,0.001503193001553882,0.4666666666666667,"{'Growth Department': 67.0, 'Trading/Opportunity Team': 65.0, 'Compliance Department': 3.0, 'Operations Department': 17.470628656622125, 'Risk Department': 26.80495967023723}",66.0,3.0,17.470628656622125,26.80495967023723,0.15,0.0,standard,,,
structured_debate,1,0.0,46.6472009416576,True,41.0,42,358.0,56.017762794707004,280.088813973535,34.191391462094096,31.741052509363488,80.0,630,84,0.0018389360011497047,0.4523809523809524,"{'Growth Department': 96.0, 'Trading/Opportunity Team': 91.0, 'Compliance Department': 16.0, 'Operations Department': 39.78501061162315, 'Risk Department': 37.3038033619119}",93.5,16.0,39.78501061162315,37.3038033619119,0.15,0.0,standard,,,
structured_debate,2,2.467944471789462,46.183680578323425,True,47.0,48,404.0,63.4798574501188,317.399287250594,36.032931540324405,33.510842613170155,85.0,720,96,0.0022131910009193234,0.5625,"{'Growth Department': 100.0, 'Trading/Opportunity Team': 106.0, 'Compliance Department': 21.0, 'Operations Department': 45.60510937762153, 'Risk Department': 44.79417787297246}",103.0,21.0,45.60510937762153,44.79417787297246,0.15,0.0,standard,,,
structured_debate,3,1.2483736680291067,43.24705388664631,True,55.0,56,465.0,73.77011150840652,368.85055754203256,41.88955952513759,38.16859121911391,98.0,840,112,0.0023863280002842657,0.6071428571428571,"{'Growth Department': 121.0, 'Trading/Opportunity Team': 115.0, 'Compliance Department': 23.0, 'Operations Department': 60.66030457414252, 'Risk Department': 49.190252967890046}",118.0,23.0,60.66030457414252,49.190252967890046,0.15,0.0,standard,,,
structured_debate,4,1.0235677066891622,44.43077727280107,True,37.0,38,318.0,46.024566492001,230.122832460005,30.084882323268257,27.50158845503774,74.0,570,76,0.0017883500004245434,0.5526315789473685,"{'Growth Department': 74.0, 'Trading/Opportunity Team': 80.0, 'Compliance Department': 6.0, 'Operations Department': 36.1533469804316, 'Risk Department': 33.96948547957338}",77.0,6.0,36.1533469804316,33.96948547957338,0.15,0.0,standard,,,
structured_debate,5,1.7171929273452875,47.25770154915765,True,32.0,33,281.0,41.64792966075103,208.23964830375516,27.61218479297746,25.55027628938635,64.0,495,66,0.0013303419982548803,0.48484848484848486,"{'Growth Department': 72.0, 'Trading/Opportunity Team': 71.0, 'Compliance Department': 8.0, 'Operations Department': 30.815803259864285, 'Risk Department': 26.42384504389087}",71.5,8.0,30.815803259864285,26.42384504389087,0.15,0.0,standard,,,
structured_debate,6,0.033274381617296456,47.0205192318063,True,55.0,56,482.0,78.01465430692814,390.0732715346407,42.048696282845505,39.37608981071298,95.0,840,112,0.0022095039967098273,0.5,"{'Growth Department': 124.0, 'Trading/Opportunity Team': 126.0, 'Compliance Department': 31.0, 'Operations Department': 57.87762330242508, 'Risk Department': 51.195648232215625}",125.0,31.0,57.87762330242508,51.195648232215625,0.15,0.0,standard,,,
structured_debate,7,0.8926344855318966,45.86107407023584,True,25.0,26,223.0,30.8581002536804,154.290501268402,23.083423548915043,21.05635331168949,56.0,390,52,0.000974443002633052,0.5,"{'Growth Department': 56.0, 'Trading/Opportunity Team': 53.0, 'Compliance Department': 0.0, 'Operations Department': 24.561898449121028, 'Risk Department': 20.728602819280972}",54.5,0.0,24.561898449121028,20.728602819280972,0.15,0.0,standard,,,
structured_debate,8,2.902306028896618,48.513852164982566,True,43.0,44,373.0,60.953341107532424,304.7667055376621,30.185786472137362,27.338206522708425,70.0,660,88,0.0017007930000545457,0.6590909090909091,"{'Growth Department': 90.0, 'Trading/Opportunity Team': 95.0, 'Compliance Department': 25.0, 'Operations Department': 53.427870988520624, 'Risk Department': 41.338834549141495}",92.5,25.0,53.427870988520624,41.338834549141495,0.15,0.0,standard,,,
structured_debate,9,0.64738620759399,51.030709027995115,True,45.0,46,389.0,62.681947925259635,313.4097396262982,33.84628393883816,30.696356416764914,78.0,690,92,0.0016576460002397653,0.6304347826086957,"{'Growth Department': 100.0, 'Trading/Opportunity Team': 96.0, 'Compliance Department': 22.0, 'Operations Department': 54.949014244036675, 'Risk Department': 40.46072538226151}",98.0,22.0,54.949014244036675,40.46072538226151,0.15,0.0,standard,,,
independent,0,1.8315492803507958,39.52277958807999,True,11.0,12,112.0,9.293817410518704,46.46908705259352,17.675133083832453,16.047884166972885,44.0,0,0,0.000453669999842532,0.0,"{'Growth Department': 28.0, 'Trading/Opportunity Team': 25.0, 'Compliance Department': -16.0, 'Operations Department': 2.5304182260471624, 'Risk Department': 6.938668826546362}",26.5,-16.0,2.5304182260471624,6.938668826546362,0.15,0.05,standard,,,
independent,1,3.738579158520947,42.05683032151957,True,18.0,19,183.0,23.812860864870594,119.06430432435297,20.799401405458855,19.036194060136033,48.0,0,0,0.0005836669988639187,0.0,"{'Growth Department': 47.0, 'Trading/Opportunity Team': 45.0, 'Compliance Department': -1.0, 'Operations Department': 11.003741215882126, 'Risk Department': 17.060563108470845}",46.0,-1.0,11.003741215882126,17.060563108470845,0.15,0.05,standard,,,
independent,2,0.796195105782985,51.00492729612726,True,24.0,25,252.0,40.65293086954588,203.2646543477294,22.289888237654896,20.77569048849526,49.0,0,0,0.0007122159986465704,0.0,"{'Growth Department': 63.0, 'Trading/Opportunity Team': 68.0, 'Compliance Department': 19.0, 'Operations Department': 31.576455833072515, 'Risk Department': 21.688198514656882}",65.5,19.0,31.576455833072515,21.688198514656882,0.15,0.05,standard,,,
independent,3,3.6456398863976816,42.16337722772155,True,23.0,24,230.0,31.892868021540703,159.46434010770352,25.632560304745688,23.78976334764037,60.0,0,0,0.0006950320021132939,0.0,"{'Growth Department': 62.0, 'Trading/Opportunity Team': 58.0, 'Compliance Department': 2.0, 'Operations Department': 19.667842012364062, 'Risk Department': 17.796498095339437}",60.0,2.0,19.667842012364062,17.796498095339437,0.15,0.05,standard,,,
independent,4,3.4834959542869868,39.17661273329814,True,18.0,19,180.0,22.737270417357152,113.68635208678576,21.49627610788165,19.75602267471632,48.0,0,0,0.000597035999817308,0.0,"{'Growth Department': 45.0, 'Trading/Opportunity Team': 47.0, 'Compliance Department': -1.0, 'Operations Department': 6.6482743257396795, 'Risk Department': 16.038077761046083}",46.0,-1.0,6.6482743257396795,16.038077761046083,0.15,0.05,standard,,,
independent,5,0.0,45.838514363784284,True,15.0,16,159.0,22.232330471304415,111.16165235652207,16.48023156391446,15.59603704045434,36.0,0,0,0.0004986880012438633,0.0,"{'Growth Department': 41.0, 'Trading/Opportunity Team': 41.0, 'Compliance Department': 5.0, 'Operations Department': 14.163099630987446, 'Risk Department': 9.998552725534626}",41.0,5.0,14.163099630987446,9.998552725534626,0.15,0.05,standard,,,
independent,6,4.131155980199059,40.280896285694965,True,25.0,26,248.0,34.52252434251855,172.61262171259276,30.290528273924956,28.386138724208074,67.0,0,0,0.0006754829992132727,0.0,"{'Growth Department': 68.0, 'Trading/Opportunity Team': 69.0, 'Compliance Department': 2.0, 'Operations Department': 12.684198287969043, 'Risk Department': 20.928423424623702}",68.5,2.0,12.684198287969043,20.928423424623702,0.15,0.05,standard,,,
independent,7,0.3829635959888975,46.060614100230275,True,14.0,15,143.0,16.82159526690669,84.10797633453345,17.74394926998181,16.304224471742604,43.0,0,0,0.0004549609984678682,0.0,"{'Growth Department': 37.0, 'Trading/Opportunity Team': 34.0, 'Compliance Department': -6.0, 'Operations Department': 9.100317062613676, 'Risk Department': 10.007659271919776}",35.5,-6.0,9.100317062613676,10.007659271919776,0.15,0.05,standard,,,
independent,8,4.093206444624258,41.41644575879899,True,18.0,19,184.0,23.205473003048642,116.0273650152432,22.88741196482445,20.76091870609629,55.0,0,0,0.0005689979989256244,0.0,"{'Growth Department': 45.0, 'Trading/Opportunity Team': 48.0, 'Compliance Department': -7.0, 'Operations Department': 11.95367521984717, 'Risk Department': 18.073689795396035}",46.5,-7.0,11.95367521984717,18.073689795396035,0.15,0.05,standard,,,
independent,9,3.1152375017264227,42.64872898970492,True,18.0,19,187.0,25.78243995007768,128.9121997503884,19.833784451056623,18.82981889677855,45.0,0,0,0.0005372069972509053,0.0,"{'Growth Department': 50.0, 'Trading/Opportunity Team': 47.0, 'Compliance Department': 5.0, 'Operations Department': 13.873352569492289, 'Risk Department': 13.038847180896106}",48.5,5.0,13.873352569492289,13.038847180896106,0.15,0.05,standard,,,
voting,0,2.9662772164027142,43.35636319331509,True,7.0,8,100.0,11.207154449520475,56.035772247602374,4.309279359611089,4.0065932934395345,10.0,40,8,0.00047218400140991434,1.0,"{'Growth Department': 15.0, 'Trading/Opportunity Team': 15.0, 'Compliance Department': 5.0, 'Operations Department': 8.067004002430696, 'Risk Department': 12.96876824517168}",15.0,5.0,8.067004002430696,12.96876824517168,0.15,0.05,standard,,,
voting,1,4.027835151437436,36.09395475127913,True,18.0,19,180.0,19.293751667470048,96.46875833735024,14.65415525172638,14.210243919527242,35.0,95,19,0.0007435150000674184,1.0,"{'Growth Department': 31.0, 'Trading/Opportunity Team': 31.0, 'Compliance Department': -4.0, 'Operations Department': 9.41152967671012, 'Risk Department': 29.057228660640128}",31.0,-4.0,9.41152967671012,29.057228660640128,0.15,0.05,standard,,,
voting,2,0.42676732605516854,36.60240021162435,True,21.0,22,230.0,28.552980454381363,142.7649022719068,15.178216213988135,14.657369715810567,35.0,110,22,0.0008122679973894265,1.0,"{'Growth Department': 41.0, 'Trading/Opportunity Team': 41.0, 'Compliance Department': 6.0, 'Operations Department': 16.13614866257416, 'Risk Department': 38.62875360933266}",41.0,6.0,16.13614866257416,38.62875360933266,0.15,0.05,standard,,,
voting,3,0.5769294530699938,34.78483262448089,True,35.0,36,295.0,40.765289546034126,203.82644773017063,16.070231877978383,15.387667880013622,37.71947461868245,180,36,0.0011166969998157583,1.0,"{'Growth Department': 54.0, 'Trading/Opportunity Team': 54.0, 'Compliance Department': 29.0, 'Operations Department': 16.280525381317553, 'Risk Department': 50.5459223488531}",54.0,29.0,16.280525381317553,50.5459223488531,0.15,0.05,standard,,,
voting,4,4.7645193512722255,35.802936716806485,True,14.0,15,150.0,16.13069812022275,80.65349060111375,10.790687965745871,10.387701567801084,25.0,75,15,0.0005787579975731205,1.0,"{'Growth Department': 25.0, 'Trading/Opportunity Team': 25.0, 'Compliance Department': 0.0, 'Operations Department': 7.558200214088303, 'Risk Department': 23.095290387025443}",25.0,0.0,7.558200214088303,23.095290387025443,0.15,0.05,standard,,,
voting,5,0.0,35.956284319297964,True,14.0,15,155.0,17.14163868884372,85.7081934442186,10.75089113563707,10.321371162947079,25.0,75,15,0.0005297349998727441,1.0,"{'Growth Department': 26.0, 'Trading/Opportunity Team': 26.0, 'Compliance Department': 1.0, 'Operations Department': 8.806930402268298, 'Risk Department': 23.901263041950298}",26.0,1.0,8.806930402268298,23.901263041950298,0.15,0.05,standard,,,
voting,6,2.0881303208529376,32.635835018062785,True,36.0,37,305.0,40.858829609858375,204.29414804929186,18.39659003007426,17.716743836135716,42.48934384398207,185,37,0.0011026000029232819,1.0,"{'Growth Department': 56.0, 'Trading/Opportunity Team': 56.0, 'Compliance Department': 26.0, 'Operations Department': 13.510656156017927, 'Risk Department': 52.78349189327395}",56.0,26.0,13.510656156017927,52.78349189327395,0.15,0.05,standard,,,
voting,7,4.714748127050857,44.360017190657594,True,11.0,12,135.0,17.858274684930162,89.29137342465081,4.581163539805645,4.3141146693187915,10.0,60,12,0.00047296800039475784,1.0,"{'Growth Department': 22.0, 'Trading/Opportunity Team': 22.0, 'Compliance Department': 12.0, 'Operations Department': 13.367727876214722, 'Risk Department': 19.923645548436088}",22.0,12.0,13.367727876214722,19.923645548436088,0.15,0.05,standard,,,
voting,8,2.9426749851867973,29.17764216686058,True,22.0,23,190.0,17.092129004555584,85.46064502277792,19.597036771218683,19.073434842357965,45.0,115,23,0.0007092330015439074,1.0,"{'Growth Department': 33.0, 'Trading/Opportunity Team': 33.0, 'Compliance Department': -12.0, 'Operations Department': 0.5185201798832555, 'Risk Department': 30.94212484289467}",33.0,-12.0,0.5185201798832555,30.94212484289467,0.15,0.05,standard,,,
voting,9,4.847224689831387,37.07630078727851,True,16.0,17,170.0,18.913155005751097,94.56577502875548,12.563730738163791,12.149424974366793,30.0,85,17,0.0005665530006808694,1.0,"{'Growth Department': 29.0, 'Trading/Opportunity Team': 29.0, 'Compliance Department': -1.0, 'Operations Department': 10.476682886476313, 'Risk Department': 27.089092142279167}",29.0,-1.0,10.476682886476313,27.089092142279167,0.15,0.05,standard,,,
adaptive_voting,0,56.00338675541382,54.77803834392813,False,,100,630.0,119.64887912095246,598.2443956047623,8.681028343430341,8.834640068032419,22.50082275120191,500,100,0.0026505310015636496,1.0,"{'Growth Department': 126.0, 'Trading/Opportunity Team': 126.0, 'Compliance Department': 126.0, 'Operations Department': 103.49917724879809, 'Risk Department': 116.74521835596418}",126.0,126.0,103.49917724879809,116.74521835596418,0.15,0.05,standard,,,
adaptive_voting,1,56.9804067727212,60.55981163055826,False,,100,655.0,128.94561260428267,644.7280630214134,2.790190224132384,2.8249590967192653,7.16675192224082,500,100,0.0026731409998319577,1.0,"{'Growth Department': 131.0, 'Trading/Opportunity Team': 131.0, 'Compliance Department': 131.0, 'Operations Department': 127.89481494365424, 'Risk Department': 123.83324807775918}",131.0,131.0,127.89481494365424,123.83324807775918,0.15,0.05,standard,,,
adaptive_voting,2,43.52353458610653,49.40393558738577,False,,100,675.0,125.21731441497552,626.0865720748776,14.388026313263719,15.911596865283338,41.0117365327758,500,100,0.0026181710018136073,1.0,"{'Growth Department': 135.0, 'Trading/Opportunity Team': 135.0, 'Compliance Department': 135.0, 'Operations Department': 93.9882634672242, 'Risk Department': 127.09830860765335}",135.0,135.0,93.9882634672242,127.09830860765335,0.15,0.05,standard,,,
adaptive_voting,3,57.337461968260584,64.6512425252886,False,,100,715.0,141.20377179342046,706.0188589671023,2.8034515019393846,3.3764183919295365,8.540430854223501,500,100,0.002562179997767089,1.0,"{'Growth Department': 143.0, 'Trading/Opportunity Team': 143.0, 'Compliance Department': 143.0, 'Operations Department': 142.55928982132585, 'Risk Department': 134.4595691457765}",143.0,143.0,142.55928982132585,134.4595691457765,0.15,0.05,standard,,,
adaptive_voting,4,45.489820120222134,60.94943671289451,False,,100,695.0,136.822177252889,684.110886264445,3.0636595428005378,3.2065963260098362,8.258758406948346,500,100,0.0025184830010402948,1.0,"{'Growth Department': 139.0, 'Trading/Opportunity Team': 139.0, 'Compliance Department': 139.0, 'Operations Department': 136.36964467139333, 'Risk Department': 130.74124159305165}",139.0,139.0,136.36964467139333,130.74124159305165,0.15,0.05,standard,,,
adaptive_voting,5,51.42957874508676,59.60096458442503,False,,100,670.0,129.92437357070514,649.6218678535257,5.118635909109441,5.072230404687008,11.61334228545978,500,100,0.002434505000564968,1.0,"{'Growth Department': 134.0, 'Trading/Opportunity Team': 134.0, 'Compliance Department': 134.0, 'Operations Department': 122.38665771454022, 'Risk Department': 125.23521013898555}",134.0,134.0,122.38665771454022,125.23521013898555,0.15,0.05,standard,,,
adaptive_voting,6,64.22351487633289,59.24572291937336,False,,100,685.0,133.89262053138827,669.4631026569414,3.8964963940887265,3.863007658942175,8.816205119995857,500,100,0.0029084470006637275,1.0,"{'Growth Department': 137.0, 'Trading/Opportunity Team': 137.0, 'Compliance Department': 137.0, 'Operations Department': 130.27930777693717, 'Risk Department': 128.18379488000414}",137.0,137.0,130.27930777693717,128.18379488000414,0.15,0.05,standard,,,
adaptive_voting,7,29.538938527641,52.136730423968764,False,,100,635.0,119.12015808115272,595.6007904057636,11.362946152059706,12.246166734539317,31.619203856136835,500,100,0.0029521569995267782,1.0,"{'Growth Department': 127.0, 'Trading/Opportunity Team': 127.0, 'Compliance Department': 127.0, 'Operations Department': 95.38079614386317, 'Risk Department': 119.21999426190051}",127.0,127.0,95.38079614386317,119.21999426190051,0.15,0.05,standard,,,
adaptive_voting,8,70.09425290232294,59.29831978931243,False,,100,705.0,137.93424795331572,689.6712397665787,3.715097636241835,3.757489000730525,7.890599993090092,500,100,0.0027956589983659796,1.0,"{'Growth Department': 141.0, 'Trading/Opportunity Team': 141.0, 'Compliance Department': 141.0, 'Operations Department': 133.56183975966871, 'Risk Department': 133.1094000069099}",141.0,141.0,133.56183975966871,133.1094000069099,0.15,0.05,standard,,,
adaptive_voting,9,69.65526566723565,58.59542036710368,False,,100,670.0,130.8312772512097,654.1563862560486,3.9074111485939964,3.902984399184383,8.577705934761042,500,100,0.002694021000934299,1.0,"{'Growth Department': 134.0, 'Trading/Opportunity Team': 134.0, 'Compliance Department': 134.0, 'Operations Department': 126.7340921908096, 'Risk Department': 125.42229406523896}",134.0,134.0,126.7340921908096,125.42229406523896,0.15,0.05,standard,,,
centralized_profit,0,3.0786151252452214,38.106671124299126,True,12.0,13,116.0,9.752166108605428,48.76083054302714,17.632444736066738,15.97576520002897,43.0,78,13,0.0005067630008852575,0.23076923076923078,"{'Growth Department': 28.0, 'Trading/Opportunity Team': 26.0, 'Compliance Department': -15.0, 'Operations Department': 1.7972203995828844, 'Risk Department': 7.963610143444254}",27.0,-15.0,1.7972203995828844,7.963610143444254,0.15,0.05,standard,0.0,Growth Department,profit
centralized_profit,1,4.070568145905973,40.36210059339406,True,24.0,25,217.0,29.485490750625388,147.42745375312694,22.326145900597204,20.443832021901674,50.0,150,25,0.0007697850014665164,0.4,"{'Growth Department': 55.0, 'Trading/Opportunity Team': 52.0, 'Compliance Department': 5.0, 'Operations Department': 12.461588121267482, 'Risk Department': 22.965865631859472}",53.5,5.0,12.461588121267482,22.965865631859472,0.15,0.05,standard,0.0,Growth Department,profit
centralized_profit,2,0.0,51.10650466570551,True,26.0,27,257.0,40.24738491326726,201.2369245663363,22.626231426513606,21.135363038545524,50.0,162,27,0.0008626960006949957,0.2222222222222222,"{'Growth Department': 66.0, 'Trading/Opportunity Team': 65.0, 'Compliance Department': 16.0, 'Operations Department': 30.650870982046342, 'Risk Department': 23.586053584289985}",65.5,16.0,30.650870982046342,23.586053584289985,0.15,0.05,standard,0.0,Growth Department,profit
centralized_profit,3,3.534506627738205,40.170087522240344,True,28.0,29,259.0,34.37254180569225,171.86270902846124,29.413687523998405,27.036472968329363,70.0,174,29,0.0008263820018328261,0.3448275862068966,"{'Growth Department': 67.0, 'Trading/Opportunity Team': 64.0, 'Compliance Department': -3.0, 'Operations Department': 20.164452975009965, 'Risk Department': 23.69825605345127}",65.5,-3.0,20.164452975009965,23.69825605345127,0.15,0.05,standard,0.0,Growth Department,profit
centralized_profit,4,1.3190669902160153,39.684052157002604,True,29.0,30,251.0,34.387371986542014,171.93685993271006,25.824393545394877,23.89845040025984,56.0,180,30,0.0008725060033611953,0.6,"{'Growth Department': 63.0, 'Trading/Opportunity Team': 62.0, 'Compliance Department': 7.0, 'Operations Department': 12.597540341281977, 'Risk Department': 27.33931959142809}",62.5,7.0,12.597540341281977,27.33931959142809,0.15,0.05,standard,0.0,Growth Department,profit
centralized_profit,5,3.37126272299216,47.378209426603874,True,15.0,16,150.0,20.731525086869546,103.65762543434772,14.397373033111444,13.311613961562962,32.0,96,16,0.0004858760003116913,0.3125,"{'Growth Department': 37.0, 'Trading/Opportunity Team': 36.0, 'Compliance Department': 5.0, 'Operations Department': 15.641206891294246, 'Risk Department': 10.016418543053472}",36.5,5.0,15.641206891294246,10.016418543053472,0.15,0.05,standard,0.0,Growth Department,profit
centralized_profit,6,2.8783522032420414,40.67622669188657,True,35.0,36,317.0,48.17414082875337,240.87070414376686,30.314889506588433,29.157094748786065,64.0,216,36,0.0009594650000508409,0.4166666666666667,"{'Growth Department': 84.0, 'Trading/Opportunity Team': 83.0, 'Compliance Department': 20.0, 'Operations Department': 21.531940583822283, 'Risk Department': 32.33876355994457}",83.5,20.0,21.531940583822283,32.33876355994457,0.15,0.05,standard,0.0,Growth Department,profit
centralized_profit,7,4.5648781117377695,47.61965266099512,True,14.0,15,140.0,16.436958048461555,82.18479024230777,16.477273291526572,15.199945933882155,40.0,90,15,0.0004459140000108164,0.13333333333333333,"{'Growth Department': 34.0, 'Trading/Opportunity Team': 33.0, 'Compliance Department': -6.0, 'Operations Department': 11.16774831434886, 'Risk Department': 10.017041927958921}",33.5,-6.0,11.16774831434886,10.017041927958921,0.15,0.05,standard,0.0,Growth Department,profit
centralized_profit,8,2.823307008230664,38.97606179871757,True,24.0,25,217.0,29.415189012663564,147.07594506331782,22.84751683953717,21.057813235030956,50.0,150,25,0.00068157899659127,0.48,"{'Growth Department': 54.0, 'Trading/Opportunity Team': 54.0, 'Compliance Department': 4.0, 'Operations Department': 11.203019752892684, 'Risk Department': 23.872925310425117}",54.0,4.0,11.203019752892684,23.872925310425117,0.15,0.05,standard,0.0,Growth Department,profit
centralized_profit,9,2.3788160983236715,39.81835286820843,True,23.0,24,212.0,27.44728058473813,137.23640292369066,23.293205924479516,21.56822639985125,53.0,144,24,0.0006234530010260642,0.375,"{'Growth Department': 54.0, 'Trading/Opportunity Team': 52.0, 'Compliance Department': 1.0, 'Operations Department': 12.417462972003033, 'Risk Department': 17.818939951687625}",53.0,1.0,12.417462972003033,17.818939951687625,0.15,0.05,standard,0.0,Growth Department,profit
centralized_sustainability,0,56.87797473522903,62.44356048181432,False,,100,602.0,117.84310290974236,589.2155145487118,10.531127058315016,11.653795754944587,30.035058663180692,600,100,0.002264650000142865,0.99,"{'Growth Department': 125.0, 'Trading/Opportunity Team': 125.0, 'Compliance Department': 125.0, 'Operations Department': 119.25057321189253, 'Risk Department': 94.96494133681931}",125.0,125.0,119.25057321189253,94.96494133681931,0.15,0.05,standard,2.0,Compliance Department,sustainability
centralized_sustainability,1,56.31259919570437,67.39953266372687,False,,100,614.0,121.42694764069002,607.1347382034501,11.956883774895987,13.28232168233109,34.86526179654996,600,100,0.0022938410002097953,0.98,"{'Growth Department': 130.0, 'Trading/Opportunity Team': 125.0, 'Compliance Department': 130.0, 'Operations Department': 127.0, 'Risk Department': 95.13473820345004}",127.5,130.0,127.0,95.13473820345004,0.15,0.05,standard,2.0,Compliance Department,sustainability
centralized_sustainability,2,66.84228380175124,64.29479853283256,False,,100,634.0,124.42130781495136,622.1065390747568,13.017314655986924,13.791046071528772,36.46475567467512,600,100,0.002227618999313563,0.96,"{'Growth Department': 131.0, 'Trading/Opportunity Team': 134.0, 'Compliance Department': 134.0, 'Operations Department': 125.57129474943196, 'Risk Department': 97.53524432532488}",132.5,134.0,125.57129474943196,97.53524432532488,0.15,0.05,standard,2.0,Compliance Department,sustainability
centralized_sustainability,3,61.61058771489925,68.37572761696214,False,,100,677.0,133.84811500047607,669.2405750023803,16.40301599923831,19.3503368491647,49.75942499761972,600,100,0.002215122996858554,0.96,"{'Growth Department': 144.0, 'Trading/Opportunity Team': 144.0, 'Compliance Department': 145.0, 'Operations Department': 141.0, 'Risk Department': 95.24057500238028}",144.0,145.0,141.0,95.24057500238028,0.15,0.05,standard,2.0,Compliance Department,sustainability
centralized_sustainability,4,58.9833242370781,65.95105505478399,False,,100,654.0,129.4249358120804,647.1246790604021,15.00010270067136,17.23156705896956,44.875320939598,600,100,0.0022210429997358005,0.95,"{'Growth Department': 139.0, 'Trading/Opportunity Team': 138.0, 'Compliance Department': 140.0, 'Operations Department': 135.0, 'Risk Department': 95.124679060402}",138.5,140.0,135.0,95.124679060402,0.15,0.05,standard,2.0,Compliance Department,sustainability
centralized_sustainability,5,66.445214645836,65.02022478328122,False,,100,630.0,123.46167023325623,617.3083511662811,13.384800706627809,14.491681820801926,37.963355582704864,600,100,0.002059462000033818,0.99,"{'Growth Department': 131.0, 'Trading/Opportunity Team': 133.0, 'Compliance Department': 133.0, 'Operations Department': 125.27170674898592, 'Risk Department': 95.03664441729514}",132.0,133.0,125.27170674898592,95.03664441729514,0.15,0.05,standard,2.0,Compliance Department,sustainability
centralized_sustainability,6,69.31725039896723,66.84426271493311,False,,100,640.0,126.59516091024707,632.9758045512353,12.647742543604672,14.850136961675856,38.0241954487646,600,100,0.002253130998724373,0.97,"{'Growth Department': 135.0, 'Trading/Opportunity Team': 134.0, 'Compliance Department': 135.0, 'Operations Department': 132.0, 'Risk Department': 96.9758045512354}",134.5,135.0,132.0,96.9758045512354,0.15,0.05,standard,2.0,Compliance Department,sustainability
centralized_sustainability,7,61.469040026766635,60.449394170385304,False,,100,601.0,116.36432060789757,581.8216030394879,12.38160632093394,12.142900107087478,30.20664254532501,600,100,0.0021609819996228907,0.97,"{'Growth Department': 125.0, 'Trading/Opportunity Team': 126.0, 'Compliance Department': 126.0, 'Operations Department': 109.0282455848129, 'Risk Department': 95.79335745467499}",125.5,126.0,109.0282455848129,95.79335745467499,0.15,0.05,standard,2.0,Compliance Department,sustainability
centralized_sustainability,8,67.39912437020949,67.4594158139114,False,,100,669.0,132.30460870329233,661.5230435164616,15.352626074732292,17.49397951329082,45.476956483538416,600,100,0.002234305997262709,0.95,"{'Growth Department': 140.0, 'Trading/Opportunity Team': 143.0, 'Compliance Department': 143.0, 'Operations Department': 138.0, 'Risk Department': 97.52304351646158}",141.5,143.0,138.0,97.52304351646158,0.15,0.05,standard,2.0,Compliance Department,sustainability
centralized_sustainability,9,72.22191861851348,66.93485830787927,False,,100,626.0,123.74823883879324,618.7411941939662,12.402817857930827,14.094276761662307,37.258805806033834,600,100,0.002229710000392515,0.97,"{'Growth Department': 132.0, 'Trading/Opportunity Team': 129.0, 'Compliance Department': 133.0, 'Operations Department': 129.0, 'Risk Department': 95.74119419396617}",130.5,133.0,129.0,95.74119419396617,0.15,0.05,standard,2.0,Compliance Department,sustainability
centralized_risk_averse,0,63.9816312237853,67.68821772302674,False,,100,554.0,109.09708668160874,545.4854334080437,3.4808258967420853,3.2757796080765464,7.377580927319016,600,100,0.0021565200004260987,0.96,"{'Growth Department': 113.0, 'Trading/Opportunity Team': 113.0, 'Compliance Department': 106.0, 'Operations Department': 107.8630143353628, 'Risk Department': 105.62241907268098}",113.0,106.0,107.8630143353628,105.62241907268098,0.15,0.05,standard,4.0,Risk Department,risk_averse
centralized_risk_averse,1,66.78986173654809,72.3968575513237,False,,100,541.0,107.09880445651542,535.4940222825771,2.401912869575335,2.1555098105591477,5.5059777174229225,600,100,0.002169172999856528,0.96,"{'Growth Department': 110.0, 'Trading/Opportunity Team': 109.0, 'Compliance Department': 105.0, 'Operations Department': 107.0, 'Risk Department': 104.49402228257708}",109.5,105.0,107.0,104.49402228257708,0.15,0.05,standard,4.0,Risk Department,risk_averse
centralized_risk_averse,2,65.8987562135305,69.48128960373407,False,,100,570.0,112.10940210123083,560.5470105061542,3.9863492832108887,3.6824426625806694,9.0,600,100,0.002340187998925103,0.95,"{'Growth Department': 116.0, 'Trading/Opportunity Team': 117.0, 'Compliance Department': 108.0, 'Operations Department': 109.08531697993195, 'Risk Department': 110.46169352622222}",116.5,108.0,109.08531697993195,110.46169352622222,0.15,0.05,standard,4.0,Risk Department,risk_averse
centralized_risk_averse,3,71.51786345191098,77.41669258827874,False,,100,533.0,105.4961005892948,527.480502946474,2.5662390571283504,2.371382990123423,5.519497053526095,600,100,0.0024766240021563135,0.98,"{'Growth Department': 108.0, 'Trading/Opportunity Team': 108.0, 'Compliance Department': 103.0, 'Operations Department': 106.0, 'Risk Department': 102.4805029464739}",108.0,103.0,106.0,102.4805029464739,0.15,0.05,standard,4.0,Risk Department,risk_averse
centralized_risk_averse,4,65.06231868526028,74.68839136190786,False,,100,542.0,107.26324183978845,536.3162091989423,2.4588130563384767,2.3175958117310316,5.683790801057739,600,100,0.0024840709993441124,0.97,"{'Growth Department': 110.0, 'Trading/Opportunity Team': 110.0, 'Compliance Department': 106.0, 'Operations Department': 106.0, 'Risk Department': 104.31620919894226}",110.0,106.0,106.0,104.31620919894226,0.15,0.05,standard,4.0,Risk Department,risk_averse
centralized_risk_averse,5,72.98568018753699,72.45148982207064,False,,100,537.0,106.04777255679407,530.2388627839704,2.9758886786438916,2.7628351863531817,6.299652120762161,600,100,0.0023825680000300054,0.97,"{'Growth Department': 109.0, 'Trading/Opportunity Team': 109.0, 'Compliance Department': 103.0, 'Operations Department': 106.53851490473254, 'Risk Department': 102.70034787923784}",109.0,103.0,106.53851490473254,102.70034787923784,0.15,0.05,standard,4.0,Risk Department,risk_averse
centralized_risk_averse,6,79.03029445660049,70.53234541666953,False,,100,567.0,111.9921070709576,559.960535354788,4.195626161423845,3.7989935156730925,11.0,600,100,0.0025056810009118635,0.95,"{'Growth Department': 117.0, 'Trading/Opportunity Team': 115.0, 'Compliance Department': 106.0, 'Operations Department': 111.18319886368708, 'Risk Department': 110.77733649110097}",116.0,106.0,111.18319886368708,110.77733649110097,0.15,0.05,standard,4.0,Risk Department,risk_averse
centralized_risk_averse,7,73.82031290400357,67.62396549435934,False,,100,543.0,106.90379630833147,534.5189815416574,2.8270167938371196,2.6224721826088078,6.334427480740999,600,100,0.002405800998531049,0.97,"{'Growth Department': 110.0, 'Trading/Opportunity Team': 110.0, 'Compliance Department': 105.0, 'Operations Department': 105.85340902239834, 'Risk Department': 103.665572519259}",110.0,105.0,105.85340902239834,103.665572519259,0.15,0.05,standard,4.0,Risk Department,risk_averse
centralized_risk_averse,8,80.10243493211352,74.61289652339175,False,,100,559.0,110.64657848047148,553.2328924023574,2.4854744312456343,2.3677985811551707,5.767107597642607,600,100,0.0024768149996816646,0.96,"{'Growth Department': 113.0, 'Trading/Opportunity Team': 114.0, 'Compliance Department': 109.0, 'Operations Department': 109.0, 'Risk Department': 108.2328924023574}",113.5,109.0,109.0,108.2328924023574,0.15,0.05,standard,4.0,Risk Department,risk_averse
centralized_risk_averse,9,73.69866899161833,72.494231489082,False,,100,560.0,110.77094519383704,553.8547259691852,3.063243844930364,2.7327594166393987,8.0,600,100,0.0025473269997746684,0.95,"{'Growth Department': 115.0, 'Trading/Opportunity Team': 112.0, 'Compliance Department': 107.0, 'Operations Department': 111.0, 'Risk Department': 108.85472596918522}",113.5,107.0,111.0,108.85472596918522,0.15,0.05,standard,4.0,Risk Department,risk_averse
structured_debate,0,2.0327375397532528,38.81896316948297,True,12.0,13,117.0,10.03510015731214,50.1755007865607,17.882750688827795,16.165120613253993,44.0,195,26,0.000686447001498891,0.15384615384615385,"{'Growth Department': 29.0, 'Trading/Opportunity Team': 26.0, 'Compliance Department': -15.0, 'Operations Department': 2.2328081948262817, 'Risk Department': 7.942692591734412}",27.5,-15.0,2.2328081948262817,7.942692591734412,0.15,0.05,standard,,,
structured_debate,1,2.9649327568703185,41.790718540683834,True,25.0,26,227.0,31.74929201904111,158.74646009520555,23.040138397407535,21.278294202492717,53.0,390,52,0.001120221997553017,0.34615384615384615,"{'Growth Department': 59.0, 'Trading/Opportunity Team': 55.0, 'Compliance Department': 6.0, 'Operations Department': 16.999135016202896, 'Risk Department': 21.747325079002653}",57.0,6.0,16.999135016202896,21.747325079002653,0.15,0.05,standard,,,
structured_debate,2,4.993583214249025,51.97892825312834,True,33.0,34,297.0,47.56302579304543,237.81512896522716,23.303657092643974,21.421702819013618,53.0,510,68,0.001412865000020247,0.5294117647058824,"{'Growth Department': 70.0, 'Trading/Opportunity Team': 76.0, 'Compliance Department': 23.0, 'Operations Department': 38.462985794252006, 'Risk Department': 30.352143170975157}",73.0,23.0,38.462985794252006,30.352143170975157,0.15,0.05,standard,,,
structured_debate,3,1.2275422131532103,44.94282633881298,True,38.0,39,330.0,50.953580080483405,254.76790040241704,29.57486751196697,26.660679046012223,70.0,585,78,0.0015271129996108357,0.5641025641025641,"{'Growth Department': 85.0, 'Trading/Opportunity Team': 78.0, 'Compliance Department': 15.0, 'Operations Department': 43.61082235221063, 'Risk Department': 33.157078050206415}",81.5,15.0,43.61082235221063,33.157078050206415,0.15,0.05,standard,,,
structured_debate,4,0.0,37.71584219289989,True,25.0,26,224.0,27.088903064263455,135.44451532131728,29.505820212683428,26.6991530312589,68.0,390,52,0.0010804170015035197,0.23076923076923078,"{'Growth Department': 56.0, 'Trading/Opportunity Team': 59.0, 'Compliance Department': -9.0, 'Operations Department': 7.588623670728538, 'Risk Department': 21.855891650588752}",57.5,-9.0,7.588623670728538,21.855891650588752,0.15,0.05,standard,,,
structured_debate,5,1.6572567358577857,48.07534693402319,True,17.0,18,158.0,21.14730132860379,105.73650664301894,15.056304569348054,13.63384487543447,35.0,270,36,0.0007080760005919728,0.5,"{'Growth Department': 36.0, 'Trading/Opportunity Team': 37.0, 'Compliance Department': 2.0, 'Operations Department': 18.83841020144427, 'Risk Department': 11.898096441574667}",36.5,2.0,18.83841020144427,11.898096441574667,0.15,0.05,standard,,,
structured_debate,6,2.7026689573207356,50.06880968317964,True,40.0,41,349.0,56.97804923373773,284.89024616868863,27.355369369035344,24.775541962242666,62.0,615,82,0.0015496209998673294,0.6585365853658537,"{'Growth Department': 84.0, 'Trading/Opportunity Team': 85.0, 'Compliance Department': 23.0, 'Operations Department': 55.86130472515953, 'Risk Department': 37.028941443529106}",84.5,23.0,55.86130472515953,37.028941443529106,0.15,0.05,standard,,,
structured_debate,7,1.8024090278504712,47.62549045769058,True,15.0,16,145.0,18.25742213963565,91.28711069817825,15.034232291110879,13.904772211688384,36.0,240,32,0.0006508080005005468,0.3125,"{'Growth Department': 36.0, 'Trading/Opportunity Team': 33.0, 'Compliance Department': 0.0, 'Operations Department': 11.251062517621236, 'Risk Department': 11.03604818055701}",34.5,0.0,11.251062517621236,11.03604818055701,0.15,0.05,standard,,,
structured_debate,8,0.0,41.874667118793724,True,25.0,26,220.0,27.108787983722674,135.54393991861338,26.591505604112555,24.172099533112604,65.0,390,52,0.0009832659998210147,0.46153846153846156,"{'Growth Department': 52.0, 'Trading/Opportunity Team': 55.0, 'Compliance Department': -10.0, 'Operations Department': 15.803089974296526, 'Risk Department': 22.740849944316857}",53.5,-10.0,15.803089974296526,22.740849944316857,0.15,0.05,standard,,,
structured_debate,9,4.089111156237102,43.542888246862624,True,25.0,26,226.0,32.02060523061888,160.1030261530944,21.48087240227669,19.88543651549715,50.0,390,52,0.0009218829982273746,0.5,"{'Growth Department': 57.0, 'Trading/Opportunity Team': 54.0, 'Compliance Department': 7.0, 'Operations Department': 22.3584786673237, 'Risk Department': 19.744547485770696}",55.5,7.0,22.3584786673237,19.744547485770696,0.15,0.05,standard,,,
independent,0,1.8315492803507958,39.52277958807999,True,11.0,12,112.0,9.293817410518704,46.46908705259352,17.675133083832453,16.047884166972885,44.0,0,0,0.0004033130026073195,0.0,"{'Growth Department': 28.0, 'Trading/Opportunity Team': 25.0, 'Compliance Department': -16.0, 'Operations Department': 2.5304182260471624, 'Risk Department': 6.938668826546362}",26.5,-16.0,2.5304182260471624,6.938668826546362,0.15,0.1,standard,,,
independent,1,3.738579158520947,42.05683032151957,True,18.0,19,183.0,23.812860864870594,119.06430432435297,20.799401405458855,19.036194060136033,48.0,0,0,0.0005105290001665708,0.0,"{'Growth Department': 47.0, 'Trading/Opportunity Team': 45.0, 'Compliance Department': -1.0, 'Operations Department': 11.003741215882126, 'Risk Department': 17.060563108470845}",46.0,-1.0,11.003741215882126,17.060563108470845,0.15,0.1,standard,,,
independent,2,0.0,42.59308786316544,True,24.0,25,243.0,36.60587887210723,183.02939436053617,24.243121812154467,23.068827072983424,55.0,0,0,0.0006277800021052826,0.0,"{'Growth Department': 62.0, 'Trading/Opportunity Team': 67.0, 'Compliance Department': 12.0, 'Operations Department': 20.48048867403459, 'Risk Department': 21.548905686501605}",64.5,12.0,20.48048867403459,21.548905686501605,0.15,0.1,standard,,,
independent,3,3.6456398863976816,42.16337722772155,True,23.0,24,230.0,31.892868021540703,159.46434010770352,25.632560304745688,23.78976334764037,60.0,0,0,0.0006032410019543022,0.0,"{'Growth Department': 62.0, 'Trading/Opportunity Team': 58.0, 'Compliance Department': 2.0, 'Operations Department': 19.667842012364062, 'Risk Department': 17.796498095339437}",60.0,2.0,19.667842012364062,17.796498095339437,0.15,0.1,standard,,,
independent,4,1.525629807657264,35.34501272989752,True,16.0,17,155.0,14.70643991482936,73.5321995741468,23.91888751709103,21.510971087261158,59.0,0,0,0.0004774789995281026,0.0,"{'Growth Department': 35.0, 'Trading/Opportunity Team': 40.0, 'Compliance Department': -19.0, 'Operations Department': 3.5069530181810604, 'Risk Department': 14.02524655596574}",37.5,-19.0,3.5069530181810604,14.02524655596574,0.15,0.1,standard,,,
independent,5,1.4342604765128684,45.42537754655229,True,13.0,14,140.0,17.468536183184668,87.34268091592334,15.99564193038962,14.665318972083496,37.0,0,0,0.0003756320002139546,0.0,"{'Growth Department': 35.0, 'Trading/Opportunity Team': 34.0, 'Compliance Department': -2.0, 'Operations Department': 12.315442980858448, 'Risk Department': 8.027237935064884}",34.5,-2.0,12.315442980858448,8.027237935064884,0.15,0.1,standard,,,
independent,6,4.131155980199059,40.280896285694965,True,25.0,26,248.0,34.52252434251855,172.61262171259276,30.290528273924956,28.386138724208074,67.0,0,0,0.0005575120012508705,0.0,"{'Growth Department': 68.0, 'Trading/Opportunity Team': 69.0, 'Compliance Department': 2.0, 'Operations Department': 12.684198287969043, 'Risk Department': 20.928423424623702}",68.5,2.0,12.684198287969043,20.928423424623702,0.15,0.1,standard,,,
independent,7,0.3829635959888975,46.060614100230275,True,14.0,15,143.0,16.82159526690669,84.10797633453345,17.74394926998181,16.304224471742604,43.0,0,0,0.0003819779994955752,0.0,"{'Growth Department': 37.0, 'Trading/Opportunity Team': 34.0, 'Compliance Department': -6.0, 'Operations Department': 9.100317062613676, 'Risk Department': 10.007659271919776}",35.5,-6.0,9.100317062613676,10.007659271919776,0.15,0.1,standard,,,
independent,8,4.093206444624258,41.41644575879899,True,18.0,19,184.0,23.205473003048642,116.0273650152432,22.88741196482445,20.76091870609629,55.0,0,0,0.0004619770006684121,0.0,"{'Growth Department': 45.0, 'Trading/Opportunity Team': 48.0, 'Compliance Department': -7.0, 'Operations Department': 11.95367521984717, 'Risk Department': 18.073689795396035}",46.5,-7.0,11.95367521984717,18.073689795396035,0.15,0.1,standard,,,
independent,9,0.18838612897268625,41.04747670294415,True,15.0,16,154.0,17.242662385050636,86.21331192525318,19.324512933346004,17.77259060547133,47.0,0,0,0.0004017200008092914,0.0,"{'Growth Department': 39.0, 'Trading/Opportunity Team': 36.0, 'Compliance Department': -8.0, 'Operations Department': 9.22179416658749, 'Risk Department': 9.991517758665701}",37.5,-8.0,9.22179416658749,9.991517758665701,0.15,0.1,standard,,,
voting,0,2.9662772164027142,43.35636319331509,True,7.0,8,100.0,11.207154449520475,56.035772247602374,4.309279359611089,4.0065932934395345,10.0,40,8,0.0003984750001109205,1.0,"{'Growth Department': 15.0, 'Trading/Opportunity Team': 15.0, 'Compliance Department': 5.0, 'Operations Department': 8.067004002430696, 'Risk Department': 12.96876824517168}",15.0,5.0,8.067004002430696,12.96876824517168,0.15,0.1,standard,,,
voting,1,4.027835151437436,36.09395475127913,True,18.0,19,180.0,19.293751667470048,96.46875833735024,14.65415525172638,14.210243919527242,35.0,95,19,0.0006069730006856844,1.0,"{'Growth Department': 31.0, 'Trading/Opportunity Team': 31.0, 'Compliance Department': -4.0, 'Operations Department': 9.41152967671012, 'Risk Department': 29.057228660640128}",31.0,-4.0,9.41152967671012,29.057228660640128,0.15,0.1,standard,,,
voting,2,2.5994334002570696,34.56540730388379,True,23.0,24,230.0,32.25546358741245,161.27731793706226,10.695442144014141,10.22269470289953,25.923256700044192,120,24,0.0007742749985482078,1.0,"{'Growth Department': 41.0, 'Trading/Opportunity Team': 41.0, 'Compliance Department': 26.0, 'Operations Department': 15.07674329995581, 'Risk Department': 38.20057463710647}",41.0,26.0,15.07674329995581,38.20057463710647,0.15,0.1,standard,,,
voting,3,0.0,34.76880680634005,True,35.0,36,295.0,40.75605867478501,203.78029337392505,16.081308923477327,15.397220058568346,37.75409038586665,180,36,0.001055165001162095,1.0,"{'Growth Department': 54.0, 'Trading/Opportunity Team': 54.0, 'Compliance Department': 29.0, 'Operations Department': 16.245909614133353, 'Risk Department': 50.534383759791695}",54.0,29.0,16.245909614133353,50.534383759791695,0.15,0.1,standard,,,
voting,4,1.854275815378105,31.48132726351466,True,15.0,16,145.0,13.365137104521006,66.82568552260503,12.974416206866822,12.51906364801854,30.0,80,16,0.0005992409969621804,1.0,"{'Growth Department': 24.0, 'Trading/Opportunity Team': 24.0, 'Compliance Department': -6.0, 'Operations Department': 2.9098987070823554, 'Risk Department': 21.91578681552268}",24.0,-6.0,2.9098987070823554,21.91578681552268,0.15,0.1,standard,,,
voting,5,0.0,40.04082375436709,True,11.0,12,135.0,16.235386131998947,81.17693065999474,6.67589318111289,6.3357841091044955,15.0,60,12,0.0004944409993186127,1.0,"{'Growth Department': 22.0, 'Trading/Opportunity Team': 22.0, 'Compliance Department': 7.0, 'Operations Department': 10.275667618044437, 'Risk Department': 19.9012630419503}",22.0,7.0,10.275667618044437,19.9012630419503,0.15,0.1,standard,,,
voting,6,4.577104388119929,34.8012758206185,True,31.0,32,275.0,38.74481400882574,193.72407004412872,13.799183362718056,13.218509386373277,33.122448008493926,160,32,0.0009151009980996605,1.0,"{'Growth Department': 50.0, 'Trading/Opportunity Team': 50.0, 'Compliance Department': 30.0, 'Operations Department': 16.877551991506074, 'Risk Department': 46.84651805262266}",50.0,30.0,16.877551991506074,46.84651805262266,0.15,0.1,standard,,,
voting,7,4.714748127050857,44.360017190657594,True,11.0,12,135.0,17.858274684930162,89.29137342465081,4.581163539805645,4.3141146693187915,10.0,60,12,0.000495803000376327,1.0,"{'Growth Department': 22.0, 'Trading/Opportunity Team': 22.0, 'Compliance Department': 12.0, 'Operations Department': 13.367727876214722, 'Risk Department': 19.923645548436088}",22.0,12.0,13.367727876214722,19.923645548436088,0.15,0.1,standard,,,
voting,8,0.874276641279689,32.07183738403445,True,19.0,20,175.0,18.528067145294706,92.64033572647354,13.64166738392688,13.300146474618522,30.0,100,20,0.0006750620013917796,1.0,"{'Growth Department': 30.0, 'Trading/Opportunity Team': 30.0, 'Compliance Department': 0.0, 'Operations Department': 4.739578850457002, 'Risk Department': 27.900756876016533}",30.0,0.0,4.739578850457002,27.900756876016533,0.15,0.1,standard,,,
voting,9,0.0,38.04099161552889,True,14.0,15,150.0,17.345562853120352,86.72781426560176,8.976680234011482,8.615042820544184,20.0,75,15,0.0005569759996433277,1.0,"{'Growth Department': 25.0, 'Trading/Opportunity Team': 25.0, 'Compliance Department': 5.0, 'Operations Department': 8.895748537428236, 'Risk Department': 22.832065728173536}",25.0,5.0,8.895748537428236,22.832065728173536,0.15,0.1,standard,,,
adaptive_voting,0,53.59169092322344,49.82475053223604,False,,100,585.0,108.46314786309681,542.315739315484,12.156115526673183,12.90082831808884,33.29146135719141,500,100,0.002948229001049185,1.0,"{'Growth Department': 117.0, 'Trading/Opportunity Team': 117.0, 'Compliance Department': 117.0, 'Operations Department': 83.70853864280859, 'Risk Department': 107.60720067267542}",117.0,117.0,83.70853864280859,107.60720067267542,0.15,0.1,standard,,,
adaptive_voting,1,0.9514018327780249,44.333667290226025,True,46.0,47,300.0,43.10736265833957,215.53681329169783,13.849447108960234,13.257256557891216,30.779522215500734,235,47,0.0013662530000146944,1.0,"{'Growth Department': 55.0, 'Trading/Opportunity Team': 55.0, 'Compliance Department': 30.0, 'Operations Department': 24.220477784499266, 'Risk Department': 51.31633550719855}",55.0,30.0,24.220477784499266,51.31633550719855,0.15,0.1,standard,,,
adaptive_voting,2,3.0479148708302475,47.9493882201826,True,48.0,49,345.0,52.74986937117749,263.74934685588744,12.2895476561692,11.76274721988226,25.90483642552875,245,49,0.0015006239991635084,1.0,"{'Growth Department': 64.0, 'Trading/Opportunity Team': 64.0, 'Compliance Department': 39.0, 'Operations Department': 38.09516357447125, 'Risk Department': 58.65418328141618}",64.0,39.0,38.09516357447125,58.65418328141618,0.15,0.1,standard,,,
adaptive_voting,3,57.291032204562555,63.776464218880854,False,,100,695.0,137.19868328038223,685.9934164019112,2.828404477169779,3.4372727728328125,8.67094438422231,500,100,0.0026575880001473706,1.0,"{'Growth Department': 139.0, 'Trading/Opportunity Team': 139.0, 'Compliance Department': 139.0, 'Operations Department': 138.6643607861335, 'Risk Department': 130.3290556157777}",139.0,139.0,138.6643607861335,130.3290556157777,0.15,0.1,standard,,,
adaptive_voting,4,45.11959449708782,58.56602856287191,False,,100,670.0,130.91636213668033,654.5818106834016,3.853450005453715,3.82484036172452,8.665873217487345,500,100,0.0031952649987943005,1.0,"{'Growth Department': 134.0, 'Trading/Opportunity Team': 134.0, 'Compliance Department': 134.0, 'Operations Department': 127.24768390088897, 'Risk Department': 125.33412678251266}",134.0,134.0,127.24768390088897,125.33412678251266,0.15,0.1,standard,,,
adaptive_voting,5,4.811617232550965,45.09607372561855,True,19.0,20,140.0,14.500168532178046,72.50084266089023,10.402756997569911,9.954310787192902,25.0,100,20,0.0006593220023205504,1.0,"{'Growth Department': 23.0, 'Trading/Opportunity Team': 23.0, 'Compliance Department': -2.0, 'Operations Department': 7.982768765188052, 'Risk Department': 20.518073895702177}",23.0,-2.0,7.982768765188052,20.518073895702177,0.15,0.1,standard,,,
adaptive_voting,6,2.5096468514424695,44.100711270815985,True,73.0,74,460.0,64.14032464369798,320.7016232184899,26.23393500468962,25.894245284808054,55.0,370,74,0.0020415720027813222,1.0,"{'Growth Department': 87.0, 'Trading/Opportunity Team': 87.0, 'Compliance Department': 32.0, 'Operations Department': 33.03790622068984, 'Risk Department': 81.66371699780001}",87.0,32.0,33.03790622068984,81.66371699780001,0.15,0.1,standard,,,
adaptive_voting,7,28.401028705026263,50.425882720759226,False,,100,630.0,117.28922406969221,586.446120348461,12.653203032019821,13.764451362778589,35.52863929858492,500,100,0.0026410499995108694,1.0,"{'Growth Department': 126.0, 'Trading/Opportunity Team': 126.0, 'Compliance Department': 126.0, 'Operations Department': 90.47136070141508, 'Risk Department': 117.97475964704596}",126.0,126.0,90.47136070141508,117.97475964704596,0.15,0.1,standard,,,
adaptive_voting,8,3.8988508161435718,51.285465503763184,True,76.0,77,525.0,84.94297259389462,424.71486296947313,17.417370070256492,16.374047379445873,40.0,385,77,0.002186138997785747,1.0,"{'Growth Department': 100.0, 'Trading/Opportunity Team': 100.0, 'Compliance Department': 60.0, 'Operations Department': 71.14143706089693, 'Risk Department': 93.57342590857623}",100.0,60.0,71.14143706089693,93.57342590857623,0.15,0.1,standard,,,
adaptive_voting,9,3.5965382407251667,38.375255202095566,True,22.0,23,170.0,18.06258838157333,90.31294190786666,13.149587876711884,12.651455824360475,30.0,115,23,0.0006478949981101323,1.0,"{'Growth Department': 29.0, 'Trading/Opportunity Team': 29.0, 'Compliance Department': -1.0, 'Operations Department': 6.815075770550713, 'Risk Department': 26.497866137315945}",29.0,-1.0,6.815075770550713,26.497866137315945,0.15,0.1,standard,,,
centralized_profit,0,3.0786151252452214,38.106671124299126,True,12.0,13,116.0,9.752166108605428,48.76083054302714,17.632444736066738,15.97576520002897,43.0,78,13,0.0004768840008182451,0.23076923076923078,"{'Growth Department': 28.0, 'Trading/Opportunity Team': 26.0, 'Compliance Department': -15.0, 'Operations Department': 1.7972203995828844, 'Risk Department': 7.963610143444254}",27.0,-15.0,1.7972203995828844,7.963610143444254,0.15,0.1,standard,0.0,Growth Department,profit
centralized_profit,1,0.0,41.293752202157584,True,22.0,23,201.0,26.75765390781904,133.7882695390952,20.49538955677538,18.65909250410984,47.0,138,23,0.0007206750015029684,0.391304347826087,"{'Growth Department': 50.0, 'Trading/Opportunity Team': 47.0, 'Compliance Department': 3.0, 'Operations Department': 12.903815270153867, 'Risk Department': 20.884454268941354}",48.5,3.0,12.903815270153867,20.884454268941354,0.15,0.1,standard,0.0,Growth Department,profit
centralized_profit,2,4.361409754064287,46.690461347024865,True,25.0,26,238.0,37.3385294397632,186.692647198816,20.216813699780428,19.495395164178852,44.0,156,26,0.0007876730014686473,0.3076923076923077,"{'Growth Department': 61.0, 'Trading/Opportunity Team': 61.0, 'Compliance Department': 17.0, 'Operations Department': 25.047732822443653, 'Risk Department': 22.64491437637233}",61.0,17.0,25.047732822443653,22.64491437637233,0.15,0.1,standard,0.0,Growth Department,profit
centralized_profit,3,3.534506627738205,40.170087522240344,True,28.0,29,259.0,34.37254180569225,171.86270902846124,29.413687523998405,27.036472968329363,70.0,174,29,0.0008527440004399978,0.3448275862068966,"{'Growth Department': 67.0, 'Trading/Opportunity Team': 64.0, 'Compliance Department': -3.0, 'Operations Department': 20.164452975009965, 'Risk Department': 23.69825605345127}",65.5,-3.0,20.164452975009965,23.69825605345127,0.15,0.1,standard,0.0,Growth Department,profit
centralized_profit,4,1.499912391827495,36.92865320058392,True,27.0,28,229.0,30.939341485580446,154.69670742790223,23.925800315864226,22.27141547705822,50.76812598707571,168,28,0.0008566119977331255,0.6428571428571429,"{'Growth Department': 57.0, 'Trading/Opportunity Team': 57.0, 'Compliance Department': 9.0, 'Operations Department': 6.231874012924287, 'Risk Department': 25.464833414977925}",57.0,9.0,6.231874012924287,25.464833414977925,0.15,0.1,standard,0.0,Growth Department,profit
centralized_profit,5,4.088860089774434,45.93954562601117,True,13.0,14,138.0,17.165534818986803,85.82767409493401,15.50714721162718,14.166923356555653,36.0,84,14,0.00044546199933392927,0.07142857142857142,"{'Growth Department': 34.0, 'Trading/Opportunity Team': 33.0, 'Compliance Department': -2.0, 'Operations Department': 12.7473441676039, 'Risk Department': 8.080329927330116}",33.5,-2.0,12.7473441676039,8.080329927330116,0.15,0.1,standard,0.0,Growth Department,profit
centralized_profit,6,2.1142900214703175,41.64617067329142,True,32.0,33,293.0,43.09083823575469,215.45419117877344,29.89908658200571,28.237868991754816,66.0,198,33,0.0008493089990224689,0.3939393939393939,"{'Growth Department': 77.0, 'Trading/Opportunity Team': 77.0, 'Compliance Department': 11.0, 'Operations Department': 22.130708862464314, 'Risk Department': 28.32348231630914}",77.0,11.0,22.130708862464314,28.32348231630914,0.15,0.1,standard,0.0,Growth Department,profit
centralized_profit,7,4.5648781117377695,47.61965266099512,True,14.0,15,140.0,16.436958048461555,82.18479024230777,16.477273291526572,15.199945933882155,40.0,90,15,0.0004439369986357633,0.13333333333333333,"{'Growth Department': 34.0, 'Trading/Opportunity Team': 33.0, 'Compliance Department': -6.0, 'Operations Department': 11.16774831434886, 'Risk Department': 10.017041927958921}",33.5,-6.0,11.16774831434886,10.017041927958921,0.15,0.1,standard,0.0,Growth Department,profit
centralized_profit,8,1.7375927687752366,41.463032832738264,True,21.0,22,194.0,26.870920201961514,134.35460100980757,19.124779136955066,17.80260970314691,42.0,132,22,0.0006055489975551609,0.45454545454545453,"{'Growth Department': 48.0, 'Trading/Opportunity Team': 48.0, 'Compliance Department': 6.0, 'Operations Department': 12.47013039403084, 'Risk Department': 19.884470615776735}",48.0,6.0,12.47013039403084,19.884470615776735,0.15,0.1,standard,0.0,Growth Department,profit
centralized_profit,9,1.8854007497696639,41.01171659381951,True,16.0,17,158.0,19.933147643297616,99.66573821648808,15.89629320680688,15.012142591048637,36.0,102,17,0.0004967120003129821,0.29411764705882354,"{'Growth Department': 39.0, 'Trading/Opportunity Team': 37.0, 'Compliance Department': 3.0, 'Operations Department': 9.648167457457003, 'Risk Department': 11.01757075903108}",38.0,3.0,9.648167457457003,11.01757075903108,0.15,0.1,standard,0.0,Growth Department,profit
centralized_sustainability,0,56.984243319570204,55.66048479640539,False,,100,567.0,107.81525187072316,539.0762593536158,9.85765127994036,10.025235690930629,20.68657985324306,600,100,0.0022851840003568213,0.99,"{'Growth Department': 116.0, 'Trading/Opportunity Team': 116.0, 'Compliance Department': 116.0, 'Operations Department': 95.76283920685887, 'Risk Department': 95.31342014675694}",116.0,116.0,95.76283920685887,95.31342014675694,0.15,0.1,standard,2.0,Compliance Department,sustainability
centralized_sustainability,1,55.6571505563405,63.97767515141394,False,,100,598.0,118.00447047676457,590.0223523838229,10.96807228428579,12.04390321612012,31.775225888393095,600,100,0.00228862799849594,0.98,"{'Growth Department': 126.0, 'Trading/Opportunity Team': 121.0, 'Compliance Department': 126.0, 'Operations Department': 122.79757827221589, 'Risk Department': 94.2247741116069}",123.5,126.0,122.79757827221589,94.2247741116069,0.15,0.1,standard,2.0,Compliance Department,sustainability
centralized_sustainability,2,3.1766699854849296,46.858285478688316,True,76.0,77,459.0,64.37498271544673,321.87491357723366,25.935466859114257,24.06758389005752,55.0,462,77,0.0017202050003106706,0.948051948051948,"{'Growth Department': 89.0, 'Trading/Opportunity Team': 91.0, 'Compliance Department': 36.0, 'Operations Department': 36.90333213053586, 'Risk Department': 68.97158144669778}",90.0,36.0,36.90333213053586,68.97158144669778,0.15,0.1,standard,2.0,Compliance Department,sustainability
centralized_sustainability,3,61.69532908506959,67.36396446791333,False,,100,657.0,129.830156224503,649.150781122515,14.831750040795205,17.391514148172853,44.849218877485015,600,100,0.002301936001458671,0.96,"{'Growth Department': 139.0, 'Trading/Opportunity Team': 139.0, 'Compliance Department': 140.0, 'Operations Department': 136.0, 'Risk Department': 95.15078112251499}",139.0,140.0,136.0,95.15078112251499,0.15,0.1,standard,2.0,Compliance Department,sustainability
centralized_sustainability,4,59.029424666738905,63.60817542780592,False,,100,637.0,125.83843579775085,629.1921789887542,13.804101720977165,15.78916339765846,40.46781474486151,600,100,0.0022391569982573856,0.95,"{'Growth Department': 135.0, 'Trading/Opportunity Team': 135.0, 'Compliance Department': 135.0, 'Operations Department': 129.65999373361575, 'Risk Department': 94.53218525513849}",135.0,135.0,129.65999373361575,94.53218525513849,0.15,0.1,standard,2.0,Compliance Department,sustainability
centralized_sustainability,5,67.41126868840675,54.74318128522631,False,,100,575.0,103.24551871233184,516.2275935616592,14.473626472822852,13.228128709507855,33.68775901680206,600,100,0.002249361001304351,0.99,"{'Growth Department': 118.0, 'Trading/Opportunity Team': 119.0, 'Compliance Department': 99.0, 'Operations Department': 85.31224098319794, 'Risk Department': 94.9153525784613}",118.5,99.0,85.31224098319794,94.9153525784613,0.15,0.1,standard,2.0,Compliance Department,sustainability
centralized_sustainability,6,66.84832897673412,62.382995514934684,False,,100,632.0,124.24953074710325,621.2476537355162,12.783313950222398,14.347381168145347,37.1433659244062,600,100,0.00234060200091335,0.97,"{'Growth Department': 133.0, 'Trading/Opportunity Team': 132.0, 'Compliance Department': 133.0, 'Operations Department': 127.3910196599224, 'Risk Department': 95.8566340755938}",132.5,133.0,127.3910196599224,95.8566340755938,0.15,0.1,standard,2.0,Compliance Department,sustainability
centralized_sustainability,7,61.521468321385186,59.92437584572356,False,,100,594.0,114.96638300939898,574.8319150469949,11.581138587419817,11.344886147461988,28.21403121836886,600,100,0.002370614998653764,0.97,"{'Growth Department': 123.0, 'Trading/Opportunity Team': 124.0, 'Compliance Department': 124.0, 'Operations Department': 108.04594626536387, 'Risk Department': 95.78596878163114}",123.5,124.0,108.04594626536387,95.78596878163114,0.15,0.1,standard,2.0,Compliance Department,sustainability
centralized_sustainability,8,59.53378990941087,60.256955865587095,False,,100,616.0,119.62936544268625,598.1468272134313,13.305330424724778,13.112876696896562,34.30514236796117,600,100,0.0026544270003796555,0.95,"{'Growth Department': 127.0, 'Trading/Opportunity Team': 130.0, 'Compliance Department': 130.0, 'Operations Department': 115.45196958139248, 'Risk Department': 95.69485763203883}",128.5,130.0,115.45196958139248,95.69485763203883,0.15,0.1,standard,2.0,Compliance Department,sustainability
centralized_sustainability,9,2.1835445219234817,46.02798984993227,True,38.0,39,228.0,30.099984416105407,150.49992208052703,11.697347628580319,10.838518143450933,25.0,234,39,0.001147897000919329,1.0,"{'Growth Department': 42.0, 'Trading/Opportunity Team': 41.0, 'Compliance Department': 17.0, 'Operations Department': 17.891577321373, 'Risk Department': 32.608344759154036}",41.5,17.0,17.891577321373,32.608344759154036,0.15,0.1,standard,2.0,Compliance Department,sustainability
centralized_risk_averse,0,61.312630613157495,61.30041433177484,False,,100,553.0,107.55460990386254,537.7730495193127,4.8099586088769115,4.55109025493122,10.83529082479346,600,100,0.0027052289988205303,0.96,"{'Growth Department': 113.0, 'Trading/Opportunity Team': 113.0, 'Compliance Department': 105.0, 'Operations Department': 102.16470917520654, 'Risk Department': 104.60834034410622}",113.0,105.0,102.16470917520654,104.60834034410622,0.15,0.1,standard,4.0,Risk Department,risk_averse
centralized_risk_averse,1,66.78046878084028,67.62866699424013,False,,100,540.0,106.58673112235456,532.9336556117728,2.9032430672882357,2.613561226498706,6.572634585275736,600,100,0.0026500970016059,0.96,"{'Growth Department': 110.0, 'Trading/Opportunity Team': 109.0, 'Compliance Department': 104.0, 'Operations Department': 106.50629019704851, 'Risk Department': 103.42736541472426}",109.5,104.0,106.50629019704851,103.42736541472426,0.15,0.1,standard,4.0,Risk Department,risk_averse
centralized_risk_averse,2,2.9897452657960955,52.39956803701514,True,72.0,73,410.0,58.47185860452028,292.3592930226014,23.364298556863368,22.60049081321967,51.0,438,73,0.001949238998349756,0.9726027397260274,"{'Growth Department': 78.0, 'Trading/Opportunity Team': 79.0, 'Compliance Department': 28.0, 'Operations Department': 33.97313401960393, 'Risk Department': 73.38615900299742}",78.5,28.0,33.97313401960393,73.38615900299742,0.15,0.1,standard,4.0,Risk Department,risk_averse
centralized_risk_averse,3,71.46399506819395,75.67386709038712,False,,100,533.0,105.40032202990258,527.0016101495129,2.719484752155868,2.4975609324850256,5.9983898504870865,600,100,0.0024534049989597406,0.98,"{'Growth Department': 108.0, 'Trading/Opportunity Team': 108.0, 'Compliance Department': 103.0, 'Operations Department': 106.0, 'Risk Department': 102.00161014951291}",108.0,103.0,106.0,102.00161014951291,0.15,0.1,standard,4.0,Risk Department,risk_averse
centralized_risk_averse,4,64.71833621949561,71.7639522593417,False,,100,541.0,106.92483363958081,534.624168197904,2.8402661766707116,2.621754772946898,6.375831802095973,600,100,0.002398022999841487,0.97,"{'Growth Department': 110.0, 'Trading/Opportunity Team': 110.0, 'Compliance Department': 105.0, 'Operations Department': 106.0, 'Risk Department': 103.62416819790403}",110.0,105.0,106.0,103.62416819790403,0.15,0.1,standard,4.0,Risk Department,risk_averse
centralized_risk_averse,5,72.03139923889948,65.54898629006689,False,,100,536.0,103.19131008650888,515.9565504325444,6.1752627049191915,5.749455600361819,15.551942338289336,600,100,0.0024202439999498893,0.97,"{'Growth Department': 109.0, 'Trading/Opportunity Team': 109.0, 'Compliance Department': 103.0, 'Operations Department': 93.44805766171066, 'Risk Department': 101.50849277083373}",109.0,103.0,93.44805766171066,101.50849277083373,0.15,0.1,standard,4.0,Risk Department,risk_averse
centralized_risk_averse,6,78.83478683742914,64.11008824843864,False,,100,564.0,109.46982745866353,547.3491372933177,6.841738354517815,6.123877308853955,15.880432357868173,600,100,0.0023610960015503224,0.95,"{'Growth Department': 117.0, 'Trading/Opportunity Team': 115.0, 'Compliance Department': 104.0, 'Operations Department': 101.11956764213183, 'Risk Department': 110.2295696511858}",116.0,104.0,101.11956764213183,110.2295696511858,0.15,0.1,standard,4.0,Risk Department,risk_averse
centralized_risk_averse,7,73.81655146491417,66.70650074997302,False,,100,543.0,106.84899771592055,534.2449885796027,2.9145724138311517,2.691448743405675,6.608038793222349,600,100,0.002280462002090644,0.97,"{'Growth Department': 110.0, 'Trading/Opportunity Team': 110.0, 'Compliance Department': 105.0, 'Operations Department': 105.85302737282504, 'Risk Department': 103.39196120677765}",110.0,105.0,105.85302737282504,103.39196120677765,0.15,0.1,standard,4.0,Risk Department,risk_averse
centralized_risk_averse,8,70.3727262685772,68.13218163749112,False,,100,556.0,109.71280125232049,548.5640062616025,3.5897589981436067,3.267832228464727,8.0,600,100,0.0023538949972135015,0.96,"{'Growth Department': 113.0, 'Trading/Opportunity Team': 114.0, 'Compliance Department': 106.0, 'Operations Department': 109.0, 'Risk Department': 106.56400626160246}",113.5,106.0,109.0,106.56400626160246,0.15,0.1,standard,4.0,Risk Department,risk_averse
centralized_risk_averse,9,3.82322095528027,50.25601881605028,True,41.0,42,231.0,27.618264970002702,138.0913248500135,17.853523778833672,17.20724451961708,43.0,252,42,0.0010211659973720089,0.9761904761904762,"{'Growth Department': 42.0, 'Trading/Opportunity Team': 42.0, 'Compliance Department': -1.0, 'Operations Department': 16.415476382289526, 'Risk Department': 38.675848467723974}",42.0,-1.0,16.415476382289526,38.675848467723974,0.15,0.1,standard,4.0,Risk Department,risk_averse
structured_debate,0,2.0327375397532528,38.81896316948297,True,12.0,13,117.0,10.03510015731214,50.1755007865607,17.882750688827795,16.165120613253993,44.0,195,26,0.0006262709975999314,0.15384615384615385,"{'Growth Department': 29.0, 'Trading/Opportunity Team': 26.0, 'Compliance Department': -15.0, 'Operations Department': 2.2328081948262817, 'Risk Department': 7.942692591734412}",27.5,-15.0,2.2328081948262817,7.942692591734412,0.15,0.1,standard,,,
structured_debate,1,3.520119740944045,43.085372703793645,True,23.0,24,206.0,27.121395920976617,135.6069796048831,21.944231874208164,20.027074621453313,53.0,360,48,0.0009678229980636388,0.375,"{'Growth Department': 52.0, 'Trading/Opportunity Team': 48.0, 'Compliance Department': -1.0, 'Operations Department': 16.84855078619898, 'Risk Department': 19.758428818684116}",50.0,-1.0,16.84855078619898,19.758428818684116,0.15,0.1,standard,,,
structured_debate,2,0.0,49.40054143362186,True,32.0,33,279.0,44.943837831967215,224.71918915983608,20.183130589416447,18.605624775758795,45.0,495,66,0.0013092359986330848,0.6363636363636364,"{'Growth Department': 64.0, 'Trading/Opportunity Team': 70.0, 'Compliance Department': 25.0, 'Operations Department': 37.86375534368886, 'Risk Department': 27.85543381614721}",67.0,25.0,37.86375534368886,27.85543381614721,0.15,0.1,standard,,,
structured_debate,3,1.1672590139609653,47.95785655267351,True,35.0,36,309.0,51.237890251877126,256.18945125938563,23.33506041820439,21.18487361973865,52.0,540,72,0.0013250740012153983,0.6111111111111112,"{'Growth Department': 79.0, 'Trading/Opportunity Team': 72.0, 'Compliance Department': 27.0, 'Operations Department': 48.03357887316304, 'Risk Department': 30.155872386222573}",75.5,27.0,48.03357887316304,30.155872386222573,0.15,0.1,standard,,,
structured_debate,4,3.117744537845308,37.13253394143744,True,19.0,20,178.0,22.12475668276283,110.62378341381414,21.178767918507653,19.457223625834484,47.0,300,40,0.0008437209980911575,0.2,"{'Growth Department': 44.0, 'Trading/Opportunity Team': 46.0, 'Compliance Department': -1.0, 'Operations Department': 5.632700509327176, 'Risk Department': 15.99108290448696}",45.0,-1.0,5.632700509327176,15.99108290448696,0.15,0.1,standard,,,
structured_debate,5,0.9595418503603632,48.643161565621526,True,14.0,15,138.0,18.341327888945123,91.70663944472561,12.972185389572422,11.97145709134367,29.0,225,30,0.0005958000001555774,0.4,"{'Growth Department': 33.0, 'Trading/Opportunity Team': 32.0, 'Compliance Department': 4.0, 'Operations Department': 13.782798129553242, 'Risk Department': 8.923841315172366}",32.5,4.0,13.782798129553242,8.923841315172366,0.15,0.1,standard,,,
structured_debate,6,4.490220190633222,50.14035780791417,True,37.0,38,322.0,51.630149217813354,258.1507460890668,26.057808418802423,23.664186205921972,59.0,570,76,0.0013847789996361826,0.631578947368421,"{'Growth Department': 78.0, 'Trading/Opportunity Team': 79.0, 'Compliance Department': 20.0, 'Operations Department': 48.012048706581936, 'Risk Department': 33.13869738248484}",78.5,20.0,48.012048706581936,33.13869738248484,0.15,0.1,standard,,,
structured_debate,7,1.8024090278504712,47.62549045769058,True,15.0,16,145.0,18.25742213963565,91.28711069817825,15.034232291110879,13.904772211688384,36.0,240,32,0.0006611399985558819,0.3125,"{'Growth Department': 36.0, 'Trading/Opportunity Team': 33.0, 'Compliance Department': 0.0, 'Operations Department': 11.251062517621236, 'Risk Department': 11.03604818055701}",34.5,0.0,11.251062517621236,11.03604818055701,0.15,0.1,standard,,,
structured_debate,8,0.0,46.571890001785704,True,21.0,22,196.0,27.942705771648395,139.71352885824197,18.118396034094953,16.727861940640143,43.0,330,44,0.0008653539989609271,0.45454545454545453,"{'Growth Department': 46.0, 'Trading/Opportunity Team': 49.0, 'Compliance Department': 6.0, 'Operations Department': 19.95350407133544, 'Risk Department': 18.760024786906534}",47.5,6.0,19.95350407133544,18.760024786906534,0.15,0.1,standard,,,
structured_debate,9,0.0,42.792234523115944,True,17.0,18,163.0,20.18653219028112,100.93266095140561,17.135867018451318,15.77325559751055,41.0,270,36,0.0007348549988819286,0.3333333333333333,"{'Growth Department': 40.0, 'Trading/Opportunity Team': 37.0, 'Compliance Department': -1.0, 'Operations Department': 13.03182981672633, 'Risk Department': 11.900831134679272}",38.5,-1.0,13.03182981672633,11.900831134679272,0.15,0.1,standard,,,
